2026-09-05 03:32:15,967 [INFO] ============================================================
2026-09-05 03:32:15,967 [INFO] AUTONOMOUS EARNINGS SWARM - STARTING
2026-09-05 03:32:15,967 [INFO] ============================================================
2026-09-05 03:32:15,967 [INFO] Started at: 2026-09-05T03:32:15.967163
2026-09-05 03:32:15,967 [INFO] ============================================================
2026-09-05 03:32:15,967 [INFO] AGENT 1: RESEARCH & IDEATION
2026-09-05 03:32:15,967 [INFO] ============================================================
2026-09-05 03:32:15,967 [INFO] Scanning GitHub trending repos...
2026-09-05 03:32:19,060 [INFO] Found 30 trending GitHub projects
2026-09-05 03:32:19,060 [INFO] Searching for trending topics...
2026-09-05 03:32:19,061 [INFO] Web trends found: 3
2026-09-05 03:32:19,061 [INFO] Found 3 web trends
2026-09-05 03:32:19,064 [INFO] Total ideas generated: 33
2026-09-05 03:32:19,064 [INFO] Backlog saved to data\backlog.json
2026-09-05 03:32:19,064 [INFO] ============================================================
2026-09-05 03:32:19,064 [INFO] AGENT 2: CONTENT PRODUCTION
2026-09-05 03:32:19,064 [INFO] ============================================================
2026-09-05 03:32:19,064 [INFO] Processing idea: openclaw
2026-09-05 03:32:19,064 [INFO]   - Script: This openclaw Project is INSANE
2026-09-05 03:32:19,064 [INFO]   - Voiceover: audio/openclaw_showcase_voiceover.mp3
2026-09-05 03:32:19,064 [INFO]   - Thumbnail: YouTube thumbnail, This openclaw Project is INSANE, GitHub logo, code screenshot, computer screen, vibrant colors, bold typography, high contrast, 1280x720, professional quality
2026-09-05 03:32:19,064 [INFO]   - Script: How to Use openclaw (Complete Tutorial)
2026-09-05 03:32:19,064 [INFO]   - Voiceover: audio/openclaw_tutorial_voiceover.mp3
2026-09-05 03:32:19,064 [INFO]   - Thumbnail: YouTube thumbnail, How to Use openclaw (Complete Tutorial), Step-by-step graphics, checkmarks, progress bar, vibrant colors, bold typography, high contrast, 1280x720, professional quality
2026-09-05 03:32:19,064 [INFO] Created 2 content pieces
2026-09-05 03:32:19,064 [INFO] Processing idea: superpowers
2026-09-05 03:32:19,064 [INFO]   - Script: This superpowers Project is INSANE
2026-09-05 03:32:19,066 [INFO]   - Voiceover: audio/superpowers_showcase_voiceover.mp3
2026-09-05 03:32:19,066 [INFO]   - Thumbnail: YouTube thumbnail, This superpowers Project is INSANE, GitHub logo, code screenshot, computer screen, vibrant colors, bold typography, high contrast, 1280x720, professional quality
2026-09-05 03:32:19,066 [INFO]   - Script: How to Use superpowers (Complete Tutorial)
2026-09-05 03:32:19,066 [INFO]   - Voiceover: audio/superpowers_tutorial_voiceover.mp3
2026-09-05 03:32:19,066 [INFO]   - Thumbnail: YouTube thumbnail, How to Use superpowers (Complete Tutorial), Step-by-step graphics, checkmarks, progress bar, vibrant colors, bold typography, high contrast, 1280x720, professional quality
2026-09-05 03:32:19,066 [INFO] Created 2 content pieces
2026-09-05 03:32:19,066 [INFO] Processing idea: hermes-agent
2026-09-05 03:32:19,066 [INFO]   - Script: This hermes-agent Project is INSANE
2026-09-05 03:32:19,066 [INFO]   - Voiceover: audio/hermes-agent_showcase_voiceover.mp3
2026-09-05 03:32:19,066 [INFO]   - Thumbnail: YouTube thumbnail, This hermes-agent Project is INSANE, GitHub logo, code screenshot, computer screen, vibrant colors, bold typography, high contrast, 1280x720, professional quality
2026-09-05 03:32:19,066 [INFO]   - Script: How to Use hermes-agent (Complete Tutorial)
2026-09-05 03:32:19,066 [INFO]   - Voiceover: audio/hermes-agent_tutorial_voiceover.mp3
2026-09-05 03:32:19,066 [INFO]   - Thumbnail: YouTube thumbnail, How to Use hermes-agent (Complete Tutorial), Step-by-step graphics, checkmarks, progress bar, vibrant colors, bold typography, high contrast, 1280x720, professional quality
2026-09-05 03:32:19,066 [INFO] Created 2 content pieces
2026-09-05 03:32:19,068 [INFO] Total productions: 6
2026-09-05 03:32:19,068 [INFO] ============================================================
2026-09-05 03:32:19,068 [INFO] AGENT 4: PRODUCT CREATION
2026-09-05 03:32:19,068 [INFO] ============================================================
2026-09-05 03:32:19,068 [INFO] Creating product from: openclaw
2026-09-05 03:32:19,069 [INFO]   Product: openclaw - Production-Ready Template
2026-09-05 03:32:19,069 [INFO]   Platform: Gumroad
2026-09-05 03:32:19,069 [INFO] Creating product from: superpowers
2026-09-05 03:32:19,070 [INFO]   Product: superpowers - Production-Ready Template
2026-09-05 03:32:19,070 [INFO]   Platform: Gumroad
2026-09-05 03:32:19,072 [INFO] Created 2 products
2026-09-05 03:32:19,072 [INFO] ============================================================
2026-09-05 03:32:19,072 [INFO] AGENT 3: PUBLISHING
2026-09-05 03:32:19,072 [INFO] ============================================================
2026-09-05 03:32:19,083 [INFO] Publishing: This openclaw Project is INSANE
2026-09-05 03:32:19,083 [INFO]   No YouTube API key configured - skipping upload
2026-09-05 03:32:19,084 [INFO]   Saved post: website_content\posts\openclaw_showcase.md
2026-09-05 03:32:19,084 [INFO]   YouTube: skipped_no_api_key
2026-09-05 03:32:19,084 [INFO]   Website: ready_to_push
2026-09-05 03:32:19,084 [INFO] Publishing: How to Use openclaw (Complete Tutorial)
2026-09-05 03:32:19,084 [INFO]   No YouTube API key configured - skipping upload
2026-09-05 03:32:19,085 [INFO]   Saved post: website_content\posts\openclaw_tutorial.md
2026-09-05 03:32:19,085 [INFO]   YouTube: skipped_no_api_key
2026-09-05 03:32:19,085 [INFO]   Website: ready_to_push
2026-09-05 03:32:19,085 [INFO] Publishing: This superpowers Project is INSANE
2026-09-05 03:32:19,085 [INFO]   No YouTube API key configured - skipping upload
2026-09-05 03:32:19,086 [INFO]   Saved post: website_content\posts\superpowers_showcase.md
2026-09-05 03:32:19,086 [INFO]   YouTube: skipped_no_api_key
2026-09-05 03:32:19,086 [INFO]   Website: ready_to_push
2026-09-05 03:32:19,086 [INFO] Publishing: How to Use superpowers (Complete Tutorial)
2026-09-05 03:32:19,086 [INFO]   No YouTube API key configured - skipping upload
2026-09-05 03:32:19,087 [INFO]   Saved post: website_content\posts\superpowers_tutorial.md
2026-09-05 03:32:19,087 [INFO]   YouTube: skipped_no_api_key
2026-09-05 03:32:19,087 [INFO]   Website: ready_to_push
2026-09-05 03:32:19,087 [INFO] Publishing: This hermes-agent Project is INSANE
2026-09-05 03:32:19,087 [INFO]   No YouTube API key configured - skipping upload
2026-09-05 03:32:19,088 [INFO]   Saved post: website_content\posts\hermes-agent_showcase.md
2026-09-05 03:32:19,088 [INFO]   YouTube: skipped_no_api_key
2026-09-05 03:32:19,088 [INFO]   Website: ready_to_push
2026-09-05 03:32:19,088 [INFO] Publishing: How to Use hermes-agent (Complete Tutorial)
2026-09-05 03:32:19,089 [INFO]   No YouTube API key configured - skipping upload
2026-09-05 03:32:19,089 [INFO]   Saved post: website_content\posts\hermes-agent_tutorial.md
2026-09-05 03:32:19,089 [INFO]   YouTube: skipped_no_api_key
2026-09-05 03:32:19,089 [INFO]   Website: ready_to_push
2026-09-05 03:32:19,091 [INFO] Published 6 pieces
2026-09-05 03:32:19,091 [INFO] ============================================================
2026-09-05 03:32:19,091 [INFO] AGENT 5: FINANCE TRACKING
2026-09-05 03:32:19,091 [INFO] ============================================================
2026-09-05 03:32:19,091 [INFO] Tracking revenue across platforms...
2026-09-05 03:32:19,091 [INFO]   YouTube AdSense: $0.00 (0 views)
2026-09-05 03:32:19,091 [INFO]   Gumroad Sales: $0.00 (0 sales)
2026-09-05 03:32:19,091 [INFO]   Affiliate: $0.00 (0 conversions)
2026-09-05 03:32:19,091 [INFO] Threshold check: $0.00 / $100.00 (need $100.00 more)
2026-09-05 03:32:19,091 [INFO] Total earnings tracked: $0.00
2026-09-05 03:32:19,092 [INFO] Goal: $10,000
2026-09-05 03:32:19,092 [INFO] Progress: 0.0%
2026-09-05 03:32:19,092 [INFO] ============================================================
2026-09-05 03:32:19,092 [INFO] SWARM RUN COMPLETE
2026-09-05 03:32:19,092 [INFO] ============================================================
2026-09-05 03:32:19,092 [INFO] Finished at: 2026-09-05T03:32:19.092742
2026-09-05 05:06:24,333 [INFO] ============================================================
2026-09-05 05:06:24,333 [INFO] AUTONOMOUS EARNINGS SWARM - STARTING
2026-09-05 05:06:24,333 [INFO] ============================================================
2026-09-05 05:06:24,333 [INFO] Started at: 2026-09-05T05:06:24.333129
2026-09-05 05:06:24,333 [INFO] ============================================================
2026-09-05 05:06:24,333 [INFO] AGENT 1: RESEARCH & IDEATION
2026-09-05 05:06:24,333 [INFO] ============================================================
2026-09-05 05:06:24,333 [INFO] Scanning GitHub trending repos...
2026-09-05 05:06:29,297 [INFO] Found 30 trending GitHub projects
2026-09-05 05:06:29,297 [INFO] Searching for trending topics...
2026-09-05 05:06:29,297 [INFO] Web trends found: 3
2026-09-05 05:06:29,297 [INFO] Found 3 web trends
2026-09-05 05:06:29,307 [INFO] Total ideas generated: 33
2026-09-05 05:06:29,307 [INFO] Backlog saved to data\backlog.json
2026-09-05 05:06:29,307 [INFO] ============================================================
2026-09-05 05:06:29,307 [INFO] AGENT 2: CONTENT PRODUCTION
2026-09-05 05:06:29,307 [INFO] ============================================================
2026-09-05 05:06:29,307 [INFO] Processing idea: openclaw
2026-09-05 05:06:29,307 [INFO]   - Script: This openclaw Project is INSANE
2026-09-05 05:06:29,307 [INFO]   - Voiceover: audio/openclaw_showcase_voiceover.mp3
2026-09-05 05:06:29,307 [INFO]   - Thumbnail: YouTube thumbnail, This openclaw Project is INSANE, GitHub logo, code screenshot, computer screen, vibrant colors, bold typography, high contrast, 1280x720, professional quality
2026-09-05 05:06:29,307 [INFO]   - Script: How to Use openclaw (Complete Tutorial)
2026-09-05 05:06:29,307 [INFO]   - Voiceover: audio/openclaw_tutorial_voiceover.mp3
2026-09-05 05:06:29,307 [INFO]   - Thumbnail: YouTube thumbnail, How to Use openclaw (Complete Tutorial), Step-by-step graphics, checkmarks, progress bar, vibrant colors, bold typography, high contrast, 1280x720, professional quality
2026-09-05 05:06:29,307 [INFO] Created 2 content pieces
2026-09-05 05:06:29,307 [INFO] Processing idea: superpowers
2026-09-05 05:06:29,307 [INFO]   - Script: This superpowers Project is INSANE
2026-09-05 05:06:29,307 [INFO]   - Voiceover: audio/superpowers_showcase_voiceover.mp3
2026-09-05 05:06:29,307 [INFO]   - Thumbnail: YouTube thumbnail, This superpowers Project is INSANE, GitHub logo, code screenshot, computer screen, vibrant colors, bold typography, high contrast, 1280x720, professional quality
2026-09-05 05:06:29,307 [INFO]   - Script: How to Use superpowers (Complete Tutorial)
2026-09-05 05:06:29,307 [INFO]   - Voiceover: audio/superpowers_tutorial_voiceover.mp3
2026-09-05 05:06:29,307 [INFO]   - Thumbnail: YouTube thumbnail, How to Use superpowers (Complete Tutorial), Step-by-step graphics, checkmarks, progress bar, vibrant colors, bold typography, high contrast, 1280x720, professional quality
2026-09-05 05:06:29,307 [INFO] Created 2 content pieces
2026-09-05 05:06:29,307 [INFO] Processing idea: hermes-agent
2026-09-05 05:06:29,307 [INFO]   - Script: This hermes-agent Project is INSANE
2026-09-05 05:06:29,307 [INFO]   - Voiceover: audio/hermes-agent_showcase_voiceover.mp3
2026-09-05 05:06:29,307 [INFO]   - Thumbnail: YouTube thumbnail, This hermes-agent Project is INSANE, GitHub logo, code screenshot, computer screen, vibrant colors, bold typography, high contrast, 1280x720, professional quality
2026-09-05 05:06:29,309 [INFO]   - Script: How to Use hermes-agent (Complete Tutorial)
2026-09-05 05:06:29,309 [INFO]   - Voiceover: audio/hermes-agent_tutorial_voiceover.mp3
2026-09-05 05:06:29,309 [INFO]   - Thumbnail: YouTube thumbnail, How to Use hermes-agent (Complete Tutorial), Step-by-step graphics, checkmarks, progress bar, vibrant colors, bold typography, high contrast, 1280x720, professional quality
2026-09-05 05:06:29,309 [INFO] Created 2 content pieces
2026-09-05 05:06:29,309 [INFO] Total productions: 6
2026-09-05 05:06:29,309 [INFO] ============================================================
2026-09-05 05:06:29,309 [INFO] AGENT 4: PRODUCT CREATION
2026-09-05 05:06:29,309 [INFO] ============================================================
2026-09-05 05:06:29,309 [INFO] Creating product from: openclaw
2026-09-05 05:06:29,312 [INFO]   Product: openclaw - Production-Ready Template
2026-09-05 05:06:29,312 [INFO]   Platform: Gumroad
2026-09-05 05:06:29,312 [INFO] Creating product from: superpowers
2026-09-05 05:06:29,314 [INFO]   Product: superpowers - Production-Ready Template
2026-09-05 05:06:29,314 [INFO]   Platform: Gumroad
2026-09-05 05:06:29,314 [INFO] Created 2 products
2026-09-05 05:06:29,314 [INFO] ============================================================
2026-09-05 05:06:29,314 [INFO] AGENT 3: PUBLISHING
2026-09-05 05:06:29,314 [INFO] ============================================================
2026-09-05 05:06:29,328 [INFO] Publishing: This openclaw Project is INSANE
2026-09-05 05:06:29,328 [INFO]   No YouTube API key configured - skipping upload
2026-09-05 05:06:29,332 [INFO]   Saved post: website_content\posts\openclaw_showcase.md
2026-09-05 05:06:29,332 [INFO]   YouTube: skipped_no_api_key
2026-09-05 05:06:29,332 [INFO]   Website: ready_to_push
2026-09-05 05:06:29,332 [INFO] Publishing: How to Use openclaw (Complete Tutorial)
2026-09-05 05:06:29,332 [INFO]   No YouTube API key configured - skipping upload
2026-09-05 05:06:29,334 [INFO]   Saved post: website_content\posts\openclaw_tutorial.md
2026-09-05 05:06:29,334 [INFO]   YouTube: skipped_no_api_key
2026-09-05 05:06:29,334 [INFO]   Website: ready_to_push
2026-09-05 05:06:29,334 [INFO] Publishing: This superpowers Project is INSANE
2026-09-05 05:06:29,334 [INFO]   No YouTube API key configured - skipping upload
2026-09-05 05:06:29,334 [INFO]   Saved post: website_content\posts\superpowers_showcase.md
2026-09-05 05:06:29,334 [INFO]   YouTube: skipped_no_api_key
2026-09-05 05:06:29,334 [INFO]   Website: ready_to_push
2026-09-05 05:06:29,334 [INFO] Publishing: How to Use superpowers (Complete Tutorial)
2026-09-05 05:06:29,334 [INFO]   No YouTube API key configured - skipping upload
2026-09-05 05:06:29,336 [INFO]   Saved post: website_content\posts\superpowers_tutorial.md
2026-09-05 05:06:29,336 [INFO]   YouTube: skipped_no_api_key
2026-09-05 05:06:29,336 [INFO]   Website: ready_to_push
2026-09-05 05:06:29,336 [INFO] Publishing: This hermes-agent Project is INSANE
2026-09-05 05:06:29,336 [INFO]   No YouTube API key configured - skipping upload
2026-09-05 05:06:29,336 [INFO]   Saved post: website_content\posts\hermes-agent_showcase.md
2026-09-05 05:06:29,336 [INFO]   YouTube: skipped_no_api_key
2026-09-05 05:06:29,336 [INFO]   Website: ready_to_push
2026-09-05 05:06:29,336 [INFO] Publishing: How to Use hermes-agent (Complete Tutorial)
2026-09-05 05:06:29,336 [INFO]   No YouTube API key configured - skipping upload
2026-09-05 05:06:29,336 [INFO]   Saved post: website_content\posts\hermes-agent_tutorial.md
2026-09-05 05:06:29,336 [INFO]   YouTube: skipped_no_api_key
2026-09-05 05:06:29,336 [INFO]   Website: ready_to_push
2026-09-05 05:06:29,336 [INFO] Published 6 pieces
2026-09-05 05:06:29,336 [INFO] ============================================================
2026-09-05 05:06:29,336 [INFO] AGENT 5: FINANCE TRACKING
2026-09-05 05:06:29,336 [INFO] ============================================================
2026-09-05 05:06:29,336 [INFO] Tracking revenue across platforms...
2026-09-05 05:06:29,336 [INFO]   YouTube AdSense: $0.00 (0 views)
2026-09-05 05:06:29,336 [INFO]   Gumroad Sales: $0.00 (0 sales)
2026-09-05 05:06:29,336 [INFO]   Affiliate: $0.00 (0 conversions)
2026-09-05 05:06:29,336 [INFO] Threshold check: $0.00 / $100.00 (need $100.00 more)
2026-09-05 05:06:29,343 [INFO] Total earnings tracked: $0.00
2026-09-05 05:06:29,343 [INFO] Goal: $10,000
2026-09-05 05:06:29,343 [INFO] Progress: 0.0%
2026-09-05 05:06:29,344 [INFO] ============================================================
2026-09-05 05:06:29,344 [INFO] SWARM RUN COMPLETE
2026-09-05 05:06:29,344 [INFO] ============================================================
2026-09-05 05:06:29,344 [INFO] Finished at: 2026-09-05T05:06:29.344747
2026-09-05 01:46:05,104 [INFO] ============================================================
2026-09-05 01:46:05,104 [INFO] AUTONOMOUS EARNINGS SWARM - STARTING
2026-09-05 01:46:05,104 [INFO] ============================================================
2026-09-05 01:46:05,104 [INFO] Started at: 2026-09-05T01:46:05.104431
2026-09-05 01:46:05,104 [INFO] ============================================================
2026-09-05 01:46:05,104 [INFO] AGENT 1: RESEARCH & IDEATION
2026-09-05 01:46:05,104 [INFO] ============================================================
2026-09-05 01:46:05,104 [INFO] Scanning GitHub trending repos...
2026-09-05 01:46:06,392 [INFO] Found 30 trending GitHub projects
2026-09-05 01:46:06,392 [INFO] Searching for trending topics...
2026-09-05 01:46:06,392 [INFO] Web trends found: 3
2026-09-05 01:46:06,392 [INFO] Found 3 web trends
2026-09-05 01:46:06,394 [INFO] Total ideas generated: 33
2026-09-05 01:46:06,394 [INFO] Backlog saved to data/backlog.json
2026-09-05 01:46:06,394 [INFO] ============================================================
2026-09-05 01:46:06,394 [INFO] AGENT 2: CONTENT PRODUCTION
2026-09-05 01:46:06,394 [INFO] ============================================================
2026-09-05 01:46:06,394 [INFO] Processing idea: openclaw
2026-09-05 01:46:06,394 [INFO]   - Script: This openclaw Project is INSANE
2026-09-05 01:46:06,395 [INFO]   - Voiceover: audio/openclaw_showcase_voiceover.mp3
2026-09-05 01:46:06,395 [INFO]   - Thumbnail: YouTube thumbnail, This openclaw Project is INSANE, GitHub logo, code screenshot, computer screen, vibrant colors, bold typography, high contrast, 1280x720, professional quality
2026-09-05 01:46:06,395 [INFO]   - Script: How to Use openclaw (Complete Tutorial)
2026-09-05 01:46:06,395 [INFO]   - Voiceover: audio/openclaw_tutorial_voiceover.mp3
2026-09-05 01:46:06,395 [INFO]   - Thumbnail: YouTube thumbnail, How to Use openclaw (Complete Tutorial), Step-by-step graphics, checkmarks, progress bar, vibrant colors, bold typography, high contrast, 1280x720, professional quality
2026-09-05 01:46:06,395 [INFO] Created 2 content pieces
2026-09-05 01:46:06,395 [INFO] Processing idea: superpowers
2026-09-05 01:46:06,395 [INFO]   - Script: This superpowers Project is INSANE
2026-09-05 01:46:06,395 [INFO]   - Voiceover: audio/superpowers_showcase_voiceover.mp3
2026-09-05 01:46:06,395 [INFO]   - Thumbnail: YouTube thumbnail, This superpowers Project is INSANE, GitHub logo, code screenshot, computer screen, vibrant colors, bold typography, high contrast, 1280x720, professional quality
2026-09-05 01:46:06,395 [INFO]   - Script: How to Use superpowers (Complete Tutorial)
2026-09-05 01:46:06,395 [INFO]   - Voiceover: audio/superpowers_tutorial_voiceover.mp3
2026-09-05 01:46:06,395 [INFO]   - Thumbnail: YouTube thumbnail, How to Use superpowers (Complete Tutorial), Step-by-step graphics, checkmarks, progress bar, vibrant colors, bold typography, high contrast, 1280x720, professional quality
2026-09-05 01:46:06,395 [INFO] Created 2 content pieces
2026-09-05 01:46:06,395 [INFO] Processing idea: hermes-agent
2026-09-05 01:46:06,395 [INFO]   - Script: This hermes-agent Project is INSANE
2026-09-05 01:46:06,395 [INFO]   - Voiceover: audio/hermes-agent_showcase_voiceover.mp3
2026-09-05 01:46:06,395 [INFO]   - Thumbnail: YouTube thumbnail, This hermes-agent Project is INSANE, GitHub logo, code screenshot, computer screen, vibrant colors, bold typography, high contrast, 1280x720, professional quality
2026-09-05 01:46:06,395 [INFO]   - Script: How to Use hermes-agent (Complete Tutorial)
2026-09-05 01:46:06,395 [INFO]   - Voiceover: audio/hermes-agent_tutorial_voiceover.mp3
2026-09-05 01:46:06,396 [INFO]   - Thumbnail: YouTube thumbnail, How to Use hermes-agent (Complete Tutorial), Step-by-step graphics, checkmarks, progress bar, vibrant colors, bold typography, high contrast, 1280x720, professional quality
2026-09-05 01:46:06,396 [INFO] Created 2 content pieces
2026-09-05 01:46:06,396 [INFO] Total productions: 6
2026-09-05 01:46:06,396 [INFO] ============================================================
2026-09-05 01:46:06,396 [INFO] AGENT 4: PRODUCT CREATION
2026-09-05 01:46:06,396 [INFO] ============================================================
2026-09-05 01:46:06,396 [INFO] Creating product from: openclaw
2026-09-05 01:46:06,397 [INFO]   Product: openclaw - Production-Ready Template
2026-09-05 01:46:06,397 [INFO]   Platform: Gumroad
2026-09-05 01:46:06,397 [INFO] Creating product from: superpowers
2026-09-05 01:46:06,397 [INFO]   Product: superpowers - Production-Ready Template
2026-09-05 01:46:06,397 [INFO]   Platform: Gumroad
2026-09-05 01:46:06,397 [INFO] Created 2 products
2026-09-05 01:46:06,397 [INFO] ============================================================
2026-09-05 01:46:06,398 [INFO] AGENT 3: PUBLISHING
2026-09-05 01:46:06,398 [INFO] ============================================================
2026-09-05 01:46:06,398 [INFO] Publishing: This openclaw Project is INSANE
2026-09-05 01:46:06,398 [INFO]   No YouTube API key configured - skipping upload
2026-09-05 01:46:06,398 [INFO]   Saved post: website_content/posts/openclaw_showcase.md
2026-09-05 01:46:06,398 [INFO]   YouTube: skipped_no_api_key
2026-09-05 01:46:06,398 [INFO]   Website: ready_to_push
2026-09-05 01:46:06,398 [INFO] Publishing: How to Use openclaw (Complete Tutorial)
2026-09-05 01:46:06,398 [INFO]   No YouTube API key configured - skipping upload
2026-09-05 01:46:06,399 [INFO]   Saved post: website_content/posts/openclaw_tutorial.md
2026-09-05 01:46:06,399 [INFO]   YouTube: skipped_no_api_key
2026-09-05 01:46:06,399 [INFO]   Website: ready_to_push
2026-09-05 01:46:06,399 [INFO] Publishing: This superpowers Project is INSANE
2026-09-05 01:46:06,399 [INFO]   No YouTube API key configured - skipping upload
2026-09-05 01:46:06,399 [INFO]   Saved post: website_content/posts/superpowers_showcase.md
2026-09-05 01:46:06,399 [INFO]   YouTube: skipped_no_api_key
2026-09-05 01:46:06,399 [INFO]   Website: ready_to_push
2026-09-05 01:46:06,399 [INFO] Publishing: How to Use superpowers (Complete Tutorial)
2026-09-05 01:46:06,399 [INFO]   No YouTube API key configured - skipping upload
2026-09-05 01:46:06,399 [INFO]   Saved post: website_content/posts/superpowers_tutorial.md
2026-09-05 01:46:06,399 [INFO]   YouTube: skipped_no_api_key
2026-09-05 01:46:06,399 [INFO]   Website: ready_to_push
2026-09-05 01:46:06,400 [INFO] Publishing: This hermes-agent Project is INSANE
2026-09-05 01:46:06,400 [INFO]   No YouTube API key configured - skipping upload
2026-09-05 01:46:06,400 [INFO]   Saved post: website_content/posts/hermes-agent_showcase.md
2026-09-05 01:46:06,400 [INFO]   YouTube: skipped_no_api_key
2026-09-05 01:46:06,400 [INFO]   Website: ready_to_push
2026-09-05 01:46:06,400 [INFO] Publishing: How to Use hermes-agent (Complete Tutorial)
2026-09-05 01:46:06,400 [INFO]   No YouTube API key configured - skipping upload
2026-09-05 01:46:06,400 [INFO]   Saved post: website_content/posts/hermes-agent_tutorial.md
2026-09-05 01:46:06,400 [INFO]   YouTube: skipped_no_api_key
2026-09-05 01:46:06,400 [INFO]   Website: ready_to_push
2026-09-05 01:46:06,401 [INFO] Published 6 pieces
2026-09-05 01:46:06,401 [INFO] ============================================================
2026-09-05 01:46:06,401 [INFO] AGENT 5: FINANCE TRACKING
2026-09-05 01:46:06,401 [INFO] ============================================================
2026-09-05 01:46:06,401 [INFO] Tracking revenue across platforms...
2026-09-05 01:46:06,401 [INFO]   YouTube AdSense: $0.00 (0 views)
2026-09-05 01:46:06,401 [INFO]   Gumroad Sales: $0.00 (0 sales)
2026-09-05 01:46:06,401 [INFO]   Affiliate: $0.00 (0 conversions)
2026-09-05 01:46:06,401 [INFO] Threshold check: $0.00 / $100.00 (need $100.00 more)
2026-09-05 01:46:06,401 [INFO] Total earnings tracked: $0.00
2026-09-05 01:46:06,401 [INFO] Goal: $10,000
2026-09-05 01:46:06,401 [INFO] Progress: 0.0%
2026-09-05 01:46:06,402 [INFO] ============================================================
2026-09-05 01:46:06,402 [INFO] SWARM RUN COMPLETE
2026-09-05 01:46:06,402 [INFO] ============================================================
2026-09-05 01:46:06,402 [INFO] Finished at: 2026-09-05T01:46:06.402255
2026-09-05 09:34:46,448 [INFO] ============================================================
2026-09-05 09:34:46,448 [INFO] AUTONOMOUS EARNINGS SWARM - STARTING
2026-09-05 09:34:46,448 [INFO] ============================================================
2026-09-05 09:34:46,448 [INFO] Started at: 2026-09-05T09:34:46.448297
2026-09-05 09:34:46,448 [INFO] ============================================================
2026-09-05 09:34:46,448 [INFO] AGENT 1: RESEARCH & IDEATION
2026-09-05 09:34:46,448 [INFO] ============================================================
2026-09-05 09:34:46,448 [INFO] Scanning GitHub trending repos...
2026-09-05 09:34:47,749 [INFO] Found 30 trending GitHub projects
2026-09-05 09:34:47,750 [INFO] Searching for trending topics...
2026-09-05 09:34:47,750 [INFO] Web trends found: 3
2026-09-05 09:34:47,750 [INFO] Found 3 web trends
2026-09-05 09:34:47,752 [INFO] Total ideas generated: 33
2026-09-05 09:34:47,752 [INFO] Backlog saved to data/backlog.json
2026-09-05 09:34:47,752 [INFO] ============================================================
2026-09-05 09:34:47,752 [INFO] AGENT 2: CONTENT PRODUCTION
2026-09-05 09:34:47,752 [INFO] ============================================================
2026-09-05 09:34:47,752 [INFO] Processing idea: openclaw
2026-09-05 09:34:47,752 [INFO]   - Script: This openclaw Project is INSANE
2026-09-05 09:34:47,752 [INFO]   - Voiceover: audio/openclaw_showcase_voiceover.mp3
2026-09-05 09:34:47,752 [INFO]   - Thumbnail: YouTube thumbnail, This openclaw Project is INSANE, GitHub logo, code screenshot, computer screen, vibrant colors, bold typography, high contrast, 1280x720, professional quality
2026-09-05 09:34:47,752 [INFO]   - Script: How to Use openclaw (Complete Tutorial)
2026-09-05 09:34:47,752 [INFO]   - Voiceover: audio/openclaw_tutorial_voiceover.mp3
2026-09-05 09:34:47,753 [INFO]   - Thumbnail: YouTube thumbnail, How to Use openclaw (Complete Tutorial), Step-by-step graphics, checkmarks, progress bar, vibrant colors, bold typography, high contrast, 1280x720, professional quality
2026-09-05 09:34:47,753 [INFO] Created 2 content pieces
2026-09-05 09:34:47,753 [INFO] Processing idea: superpowers
2026-09-05 09:34:47,753 [INFO]   - Script: This superpowers Project is INSANE
2026-09-05 09:34:47,753 [INFO]   - Voiceover: audio/superpowers_showcase_voiceover.mp3
2026-09-05 09:34:47,753 [INFO]   - Thumbnail: YouTube thumbnail, This superpowers Project is INSANE, GitHub logo, code screenshot, computer screen, vibrant colors, bold typography, high contrast, 1280x720, professional quality
2026-09-05 09:34:47,753 [INFO]   - Script: How to Use superpowers (Complete Tutorial)
2026-09-05 09:34:47,753 [INFO]   - Voiceover: audio/superpowers_tutorial_voiceover.mp3
2026-09-05 09:34:47,753 [INFO]   - Thumbnail: YouTube thumbnail, How to Use superpowers (Complete Tutorial), Step-by-step graphics, checkmarks, progress bar, vibrant colors, bold typography, high contrast, 1280x720, professional quality
2026-09-05 09:34:47,753 [INFO] Created 2 content pieces
2026-09-05 09:34:47,753 [INFO] Processing idea: hermes-agent
2026-09-05 09:34:47,753 [INFO]   - Script: This hermes-agent Project is INSANE
2026-09-05 09:34:47,753 [INFO]   - Voiceover: audio/hermes-agent_showcase_voiceover.mp3
2026-09-05 09:34:47,753 [INFO]   - Thumbnail: YouTube thumbnail, This hermes-agent Project is INSANE, GitHub logo, code screenshot, computer screen, vibrant colors, bold typography, high contrast, 1280x720, professional quality
2026-09-05 09:34:47,753 [INFO]   - Script: How to Use hermes-agent (Complete Tutorial)
2026-09-05 09:34:47,753 [INFO]   - Voiceover: audio/hermes-agent_tutorial_voiceover.mp3
2026-09-05 09:34:47,754 [INFO]   - Thumbnail: YouTube thumbnail, How to Use hermes-agent (Complete Tutorial), Step-by-step graphics, checkmarks, progress bar, vibrant colors, bold typography, high contrast, 1280x720, professional quality
2026-09-05 09:34:47,754 [INFO] Created 2 content pieces
2026-09-05 09:34:47,754 [INFO] Total productions: 6
2026-09-05 09:34:47,754 [INFO] ============================================================
2026-09-05 09:34:47,754 [INFO] AGENT 4: PRODUCT CREATION
2026-09-05 09:34:47,754 [INFO] ============================================================
2026-09-05 09:34:47,754 [INFO] Creating product from: openclaw
2026-09-05 09:34:47,755 [INFO]   Product: openclaw - Production-Ready Template
2026-09-05 09:34:47,755 [INFO]   Platform: Gumroad
2026-09-05 09:34:47,755 [INFO] Creating product from: superpowers
2026-09-05 09:34:47,755 [INFO]   Product: superpowers - Production-Ready Template
2026-09-05 09:34:47,755 [INFO]   Platform: Gumroad
2026-09-05 09:34:47,755 [INFO] Created 2 products
2026-09-05 09:34:47,755 [INFO] ============================================================
2026-09-05 09:34:47,755 [INFO] AGENT 3: PUBLISHING
2026-09-05 09:34:47,755 [INFO] ============================================================
2026-09-05 09:34:47,755 [INFO] Publishing: This openclaw Project is INSANE
2026-09-05 09:34:47,756 [INFO]   No YouTube API key configured - skipping upload
2026-09-05 09:34:47,756 [INFO]   Saved post: website_content/posts/openclaw_showcase.md
2026-09-05 09:34:47,756 [INFO]   YouTube: skipped_no_api_key
2026-09-05 09:34:47,756 [INFO]   Website: ready_to_push
2026-09-05 09:34:47,756 [INFO] Publishing: How to Use openclaw (Complete Tutorial)
2026-09-05 09:34:47,756 [INFO]   No YouTube API key configured - skipping upload
2026-09-05 09:34:47,756 [INFO]   Saved post: website_content/posts/openclaw_tutorial.md
2026-09-05 09:34:47,756 [INFO]   YouTube: skipped_no_api_key
2026-09-05 09:34:47,756 [INFO]   Website: ready_to_push
2026-09-05 09:34:47,756 [INFO] Publishing: This superpowers Project is INSANE
2026-09-05 09:34:47,756 [INFO]   No YouTube API key configured - skipping upload
2026-09-05 09:34:47,756 [INFO]   Saved post: website_content/posts/superpowers_showcase.md
2026-09-05 09:34:47,756 [INFO]   YouTube: skipped_no_api_key
2026-09-05 09:34:47,757 [INFO]   Website: ready_to_push
2026-09-05 09:34:47,757 [INFO] Publishing: How to Use superpowers (Complete Tutorial)
2026-09-05 09:34:47,757 [INFO]   No YouTube API key configured - skipping upload
2026-09-05 09:34:47,757 [INFO]   Saved post: website_content/posts/superpowers_tutorial.md
2026-09-05 09:34:47,757 [INFO]   YouTube: skipped_no_api_key
2026-09-05 09:34:47,757 [INFO]   Website: ready_to_push
2026-09-05 09:34:47,757 [INFO] Publishing: This hermes-agent Project is INSANE
2026-09-05 09:34:47,757 [INFO]   No YouTube API key configured - skipping upload
2026-09-05 09:34:47,757 [INFO]   Saved post: website_content/posts/hermes-agent_showcase.md
2026-09-05 09:34:47,757 [INFO]   YouTube: skipped_no_api_key
2026-09-05 09:34:47,757 [INFO]   Website: ready_to_push
2026-09-05 09:34:47,757 [INFO] Publishing: How to Use hermes-agent (Complete Tutorial)
2026-09-05 09:34:47,757 [INFO]   No YouTube API key configured - skipping upload
2026-09-05 09:34:47,758 [INFO]   Saved post: website_content/posts/hermes-agent_tutorial.md
2026-09-05 09:34:47,758 [INFO]   YouTube: skipped_no_api_key
2026-09-05 09:34:47,758 [INFO]   Website: ready_to_push
2026-09-05 09:34:47,758 [INFO] Published 6 pieces
2026-09-05 09:34:47,758 [INFO] ============================================================
2026-09-05 09:34:47,758 [INFO] AGENT 5: FINANCE TRACKING
2026-09-05 09:34:47,758 [INFO] ============================================================
2026-09-05 09:34:47,758 [INFO] Tracking revenue across platforms...
2026-09-05 09:34:47,759 [INFO]   YouTube AdSense: $0.00 (0 views)
2026-09-05 09:34:47,759 [INFO]   Gumroad Sales: $0.00 (0 sales)
2026-09-05 09:34:47,759 [INFO]   Affiliate: $0.00 (0 conversions)
2026-09-05 09:34:47,759 [INFO] Threshold check: $0.00 / $100.00 (need $100.00 more)
2026-09-05 09:34:47,759 [INFO] Total earnings tracked: $0.00
2026-09-05 09:34:47,759 [INFO] Goal: $10,000
2026-09-05 09:34:47,759 [INFO] Progress: 0.0%
2026-09-05 09:34:47,759 [INFO] ============================================================
2026-09-05 09:34:47,759 [INFO] SWARM RUN COMPLETE
2026-09-05 09:34:47,759 [INFO] ============================================================
2026-09-05 09:34:47,759 [INFO] Finished at: 2026-09-05T09:34:47.759620
2026-09-05 14:07:29,171 [INFO] ============================================================
2026-09-05 14:07:29,171 [INFO] AUTONOMOUS EARNINGS SWARM - STARTING
2026-09-05 14:07:29,171 [INFO] ============================================================
2026-09-05 14:07:29,171 [INFO] Started at: 2026-09-05T14:07:29.171976
2026-09-05 14:07:29,172 [INFO] ============================================================
2026-09-05 14:07:29,172 [INFO] AGENT 1: RESEARCH & IDEATION
2026-09-05 14:07:29,172 [INFO] ============================================================
2026-09-05 14:07:29,172 [INFO] Scanning GitHub trending repos...
2026-09-05 14:07:30,493 [INFO] Found 30 trending GitHub projects
2026-09-05 14:07:30,493 [INFO] Searching for trending topics...
2026-09-05 14:07:30,493 [INFO] Web trends found: 3
2026-09-05 14:07:30,493 [INFO] Found 3 web trends
2026-09-05 14:07:30,496 [INFO] Total ideas generated: 33
2026-09-05 14:07:30,496 [INFO] Backlog saved to data/backlog.json
2026-09-05 14:07:30,497 [INFO] ============================================================
2026-09-05 14:07:30,497 [INFO] AGENT 2: CONTENT PRODUCTION
2026-09-05 14:07:30,497 [INFO] ============================================================
2026-09-05 14:07:30,497 [INFO] Processing idea: openclaw
2026-09-05 14:07:30,497 [INFO]   - Script: This openclaw Project is INSANE
2026-09-05 14:07:30,497 [INFO]   - Voiceover: audio/openclaw_showcase_voiceover.mp3
2026-09-05 14:07:30,497 [INFO]   - Thumbnail: YouTube thumbnail, This openclaw Project is INSANE, GitHub logo, code screenshot, computer screen, vibrant colors, bold typography, high contrast, 1280x720, professional quality
2026-09-05 14:07:30,497 [INFO]   - Script: How to Use openclaw (Complete Tutorial)
2026-09-05 14:07:30,497 [INFO]   - Voiceover: audio/openclaw_tutorial_voiceover.mp3
2026-09-05 14:07:30,497 [INFO]   - Thumbnail: YouTube thumbnail, How to Use openclaw (Complete Tutorial), Step-by-step graphics, checkmarks, progress bar, vibrant colors, bold typography, high contrast, 1280x720, professional quality
2026-09-05 14:07:30,497 [INFO] Created 2 content pieces
2026-09-05 14:07:30,497 [INFO] Processing idea: superpowers
2026-09-05 14:07:30,497 [INFO]   - Script: This superpowers Project is INSANE
2026-09-05 14:07:30,497 [INFO]   - Voiceover: audio/superpowers_showcase_voiceover.mp3
2026-09-05 14:07:30,497 [INFO]   - Thumbnail: YouTube thumbnail, This superpowers Project is INSANE, GitHub logo, code screenshot, computer screen, vibrant colors, bold typography, high contrast, 1280x720, professional quality
2026-09-05 14:07:30,497 [INFO]   - Script: How to Use superpowers (Complete Tutorial)
2026-09-05 14:07:30,497 [INFO]   - Voiceover: audio/superpowers_tutorial_voiceover.mp3
2026-09-05 14:07:30,497 [INFO]   - Thumbnail: YouTube thumbnail, How to Use superpowers (Complete Tutorial), Step-by-step graphics, checkmarks, progress bar, vibrant colors, bold typography, high contrast, 1280x720, professional quality
2026-09-05 14:07:30,497 [INFO] Created 2 content pieces
2026-09-05 14:07:30,497 [INFO] Processing idea: hermes-agent
2026-09-05 14:07:30,498 [INFO]   - Script: This hermes-agent Project is INSANE
2026-09-05 14:07:30,498 [INFO]   - Voiceover: audio/hermes-agent_showcase_voiceover.mp3
2026-09-05 14:07:30,498 [INFO]   - Thumbnail: YouTube thumbnail, This hermes-agent Project is INSANE, GitHub logo, code screenshot, computer screen, vibrant colors, bold typography, high contrast, 1280x720, professional quality
2026-09-05 14:07:30,498 [INFO]   - Script: How to Use hermes-agent (Complete Tutorial)
2026-09-05 14:07:30,498 [INFO]   - Voiceover: audio/hermes-agent_tutorial_voiceover.mp3
2026-09-05 14:07:30,498 [INFO]   - Thumbnail: YouTube thumbnail, How to Use hermes-agent (Complete Tutorial), Step-by-step graphics, checkmarks, progress bar, vibrant colors, bold typography, high contrast, 1280x720, professional quality
2026-09-05 14:07:30,498 [INFO] Created 2 content pieces
2026-09-05 14:07:30,498 [INFO] Total productions: 6
2026-09-05 14:07:30,498 [INFO] ============================================================
2026-09-05 14:07:30,498 [INFO] AGENT 4: PRODUCT CREATION
2026-09-05 14:07:30,498 [INFO] ============================================================
2026-09-05 14:07:30,498 [INFO] Creating product from: openclaw
2026-09-05 14:07:30,498 [INFO]   Product: openclaw - Production-Ready Template
2026-09-05 14:07:30,499 [INFO]   Platform: Gumroad
2026-09-05 14:07:30,499 [INFO] Creating product from: superpowers
2026-09-05 14:07:30,499 [INFO]   Product: superpowers - Production-Ready Template
2026-09-05 14:07:30,499 [INFO]   Platform: Gumroad
2026-09-05 14:07:30,499 [INFO] Created 2 products
2026-09-05 14:07:30,499 [INFO] ============================================================
2026-09-05 14:07:30,499 [INFO] AGENT 3: PUBLISHING
2026-09-05 14:07:30,499 [INFO] ============================================================
2026-09-05 14:07:30,499 [INFO] Publishing: This openclaw Project is INSANE
2026-09-05 14:07:30,499 [INFO]   No YouTube API key configured - skipping upload
2026-09-05 14:07:30,500 [INFO]   Saved post: website_content/posts/openclaw_showcase.md
2026-09-05 14:07:30,500 [INFO]   YouTube: skipped_no_api_key
2026-09-05 14:07:30,500 [INFO]   Website: ready_to_push
2026-09-05 14:07:30,500 [INFO] Publishing: How to Use openclaw (Complete Tutorial)
2026-09-05 14:07:30,500 [INFO]   No YouTube API key configured - skipping upload
2026-09-05 14:07:30,500 [INFO]   Saved post: website_content/posts/openclaw_tutorial.md
2026-09-05 14:07:30,500 [INFO]   YouTube: skipped_no_api_key
2026-09-05 14:07:30,500 [INFO]   Website: ready_to_push
2026-09-05 14:07:30,500 [INFO] Publishing: This superpowers Project is INSANE
2026-09-05 14:07:30,500 [INFO]   No YouTube API key configured - skipping upload
2026-09-05 14:07:30,501 [INFO]   Saved post: website_content/posts/superpowers_showcase.md
2026-09-05 14:07:30,501 [INFO]   YouTube: skipped_no_api_key
2026-09-05 14:07:30,501 [INFO]   Website: ready_to_push
2026-09-05 14:07:30,501 [INFO] Publishing: How to Use superpowers (Complete Tutorial)
2026-09-05 14:07:30,501 [INFO]   No YouTube API key configured - skipping upload
2026-09-05 14:07:30,501 [INFO]   Saved post: website_content/posts/superpowers_tutorial.md
2026-09-05 14:07:30,501 [INFO]   YouTube: skipped_no_api_key
2026-09-05 14:07:30,501 [INFO]   Website: ready_to_push
2026-09-05 14:07:30,501 [INFO] Publishing: This hermes-agent Project is INSANE
2026-09-05 14:07:30,501 [INFO]   No YouTube API key configured - skipping upload
2026-09-05 14:07:30,501 [INFO]   Saved post: website_content/posts/hermes-agent_showcase.md
2026-09-05 14:07:30,501 [INFO]   YouTube: skipped_no_api_key
2026-09-05 14:07:30,502 [INFO]   Website: ready_to_push
2026-09-05 14:07:30,502 [INFO] Publishing: How to Use hermes-agent (Complete Tutorial)
2026-09-05 14:07:30,502 [INFO]   No YouTube API key configured - skipping upload
2026-09-05 14:07:30,502 [INFO]   Saved post: website_content/posts/hermes-agent_tutorial.md
2026-09-05 14:07:30,502 [INFO]   YouTube: skipped_no_api_key
2026-09-05 14:07:30,502 [INFO]   Website: ready_to_push
2026-09-05 14:07:30,502 [INFO] Published 6 pieces
2026-09-05 14:07:30,502 [INFO] ============================================================
2026-09-05 14:07:30,502 [INFO] AGENT 5: FINANCE TRACKING
2026-09-05 14:07:30,503 [INFO] ============================================================
2026-09-05 14:07:30,503 [INFO] Tracking revenue across platforms...
2026-09-05 14:07:30,503 [INFO]   YouTube AdSense: $0.00 (0 views)
2026-09-05 14:07:30,503 [INFO]   Gumroad Sales: $0.00 (0 sales)
2026-09-05 14:07:30,503 [INFO]   Affiliate: $0.00 (0 conversions)
2026-09-05 14:07:30,503 [INFO] Threshold check: $0.00 / $100.00 (need $100.00 more)
2026-09-05 14:07:30,503 [INFO] Total earnings tracked: $0.00
2026-09-05 14:07:30,503 [INFO] Goal: $10,000
2026-09-05 14:07:30,503 [INFO] Progress: 0.0%
2026-09-05 14:07:30,503 [INFO] ============================================================
2026-09-05 14:07:30,503 [INFO] SWARM RUN COMPLETE
2026-09-05 14:07:30,503 [INFO] ============================================================
2026-09-05 14:07:30,503 [INFO] Finished at: 2026-09-05T14:07:30.503909
2026-09-06 14:32:02,714 [INFO] ============================================================
2026-09-06 14:32:02,714 [INFO] AUTONOMOUS EARNINGS SWARM - STARTING
2026-09-06 14:32:02,714 [INFO] ============================================================
2026-09-06 14:32:02,714 [INFO] Started at: 2026-09-06T14:32:02.714587
2026-09-06 14:32:02,714 [INFO] ============================================================
2026-09-06 14:32:02,714 [INFO] AGENT 1: RESEARCH & IDEATION
2026-09-06 14:32:02,714 [INFO] ============================================================
2026-09-06 14:32:02,714 [INFO] Scanning GitHub trending repos...
2026-09-06 14:32:03,956 [INFO] Found 30 trending GitHub projects
2026-09-06 14:32:03,957 [INFO] Searching for trending topics...
2026-09-06 14:32:03,957 [INFO] Web trends found: 3
2026-09-06 14:32:03,957 [INFO] Found 3 web trends
2026-09-06 14:32:03,959 [INFO] Total ideas generated: 33
2026-09-06 14:32:03,959 [INFO] Backlog saved to data/backlog.json
2026-09-06 14:32:03,959 [INFO] ============================================================
2026-09-06 14:32:03,959 [INFO] AGENT 2: CONTENT PRODUCTION
2026-09-06 14:32:03,959 [INFO] ============================================================
2026-09-06 14:32:03,959 [INFO] Processing idea: openclaw
2026-09-06 14:32:03,959 [ERROR] Content production failed for {'type': 'github_repo', 'category': 'automation_ai', 'name': 'openclaw', 'full_name': 'openclaw/openclaw', 'url': 'https://github.com/openclaw/openclaw', 'description': 'The AI that really does things. Any OS. Any Platform. The lobster way. 🦞 ', 'stars': 389016, 'language': 'TypeScript', 'created_at': '2025-11-24T10:16:47Z', 'profit_potential': {'score': 6, 'reasons': ['High stars (389016)', 'Solves concrete problem', 'Actively maintained'], 'verdict': 'HIGH'}, 'product_idea': [{'type': 'template', 'title': 'openclaw - Production-Ready Template', 'description': 'A polished, documented, production-ready version of openclaw with best practices, tests, and deployment config included.', 'price_suggestion': '$29-99', 'platform': 'Gumroad', 'effort_estimate': '4-8 hours'}, {'type': 'tutorial', 'title': 'How to Build openclaw: Complete Guide', 'description': 'A step-by-step video course or ebook teaching how to use and extend openclaw for real-world projects.', 'price_suggestion': '$19-49', 'platform': 'Gumroad + YouTube', 'effort_estimate': '6-12 hours'}], 'content_idea': [{'type': 'video', 'title': 'This openclaw Project is INSANE (GitHub Trending)', 'description': "Showcasing openclaw - The AI that really does things. Any OS. Any Platform. The lobster way. 🦞 . This project has 389016 stars and is trending on GitHub. Let me show you why it's worth your attention.", 'format': 'showcase/review', 'duration_estimate': '5-8 minutes', 'monetization': ['adsense', 'affiliate']}, {'type': 'video', 'title': 'Build a Business with openclaw (Step by Step)', 'description': 'How to use openclaw to build something profitable. Complete walkthrough from setup to deployment.', 'format': 'tutorial', 'duration_estimate': '10-15 minutes', 'monetization': ['adsense', 'digital_product']}], 'timestamp': '2026-09-06T14:32:03.161731'}: 'AgentSwarm' object has no attribute '_generate_video'
2026-09-06 14:32:03,959 [INFO] Processing idea: superpowers
2026-09-06 14:32:03,959 [ERROR] Content production failed for {'type': 'github_repo', 'category': 'automation_ai', 'name': 'superpowers', 'full_name': 'obra/superpowers', 'url': 'https://github.com/obra/superpowers', 'description': 'An agentic skills framework & software development methodology that works.', 'stars': 282275, 'language': 'Shell', 'created_at': '2025-10-09T19:45:18Z', 'profit_potential': {'score': 4, 'reasons': ['High stars (282275)', 'Actively maintained'], 'verdict': 'MEDIUM'}, 'product_idea': [{'type': 'template', 'title': 'superpowers - Production-Ready Template', 'description': 'A polished, documented, production-ready version of superpowers with best practices, tests, and deployment config included.', 'price_suggestion': '$29-99', 'platform': 'Gumroad', 'effort_estimate': '4-8 hours'}, {'type': 'tutorial', 'title': 'How to Build superpowers: Complete Guide', 'description': 'A step-by-step video course or ebook teaching how to use and extend superpowers for real-world projects.', 'price_suggestion': '$19-49', 'platform': 'Gumroad + YouTube', 'effort_estimate': '6-12 hours'}], 'content_idea': [{'type': 'video', 'title': 'This superpowers Project is INSANE (GitHub Trending)', 'description': "Showcasing superpowers - An agentic skills framework & software development methodology that works.. This project has 282275 stars and is trending on GitHub. Let me show you why it's worth your attention.", 'format': 'showcase/review', 'duration_estimate': '5-8 minutes', 'monetization': ['adsense', 'affiliate']}, {'type': 'video', 'title': 'Build a Business with superpowers (Step by Step)', 'description': 'How to use superpowers to build something profitable. Complete walkthrough from setup to deployment.', 'format': 'tutorial', 'duration_estimate': '10-15 minutes', 'monetization': ['adsense', 'digital_product']}], 'timestamp': '2026-09-06T14:32:03.161753'}: 'AgentSwarm' object has no attribute '_generate_video'
2026-09-06 14:32:03,960 [INFO] Processing idea: hermes-agent
2026-09-06 14:32:03,960 [ERROR] Content production failed for {'type': 'github_repo', 'category': 'automation_ai', 'name': 'hermes-agent', 'full_name': 'NousResearch/hermes-agent', 'url': 'https://github.com/NousResearch/hermes-agent', 'description': 'The agent that grows with you', 'stars': 242308, 'language': 'Python', 'created_at': '2025-07-22T22:22:28Z', 'profit_potential': {'score': 4, 'reasons': ['High stars (242308)', 'Actively maintained'], 'verdict': 'MEDIUM'}, 'product_idea': [{'type': 'template', 'title': 'hermes-agent - Production-Ready Template', 'description': 'A polished, documented, production-ready version of hermes-agent with best practices, tests, and deployment config included.', 'price_suggestion': '$29-99', 'platform': 'Gumroad', 'effort_estimate': '4-8 hours'}, {'type': 'tutorial', 'title': 'How to Build hermes-agent: Complete Guide', 'description': 'A step-by-step video course or ebook teaching how to use and extend hermes-agent for real-world projects.', 'price_suggestion': '$19-49', 'platform': 'Gumroad + YouTube', 'effort_estimate': '6-12 hours'}], 'content_idea': [{'type': 'video', 'title': 'This hermes-agent Project is INSANE (GitHub Trending)', 'description': "Showcasing hermes-agent - The agent that grows with you. This project has 242308 stars and is trending on GitHub. Let me show you why it's worth your attention.", 'format': 'showcase/review', 'duration_estimate': '5-8 minutes', 'monetization': ['adsense', 'affiliate']}, {'type': 'video', 'title': 'Build a Business with hermes-agent (Step by Step)', 'description': 'How to use hermes-agent to build something profitable. Complete walkthrough from setup to deployment.', 'format': 'tutorial', 'duration_estimate': '10-15 minutes', 'monetization': ['adsense', 'digital_product']}], 'timestamp': '2026-09-06T14:32:03.161762'}: 'AgentSwarm' object has no attribute '_generate_video'
2026-09-06 14:32:03,960 [INFO] Total productions: 0
2026-09-06 14:32:03,960 [INFO] ============================================================
2026-09-06 14:32:03,960 [INFO] AGENT 4: PRODUCT CREATION
2026-09-06 14:32:03,960 [INFO] ============================================================
2026-09-06 14:32:03,960 [INFO] Creating product from: openclaw
2026-09-06 14:32:03,960 [INFO]   Product: openclaw - Production-Ready Template
2026-09-06 14:32:03,960 [INFO]   Platform: Gumroad
2026-09-06 14:32:03,960 [INFO] Creating product from: superpowers
2026-09-06 14:32:03,961 [INFO]   Product: superpowers - Production-Ready Template
2026-09-06 14:32:03,961 [INFO]   Platform: Gumroad
2026-09-06 14:32:03,961 [INFO] Created 2 products
2026-09-06 14:32:03,961 [INFO] ============================================================
2026-09-06 14:32:03,961 [INFO] AGENT 3: PUBLISHING
2026-09-06 14:32:03,961 [INFO] ============================================================
2026-09-06 14:32:03,962 [INFO] Published 0 pieces
2026-09-06 14:32:03,962 [INFO] ============================================================
2026-09-06 14:32:03,962 [INFO] AGENT 5: FINANCE TRACKING
2026-09-06 14:32:03,962 [INFO] ============================================================
2026-09-06 14:32:03,962 [INFO] Tracking revenue across platforms...
2026-09-06 14:32:03,962 [INFO]   YouTube AdSense: $0.00 (0 views)
2026-09-06 14:32:03,962 [INFO]   Gumroad Sales: $0.00 (0 sales)
2026-09-06 14:32:03,962 [INFO]   Affiliate: $0.00 (0 conversions)
2026-09-06 14:32:03,962 [INFO] Threshold check: $0.00 / $100.00 (need $100.00 more)
2026-09-06 14:32:03,962 [INFO] Total earnings tracked: $0.00
2026-09-06 14:32:03,962 [INFO] Goal: $10,000
2026-09-06 14:32:03,962 [INFO] Progress: 0.0%
2026-09-06 14:32:03,963 [INFO] ============================================================
2026-09-06 14:32:03,963 [INFO] SWARM RUN COMPLETE
2026-09-06 14:32:03,963 [INFO] ============================================================
2026-09-06 14:32:03,963 [INFO] Finished at: 2026-09-06T14:32:03.963355
2026-09-06 19:42:21,948 [INFO] ============================================================
2026-09-06 19:42:21,948 [INFO] AUTONOMOUS EARNINGS SWARM - STARTING
2026-09-06 19:42:21,948 [INFO] ============================================================
2026-09-06 19:42:21,948 [INFO] Started at: 2026-09-06T19:42:21.948361
2026-09-06 19:42:21,948 [INFO] ============================================================
2026-09-06 19:42:21,948 [INFO] AGENT 1: RESEARCH & IDEATION
2026-09-06 19:42:21,948 [INFO] ============================================================
2026-09-06 19:42:21,948 [INFO] Scanning GitHub trending repos...
2026-09-06 19:42:23,222 [INFO] Found 30 trending GitHub projects
2026-09-06 19:42:23,222 [INFO] Searching for trending topics...
2026-09-06 19:42:23,222 [INFO] Web trends found: 3
2026-09-06 19:42:23,222 [INFO] Found 3 web trends
2026-09-06 19:42:23,224 [INFO] Total ideas generated: 33
2026-09-06 19:42:23,224 [INFO] Backlog saved to data/backlog.json
2026-09-06 19:42:23,225 [INFO] ============================================================
2026-09-06 19:42:23,225 [INFO] AGENT 2: CONTENT PRODUCTION
2026-09-06 19:42:23,225 [INFO] ============================================================
2026-09-06 19:42:23,225 [INFO] Processing idea: openclaw
2026-09-06 19:42:23,225 [ERROR] Content production failed for {'type': 'github_repo', 'category': 'automation_ai', 'name': 'openclaw', 'full_name': 'openclaw/openclaw', 'url': 'https://github.com/openclaw/openclaw', 'description': 'The AI that really does things. Any OS. Any Platform. The lobster way. 🦞 ', 'stars': 389037, 'language': 'TypeScript', 'created_at': '2025-11-24T10:16:47Z', 'profit_potential': {'score': 6, 'reasons': ['High stars (389037)', 'Solves concrete problem', 'Actively maintained'], 'verdict': 'HIGH'}, 'product_idea': [{'type': 'template', 'title': 'openclaw - Production-Ready Template', 'description': 'A polished, documented, production-ready version of openclaw with best practices, tests, and deployment config included.', 'price_suggestion': '$29-99', 'platform': 'Gumroad', 'effort_estimate': '4-8 hours'}, {'type': 'tutorial', 'title': 'How to Build openclaw: Complete Guide', 'description': 'A step-by-step video course or ebook teaching how to use and extend openclaw for real-world projects.', 'price_suggestion': '$19-49', 'platform': 'Gumroad + YouTube', 'effort_estimate': '6-12 hours'}], 'content_idea': [{'type': 'video', 'title': 'This openclaw Project is INSANE (GitHub Trending)', 'description': "Showcasing openclaw - The AI that really does things. Any OS. Any Platform. The lobster way. 🦞 . This project has 389037 stars and is trending on GitHub. Let me show you why it's worth your attention.", 'format': 'showcase/review', 'duration_estimate': '5-8 minutes', 'monetization': ['adsense', 'affiliate']}, {'type': 'video', 'title': 'Build a Business with openclaw (Step by Step)', 'description': 'How to use openclaw to build something profitable. Complete walkthrough from setup to deployment.', 'format': 'tutorial', 'duration_estimate': '10-15 minutes', 'monetization': ['adsense', 'digital_product']}], 'timestamp': '2026-09-06T19:42:22.445231'}: 'AgentSwarm' object has no attribute '_generate_video'
2026-09-06 19:42:23,225 [INFO] Processing idea: superpowers
2026-09-06 19:42:23,225 [ERROR] Content production failed for {'type': 'github_repo', 'category': 'automation_ai', 'name': 'superpowers', 'full_name': 'obra/superpowers', 'url': 'https://github.com/obra/superpowers', 'description': 'An agentic skills framework & software development methodology that works.', 'stars': 282359, 'language': 'Shell', 'created_at': '2025-10-09T19:45:18Z', 'profit_potential': {'score': 4, 'reasons': ['High stars (282359)', 'Actively maintained'], 'verdict': 'MEDIUM'}, 'product_idea': [{'type': 'template', 'title': 'superpowers - Production-Ready Template', 'description': 'A polished, documented, production-ready version of superpowers with best practices, tests, and deployment config included.', 'price_suggestion': '$29-99', 'platform': 'Gumroad', 'effort_estimate': '4-8 hours'}, {'type': 'tutorial', 'title': 'How to Build superpowers: Complete Guide', 'description': 'A step-by-step video course or ebook teaching how to use and extend superpowers for real-world projects.', 'price_suggestion': '$19-49', 'platform': 'Gumroad + YouTube', 'effort_estimate': '6-12 hours'}], 'content_idea': [{'type': 'video', 'title': 'This superpowers Project is INSANE (GitHub Trending)', 'description': "Showcasing superpowers - An agentic skills framework & software development methodology that works.. This project has 282359 stars and is trending on GitHub. Let me show you why it's worth your attention.", 'format': 'showcase/review', 'duration_estimate': '5-8 minutes', 'monetization': ['adsense', 'affiliate']}, {'type': 'video', 'title': 'Build a Business with superpowers (Step by Step)', 'description': 'How to use superpowers to build something profitable. Complete walkthrough from setup to deployment.', 'format': 'tutorial', 'duration_estimate': '10-15 minutes', 'monetization': ['adsense', 'digital_product']}], 'timestamp': '2026-09-06T19:42:22.445250'}: 'AgentSwarm' object has no attribute '_generate_video'
2026-09-06 19:42:23,225 [INFO] Processing idea: hermes-agent
2026-09-06 19:42:23,225 [ERROR] Content production failed for {'type': 'github_repo', 'category': 'automation_ai', 'name': 'hermes-agent', 'full_name': 'NousResearch/hermes-agent', 'url': 'https://github.com/NousResearch/hermes-agent', 'description': 'The agent that grows with you', 'stars': 242448, 'language': 'Python', 'created_at': '2025-07-22T22:22:28Z', 'profit_potential': {'score': 4, 'reasons': ['High stars (242448)', 'Actively maintained'], 'verdict': 'MEDIUM'}, 'product_idea': [{'type': 'template', 'title': 'hermes-agent - Production-Ready Template', 'description': 'A polished, documented, production-ready version of hermes-agent with best practices, tests, and deployment config included.', 'price_suggestion': '$29-99', 'platform': 'Gumroad', 'effort_estimate': '4-8 hours'}, {'type': 'tutorial', 'title': 'How to Build hermes-agent: Complete Guide', 'description': 'A step-by-step video course or ebook teaching how to use and extend hermes-agent for real-world projects.', 'price_suggestion': '$19-49', 'platform': 'Gumroad + YouTube', 'effort_estimate': '6-12 hours'}], 'content_idea': [{'type': 'video', 'title': 'This hermes-agent Project is INSANE (GitHub Trending)', 'description': "Showcasing hermes-agent - The agent that grows with you. This project has 242448 stars and is trending on GitHub. Let me show you why it's worth your attention.", 'format': 'showcase/review', 'duration_estimate': '5-8 minutes', 'monetization': ['adsense', 'affiliate']}, {'type': 'video', 'title': 'Build a Business with hermes-agent (Step by Step)', 'description': 'How to use hermes-agent to build something profitable. Complete walkthrough from setup to deployment.', 'format': 'tutorial', 'duration_estimate': '10-15 minutes', 'monetization': ['adsense', 'digital_product']}], 'timestamp': '2026-09-06T19:42:22.445259'}: 'AgentSwarm' object has no attribute '_generate_video'
2026-09-06 19:42:23,225 [INFO] Total productions: 0
2026-09-06 19:42:23,226 [INFO] ============================================================
2026-09-06 19:42:23,226 [INFO] AGENT 4: PRODUCT CREATION
2026-09-06 19:42:23,226 [INFO] ============================================================
2026-09-06 19:42:23,226 [INFO] Creating product from: openclaw
2026-09-06 19:42:23,226 [INFO]   Product: openclaw - Production-Ready Template
2026-09-06 19:42:23,226 [INFO]   Platform: Gumroad
2026-09-06 19:42:23,226 [INFO] Creating product from: superpowers
2026-09-06 19:42:23,226 [INFO]   Product: superpowers - Production-Ready Template
2026-09-06 19:42:23,226 [INFO]   Platform: Gumroad
2026-09-06 19:42:23,227 [INFO] Created 2 products
2026-09-06 19:42:23,227 [INFO] ============================================================
2026-09-06 19:42:23,227 [INFO] AGENT 3: PUBLISHING
2026-09-06 19:42:23,227 [INFO] ============================================================
2026-09-06 19:42:23,227 [INFO] Published 0 pieces
2026-09-06 19:42:23,227 [INFO] ============================================================
2026-09-06 19:42:23,227 [INFO] AGENT 5: FINANCE TRACKING
2026-09-06 19:42:23,227 [INFO] ============================================================
2026-09-06 19:42:23,227 [INFO] Tracking revenue across platforms...
2026-09-06 19:42:23,228 [INFO]   YouTube AdSense: $0.00 (0 views)
2026-09-06 19:42:23,228 [INFO]   Gumroad Sales: $0.00 (0 sales)
2026-09-06 19:42:23,228 [INFO]   Affiliate: $0.00 (0 conversions)
2026-09-06 19:42:23,228 [INFO] Threshold check: $0.00 / $100.00 (need $100.00 more)
2026-09-06 19:42:23,228 [INFO] Total earnings tracked: $0.00
2026-09-06 19:42:23,228 [INFO] Goal: $10,000
2026-09-06 19:42:23,228 [INFO] Progress: 0.0%
2026-09-06 19:42:23,228 [INFO] ============================================================
2026-09-06 19:42:23,228 [INFO] SWARM RUN COMPLETE
2026-09-06 19:42:23,228 [INFO] ============================================================
2026-09-06 19:42:23,228 [INFO] Finished at: 2026-09-06T19:42:23.228951
2026-09-07 01:37:59,718 [INFO] ============================================================
2026-09-07 01:37:59,718 [INFO] AUTONOMOUS EARNINGS SWARM - STARTING
2026-09-07 01:37:59,718 [INFO] ============================================================
2026-09-07 01:37:59,718 [INFO] Started at: 2026-09-07T01:37:59.718750
2026-09-07 01:37:59,718 [INFO] ============================================================
2026-09-07 01:37:59,718 [INFO] AGENT 1: RESEARCH & IDEATION
2026-09-07 01:37:59,718 [INFO] ============================================================
2026-09-07 01:37:59,718 [INFO] Scanning GitHub trending repos...
2026-09-07 01:38:00,017 [INFO] Found 0 trending GitHub projects
2026-09-07 01:38:00,018 [INFO] Searching for trending topics...
2026-09-07 01:38:00,018 [INFO] Web trends found: 3
2026-09-07 01:38:00,018 [INFO] Found 3 web trends
2026-09-07 01:38:00,018 [INFO] Total ideas generated: 3
2026-09-07 01:38:00,018 [INFO] Backlog saved to data/backlog.json
2026-09-07 01:38:00,018 [INFO] ============================================================
2026-09-07 01:38:00,018 [INFO] AGENT 2: CONTENT PRODUCTION
2026-09-07 01:38:00,018 [INFO] ============================================================
2026-09-07 01:38:00,018 [INFO] Processing idea: AI agents for automation
2026-09-07 01:38:00,019 [ERROR] Content production failed for {'type': 'web_trend', 'category': 'ai_agents', 'trend': 'AI agents for automation', 'search_volume': 'HIGH', 'profit_angle': "People want to build AI agents but don't know how - sell templates, courses, consultations", 'content_ideas': ['How to Build Your First AI Agent in 2024', '5 AI Agent Projects You Can Sell Today', 'AI Agent Framework Comparison 2024'], 'product_ideas': ['AI Agent Template Pack ($49)', 'AI Agent Starter Course ($99)', 'Custom AI Agent Building Service'], 'timestamp': '2026-09-07T01:38:00.018309'}: 'AgentSwarm' object has no attribute '_generate_video'
2026-09-07 01:38:00,019 [INFO] Processing idea: No-code automation tools
2026-09-07 01:38:00,019 [ERROR] Content production failed for {'type': 'web_trend', 'category': 'automation', 'trend': 'No-code automation tools', 'search_volume': 'HIGH', 'profit_angle': 'Business owners want to automate without coding - sell automation setups, templates, consulting', 'content_ideas': ['Automate Your Entire Business with No Code', '5 Automation Tools That Save 10 Hours/Week', 'Build an Automated Lead Generation System'], 'product_ideas': ['Automation Template Library ($29/month)', 'Business Automation Audit ($99 one-time)', 'Pre-built Automation Workflows'], 'timestamp': '2026-09-07T01:38:00.018315'}: 'AgentSwarm' object has no attribute '_generate_video'
2026-09-07 01:38:00,019 [INFO] Processing idea: Developer productivity tools
2026-09-07 01:38:00,019 [ERROR] Content production failed for {'type': 'web_trend', 'category': 'developer_tools', 'trend': 'Developer productivity tools', 'search_volume': 'MEDIUM', 'profit_angle': 'Developers spend money on tools that make them faster - sell IDE extensions, CLI tools, boilerplates', 'content_ideas': ['Tools That Make Me 10x Faster as a Developer', 'My Entire Developer Setup 2024', 'Build Your Own Developer Tools (and Sell Them)'], 'product_ideas': ['Developer Boilerplate Bundle ($79)', 'CLI Tool Collection ($29)', 'IDE Extension Template'], 'timestamp': '2026-09-07T01:38:00.018317'}: 'AgentSwarm' object has no attribute '_generate_video'
2026-09-07 01:38:00,019 [INFO] Total productions: 0
2026-09-07 01:38:00,019 [INFO] ============================================================
2026-09-07 01:38:00,019 [INFO] AGENT 4: PRODUCT CREATION
2026-09-07 01:38:00,019 [INFO] ============================================================
2026-09-07 01:38:00,019 [INFO] Creating product from: AI agents for automation
2026-09-07 01:38:00,019 [INFO]   Product: The Complete Guide to AI agents for automation
2026-09-07 01:38:00,020 [INFO]   Platform: Gumroad
2026-09-07 01:38:00,020 [INFO] Creating product from: No-code automation tools
2026-09-07 01:38:00,020 [INFO]   Product: The Complete Guide to No-code automation tools
2026-09-07 01:38:00,020 [INFO]   Platform: Gumroad
2026-09-07 01:38:00,020 [INFO] Created 2 products
2026-09-07 01:38:00,020 [INFO] ============================================================
2026-09-07 01:38:00,020 [INFO] AGENT 3: PUBLISHING
2026-09-07 01:38:00,020 [INFO] ============================================================
2026-09-07 01:38:00,020 [INFO] Published 0 pieces
2026-09-07 01:38:00,020 [INFO] ============================================================
2026-09-07 01:38:00,021 [INFO] AGENT 5: FINANCE TRACKING
2026-09-07 01:38:00,021 [INFO] ============================================================
2026-09-07 01:38:00,021 [INFO] Tracking revenue across platforms...
2026-09-07 01:38:00,021 [INFO]   YouTube AdSense: $0.00 (0 views)
2026-09-07 01:38:00,021 [INFO]   Gumroad Sales: $0.00 (0 sales)
2026-09-07 01:38:00,021 [INFO]   Affiliate: $0.00 (0 conversions)
2026-09-07 01:38:00,021 [INFO] Threshold check: $0.00 / $100.00 (need $100.00 more)
2026-09-07 01:38:00,021 [INFO] Total earnings tracked: $0.00
2026-09-07 01:38:00,021 [INFO] Goal: $10,000
2026-09-07 01:38:00,021 [INFO] Progress: 0.0%
2026-09-07 01:38:00,021 [INFO] ============================================================
2026-09-07 01:38:00,021 [INFO] SWARM RUN COMPLETE
2026-09-07 01:38:00,021 [INFO] ============================================================
2026-09-07 01:38:00,021 [INFO] Finished at: 2026-09-07T01:38:00.021964
2026-09-07 10:55:22,771 [INFO] ============================================================
2026-09-07 10:55:22,771 [INFO] AUTONOMOUS EARNINGS SWARM - STARTING
2026-09-07 10:55:22,772 [INFO] ============================================================
2026-09-07 10:55:22,772 [INFO] Started at: 2026-09-07T10:55:22.772101
2026-09-07 10:55:22,772 [INFO] ============================================================
2026-09-07 10:55:22,772 [INFO] AGENT 1: RESEARCH & IDEATION
2026-09-07 10:55:22,772 [INFO] ============================================================
2026-09-07 10:55:22,772 [INFO] Scanning GitHub trending repos...
2026-09-07 10:55:24,382 [INFO] Found 30 trending GitHub projects
2026-09-07 10:55:24,382 [INFO] Searching for trending topics...
2026-09-07 10:55:24,382 [INFO] Web trends found: 3
2026-09-07 10:55:24,382 [INFO] Found 3 web trends
2026-09-07 10:55:24,384 [INFO] Total ideas generated: 33
2026-09-07 10:55:24,384 [INFO] Backlog saved to data/backlog.json
2026-09-07 10:55:24,384 [INFO] ============================================================
2026-09-07 10:55:24,385 [INFO] AGENT 2: CONTENT PRODUCTION
2026-09-07 10:55:24,385 [INFO] ============================================================
2026-09-07 10:55:24,385 [INFO] Processing idea: openclaw
2026-09-07 10:55:24,385 [ERROR] Content production failed for {'type': 'github_repo', 'category': 'automation_ai', 'name': 'openclaw', 'full_name': 'openclaw/openclaw', 'url': 'https://github.com/openclaw/openclaw', 'description': 'The AI that really does things. Any OS. Any Platform. The lobster way. 🦞 ', 'stars': 389084, 'language': 'TypeScript', 'created_at': '2025-11-24T10:16:47Z', 'profit_potential': {'score': 6, 'reasons': ['High stars (389084)', 'Solves concrete problem', 'Actively maintained'], 'verdict': 'HIGH'}, 'product_idea': [{'type': 'template', 'title': 'openclaw - Production-Ready Template', 'description': 'A polished, documented, production-ready version of openclaw with best practices, tests, and deployment config included.', 'price_suggestion': '$29-99', 'platform': 'Gumroad', 'effort_estimate': '4-8 hours'}, {'type': 'tutorial', 'title': 'How to Build openclaw: Complete Guide', 'description': 'A step-by-step video course or ebook teaching how to use and extend openclaw for real-world projects.', 'price_suggestion': '$19-49', 'platform': 'Gumroad + YouTube', 'effort_estimate': '6-12 hours'}], 'content_idea': [{'type': 'video', 'title': 'This openclaw Project is INSANE (GitHub Trending)', 'description': "Showcasing openclaw - The AI that really does things. Any OS. Any Platform. The lobster way. 🦞 . This project has 389084 stars and is trending on GitHub. Let me show you why it's worth your attention.", 'format': 'showcase/review', 'duration_estimate': '5-8 minutes', 'monetization': ['adsense', 'affiliate']}, {'type': 'video', 'title': 'Build a Business with openclaw (Step by Step)', 'description': 'How to use openclaw to build something profitable. Complete walkthrough from setup to deployment.', 'format': 'tutorial', 'duration_estimate': '10-15 minutes', 'monetization': ['adsense', 'digital_product']}], 'timestamp': '2026-09-07T10:55:23.380187'}: 'AgentSwarm' object has no attribute '_generate_video'
2026-09-07 10:55:24,385 [INFO] Processing idea: superpowers
2026-09-07 10:55:24,385 [ERROR] Content production failed for {'type': 'github_repo', 'category': 'automation_ai', 'name': 'superpowers', 'full_name': 'obra/superpowers', 'url': 'https://github.com/obra/superpowers', 'description': 'An agentic skills framework & software development methodology that works.', 'stars': 282629, 'language': 'Shell', 'created_at': '2025-10-09T19:45:18Z', 'profit_potential': {'score': 4, 'reasons': ['High stars (282629)', 'Actively maintained'], 'verdict': 'MEDIUM'}, 'product_idea': [{'type': 'template', 'title': 'superpowers - Production-Ready Template', 'description': 'A polished, documented, production-ready version of superpowers with best practices, tests, and deployment config included.', 'price_suggestion': '$29-99', 'platform': 'Gumroad', 'effort_estimate': '4-8 hours'}, {'type': 'tutorial', 'title': 'How to Build superpowers: Complete Guide', 'description': 'A step-by-step video course or ebook teaching how to use and extend superpowers for real-world projects.', 'price_suggestion': '$19-49', 'platform': 'Gumroad + YouTube', 'effort_estimate': '6-12 hours'}], 'content_idea': [{'type': 'video', 'title': 'This superpowers Project is INSANE (GitHub Trending)', 'description': "Showcasing superpowers - An agentic skills framework & software development methodology that works.. This project has 282629 stars and is trending on GitHub. Let me show you why it's worth your attention.", 'format': 'showcase/review', 'duration_estimate': '5-8 minutes', 'monetization': ['adsense', 'affiliate']}, {'type': 'video', 'title': 'Build a Business with superpowers (Step by Step)', 'description': 'How to use superpowers to build something profitable. Complete walkthrough from setup to deployment.', 'format': 'tutorial', 'duration_estimate': '10-15 minutes', 'monetization': ['adsense', 'digital_product']}], 'timestamp': '2026-09-07T10:55:23.380206'}: 'AgentSwarm' object has no attribute '_generate_video'
2026-09-07 10:55:24,385 [INFO] Processing idea: hermes-agent
2026-09-07 10:55:24,385 [ERROR] Content production failed for {'type': 'github_repo', 'category': 'automation_ai', 'name': 'hermes-agent', 'full_name': 'NousResearch/hermes-agent', 'url': 'https://github.com/NousResearch/hermes-agent', 'description': 'The agent that grows with you', 'stars': 242838, 'language': 'Python', 'created_at': '2025-07-22T22:22:28Z', 'profit_potential': {'score': 4, 'reasons': ['High stars (242838)', 'Actively maintained'], 'verdict': 'MEDIUM'}, 'product_idea': [{'type': 'template', 'title': 'hermes-agent - Production-Ready Template', 'description': 'A polished, documented, production-ready version of hermes-agent with best practices, tests, and deployment config included.', 'price_suggestion': '$29-99', 'platform': 'Gumroad', 'effort_estimate': '4-8 hours'}, {'type': 'tutorial', 'title': 'How to Build hermes-agent: Complete Guide', 'description': 'A step-by-step video course or ebook teaching how to use and extend hermes-agent for real-world projects.', 'price_suggestion': '$19-49', 'platform': 'Gumroad + YouTube', 'effort_estimate': '6-12 hours'}], 'content_idea': [{'type': 'video', 'title': 'This hermes-agent Project is INSANE (GitHub Trending)', 'description': "Showcasing hermes-agent - The agent that grows with you. This project has 242838 stars and is trending on GitHub. Let me show you why it's worth your attention.", 'format': 'showcase/review', 'duration_estimate': '5-8 minutes', 'monetization': ['adsense', 'affiliate']}, {'type': 'video', 'title': 'Build a Business with hermes-agent (Step by Step)', 'description': 'How to use hermes-agent to build something profitable. Complete walkthrough from setup to deployment.', 'format': 'tutorial', 'duration_estimate': '10-15 minutes', 'monetization': ['adsense', 'digital_product']}], 'timestamp': '2026-09-07T10:55:23.380215'}: 'AgentSwarm' object has no attribute '_generate_video'
2026-09-07 10:55:24,385 [INFO] Total productions: 0
2026-09-07 10:55:24,385 [INFO] ============================================================
2026-09-07 10:55:24,385 [INFO] AGENT 4: PRODUCT CREATION
2026-09-07 10:55:24,385 [INFO] ============================================================
2026-09-07 10:55:24,385 [INFO] Creating product from: openclaw
2026-09-07 10:55:24,386 [INFO]   Product: openclaw - Production-Ready Template
2026-09-07 10:55:24,386 [INFO]   Platform: Gumroad
2026-09-07 10:55:24,386 [INFO] Creating product from: superpowers
2026-09-07 10:55:24,386 [INFO]   Product: superpowers - Production-Ready Template
2026-09-07 10:55:24,386 [INFO]   Platform: Gumroad
2026-09-07 10:55:24,386 [INFO] Created 2 products
2026-09-07 10:55:24,386 [INFO] ============================================================
2026-09-07 10:55:24,386 [INFO] AGENT 3: PUBLISHING
2026-09-07 10:55:24,387 [INFO] ============================================================
2026-09-07 10:55:24,387 [INFO] Published 0 pieces
2026-09-07 10:55:24,387 [INFO] ============================================================
2026-09-07 10:55:24,387 [INFO] AGENT 5: FINANCE TRACKING
2026-09-07 10:55:24,387 [INFO] ============================================================
2026-09-07 10:55:24,387 [INFO] Tracking revenue across platforms...
2026-09-07 10:55:24,387 [INFO]   YouTube AdSense: $0.00 (0 views)
2026-09-07 10:55:24,387 [INFO]   Gumroad Sales: $0.00 (0 sales)
2026-09-07 10:55:24,387 [INFO]   Affiliate: $0.00 (0 conversions)
2026-09-07 10:55:24,387 [INFO] Threshold check: $0.00 / $100.00 (need $100.00 more)
2026-09-07 10:55:24,388 [INFO] Total earnings tracked: $0.00
2026-09-07 10:55:24,388 [INFO] Goal: $10,000
2026-09-07 10:55:24,388 [INFO] Progress: 0.0%
2026-09-07 10:55:24,388 [INFO] ============================================================
2026-09-07 10:55:24,388 [INFO] SWARM RUN COMPLETE
2026-09-07 10:55:24,388 [INFO] ============================================================
2026-09-07 10:55:24,388 [INFO] Finished at: 2026-09-07T10:55:24.388688
2026-09-07 16:46:47,086 [INFO] ============================================================
2026-09-07 16:46:47,086 [INFO] AUTONOMOUS EARNINGS SWARM - STARTING
2026-09-07 16:46:47,086 [INFO] ============================================================
2026-09-07 16:46:47,086 [INFO] Started at: 2026-09-07T16:46:47.086917
2026-09-07 16:46:47,087 [INFO] ============================================================
2026-09-07 16:46:47,087 [INFO] AGENT 1: RESEARCH & IDEATION
2026-09-07 16:46:47,087 [INFO] ============================================================
2026-09-07 16:46:47,087 [INFO] Scanning GitHub trending repos...
2026-09-07 16:46:48,791 [INFO] Found 30 trending GitHub projects
2026-09-07 16:46:48,791 [INFO] Searching for trending topics...
2026-09-07 16:46:48,791 [INFO] Web trends found: 3
2026-09-07 16:46:48,791 [INFO] Found 3 web trends
2026-09-07 16:46:48,793 [INFO] Total ideas generated: 33
2026-09-07 16:46:48,793 [INFO] Backlog saved to data/backlog.json
2026-09-07 16:46:48,793 [INFO] ============================================================
2026-09-07 16:46:48,793 [INFO] AGENT 2: CONTENT PRODUCTION
2026-09-07 16:46:48,793 [INFO] ============================================================
2026-09-07 16:46:48,793 [INFO] Processing idea: openclaw
2026-09-07 16:46:48,794 [ERROR] Content production failed for {'type': 'github_repo', 'category': 'automation_ai', 'name': 'openclaw', 'full_name': 'openclaw/openclaw', 'url': 'https://github.com/openclaw/openclaw', 'description': 'The AI that really does things. Any OS. Any Platform. The lobster way. 🦞 ', 'stars': 389114, 'language': 'TypeScript', 'created_at': '2025-11-24T10:16:47Z', 'profit_potential': {'score': 6, 'reasons': ['High stars (389114)', 'Solves concrete problem', 'Actively maintained'], 'verdict': 'HIGH'}, 'product_idea': [{'type': 'template', 'title': 'openclaw - Production-Ready Template', 'description': 'A polished, documented, production-ready version of openclaw with best practices, tests, and deployment config included.', 'price_suggestion': '$29-99', 'platform': 'Gumroad', 'effort_estimate': '4-8 hours'}, {'type': 'tutorial', 'title': 'How to Build openclaw: Complete Guide', 'description': 'A step-by-step video course or ebook teaching how to use and extend openclaw for real-world projects.', 'price_suggestion': '$19-49', 'platform': 'Gumroad + YouTube', 'effort_estimate': '6-12 hours'}], 'content_idea': [{'type': 'video', 'title': 'This openclaw Project is INSANE (GitHub Trending)', 'description': "Showcasing openclaw - The AI that really does things. Any OS. Any Platform. The lobster way. 🦞 . This project has 389114 stars and is trending on GitHub. Let me show you why it's worth your attention.", 'format': 'showcase/review', 'duration_estimate': '5-8 minutes', 'monetization': ['adsense', 'affiliate']}, {'type': 'video', 'title': 'Build a Business with openclaw (Step by Step)', 'description': 'How to use openclaw to build something profitable. Complete walkthrough from setup to deployment.', 'format': 'tutorial', 'duration_estimate': '10-15 minutes', 'monetization': ['adsense', 'digital_product']}], 'timestamp': '2026-09-07T16:46:47.791075'}: 'AgentSwarm' object has no attribute '_generate_video'
2026-09-07 16:46:48,794 [INFO] Processing idea: superpowers
2026-09-07 16:46:48,794 [ERROR] Content production failed for {'type': 'github_repo', 'category': 'automation_ai', 'name': 'superpowers', 'full_name': 'obra/superpowers', 'url': 'https://github.com/obra/superpowers', 'description': 'An agentic skills framework & software development methodology that works.', 'stars': 282749, 'language': 'Shell', 'created_at': '2025-10-09T19:45:18Z', 'profit_potential': {'score': 4, 'reasons': ['High stars (282749)', 'Actively maintained'], 'verdict': 'MEDIUM'}, 'product_idea': [{'type': 'template', 'title': 'superpowers - Production-Ready Template', 'description': 'A polished, documented, production-ready version of superpowers with best practices, tests, and deployment config included.', 'price_suggestion': '$29-99', 'platform': 'Gumroad', 'effort_estimate': '4-8 hours'}, {'type': 'tutorial', 'title': 'How to Build superpowers: Complete Guide', 'description': 'A step-by-step video course or ebook teaching how to use and extend superpowers for real-world projects.', 'price_suggestion': '$19-49', 'platform': 'Gumroad + YouTube', 'effort_estimate': '6-12 hours'}], 'content_idea': [{'type': 'video', 'title': 'This superpowers Project is INSANE (GitHub Trending)', 'description': "Showcasing superpowers - An agentic skills framework & software development methodology that works.. This project has 282749 stars and is trending on GitHub. Let me show you why it's worth your attention.", 'format': 'showcase/review', 'duration_estimate': '5-8 minutes', 'monetization': ['adsense', 'affiliate']}, {'type': 'video', 'title': 'Build a Business with superpowers (Step by Step)', 'description': 'How to use superpowers to build something profitable. Complete walkthrough from setup to deployment.', 'format': 'tutorial', 'duration_estimate': '10-15 minutes', 'monetization': ['adsense', 'digital_product']}], 'timestamp': '2026-09-07T16:46:47.791096'}: 'AgentSwarm' object has no attribute '_generate_video'
2026-09-07 16:46:48,794 [INFO] Processing idea: hermes-agent
2026-09-07 16:46:48,794 [ERROR] Content production failed for {'type': 'github_repo', 'category': 'automation_ai', 'name': 'hermes-agent', 'full_name': 'NousResearch/hermes-agent', 'url': 'https://github.com/NousResearch/hermes-agent', 'description': 'The agent that grows with you', 'stars': 242957, 'language': 'Python', 'created_at': '2025-07-22T22:22:28Z', 'profit_potential': {'score': 4, 'reasons': ['High stars (242957)', 'Actively maintained'], 'verdict': 'MEDIUM'}, 'product_idea': [{'type': 'template', 'title': 'hermes-agent - Production-Ready Template', 'description': 'A polished, documented, production-ready version of hermes-agent with best practices, tests, and deployment config included.', 'price_suggestion': '$29-99', 'platform': 'Gumroad', 'effort_estimate': '4-8 hours'}, {'type': 'tutorial', 'title': 'How to Build hermes-agent: Complete Guide', 'description': 'A step-by-step video course or ebook teaching how to use and extend hermes-agent for real-world projects.', 'price_suggestion': '$19-49', 'platform': 'Gumroad + YouTube', 'effort_estimate': '6-12 hours'}], 'content_idea': [{'type': 'video', 'title': 'This hermes-agent Project is INSANE (GitHub Trending)', 'description': "Showcasing hermes-agent - The agent that grows with you. This project has 242957 stars and is trending on GitHub. Let me show you why it's worth your attention.", 'format': 'showcase/review', 'duration_estimate': '5-8 minutes', 'monetization': ['adsense', 'affiliate']}, {'type': 'video', 'title': 'Build a Business with hermes-agent (Step by Step)', 'description': 'How to use hermes-agent to build something profitable. Complete walkthrough from setup to deployment.', 'format': 'tutorial', 'duration_estimate': '10-15 minutes', 'monetization': ['adsense', 'digital_product']}], 'timestamp': '2026-09-07T16:46:47.791105'}: 'AgentSwarm' object has no attribute '_generate_video'
2026-09-07 16:46:48,794 [INFO] Total productions: 0
2026-09-07 16:46:48,794 [INFO] ============================================================
2026-09-07 16:46:48,794 [INFO] AGENT 4: PRODUCT CREATION
2026-09-07 16:46:48,794 [INFO] ============================================================
2026-09-07 16:46:48,794 [INFO] Creating product from: openclaw
2026-09-07 16:46:48,795 [INFO]   Product: openclaw - Production-Ready Template
2026-09-07 16:46:48,795 [INFO]   Platform: Gumroad
2026-09-07 16:46:48,795 [INFO] Creating product from: superpowers
2026-09-07 16:46:48,795 [INFO]   Product: superpowers - Production-Ready Template
2026-09-07 16:46:48,795 [INFO]   Platform: Gumroad
2026-09-07 16:46:48,795 [INFO] Created 2 products
2026-09-07 16:46:48,795 [INFO] ============================================================
2026-09-07 16:46:48,795 [INFO] AGENT 3: PUBLISHING
2026-09-07 16:46:48,795 [INFO] ============================================================
2026-09-07 16:46:48,796 [INFO] Published 0 pieces
2026-09-07 16:46:48,796 [INFO] ============================================================
2026-09-07 16:46:48,796 [INFO] AGENT 5: FINANCE TRACKING
2026-09-07 16:46:48,796 [INFO] ============================================================
2026-09-07 16:46:48,796 [INFO] Tracking revenue across platforms...
2026-09-07 16:46:48,796 [INFO]   YouTube AdSense: $0.00 (0 views)
2026-09-07 16:46:48,796 [INFO]   Gumroad Sales: $0.00 (0 sales)
2026-09-07 16:46:48,796 [INFO]   Affiliate: $0.00 (0 conversions)
2026-09-07 16:46:48,796 [INFO] Threshold check: $0.00 / $100.00 (need $100.00 more)
2026-09-07 16:46:48,796 [INFO] Total earnings tracked: $0.00
2026-09-07 16:46:48,796 [INFO] Goal: $10,000
2026-09-07 16:46:48,796 [INFO] Progress: 0.0%
2026-09-07 16:46:48,796 [INFO] ============================================================
2026-09-07 16:46:48,796 [INFO] SWARM RUN COMPLETE
2026-09-07 16:46:48,796 [INFO] ============================================================
2026-09-07 16:46:48,796 [INFO] Finished at: 2026-09-07T16:46:48.796936
2026-09-07 20:52:48,373 [INFO] ============================================================
2026-09-07 20:52:48,374 [INFO] AUTONOMOUS EARNINGS SWARM - STARTING
2026-09-07 20:52:48,374 [INFO] ============================================================
2026-09-07 20:52:48,374 [INFO] Started at: 2026-09-07T20:52:48.374208
2026-09-07 20:52:48,374 [INFO] ============================================================
2026-09-07 20:52:48,374 [INFO] AGENT 1: RESEARCH & IDEATION
2026-09-07 20:52:48,374 [INFO] ============================================================
2026-09-07 20:52:48,374 [INFO] Scanning GitHub trending repos...
2026-09-07 20:52:49,859 [INFO] Found 30 trending GitHub projects
2026-09-07 20:52:49,860 [INFO] Searching for trending topics...
2026-09-07 20:52:49,860 [INFO] Web trends found: 3
2026-09-07 20:52:49,860 [INFO] Found 3 web trends
2026-09-07 20:52:49,862 [INFO] Total ideas generated: 33
2026-09-07 20:52:49,862 [INFO] Backlog saved to data/backlog.json
2026-09-07 20:52:49,862 [INFO] ============================================================
2026-09-07 20:52:49,862 [INFO] AGENT 2: CONTENT PRODUCTION
2026-09-07 20:52:49,862 [INFO] ============================================================
2026-09-07 20:52:49,862 [INFO] Processing idea: openclaw
2026-09-07 20:52:49,862 [ERROR] Content production failed for {'type': 'github_repo', 'category': 'automation_ai', 'name': 'openclaw', 'full_name': 'openclaw/openclaw', 'url': 'https://github.com/openclaw/openclaw', 'description': 'The AI that really does things. Any OS. Any Platform. The lobster way. 🦞 ', 'stars': 389130, 'language': 'TypeScript', 'created_at': '2025-11-24T10:16:47Z', 'profit_potential': {'score': 6, 'reasons': ['High stars (389130)', 'Solves concrete problem', 'Actively maintained'], 'verdict': 'HIGH'}, 'product_idea': [{'type': 'template', 'title': 'openclaw - Production-Ready Template', 'description': 'A polished, documented, production-ready version of openclaw with best practices, tests, and deployment config included.', 'price_suggestion': '$29-99', 'platform': 'Gumroad', 'effort_estimate': '4-8 hours'}, {'type': 'tutorial', 'title': 'How to Build openclaw: Complete Guide', 'description': 'A step-by-step video course or ebook teaching how to use and extend openclaw for real-world projects.', 'price_suggestion': '$19-49', 'platform': 'Gumroad + YouTube', 'effort_estimate': '6-12 hours'}], 'content_idea': [{'type': 'video', 'title': 'This openclaw Project is INSANE (GitHub Trending)', 'description': "Showcasing openclaw - The AI that really does things. Any OS. Any Platform. The lobster way. 🦞 . This project has 389130 stars and is trending on GitHub. Let me show you why it's worth your attention.", 'format': 'showcase/review', 'duration_estimate': '5-8 minutes', 'monetization': ['adsense', 'affiliate']}, {'type': 'video', 'title': 'Build a Business with openclaw (Step by Step)', 'description': 'How to use openclaw to build something profitable. Complete walkthrough from setup to deployment.', 'format': 'tutorial', 'duration_estimate': '10-15 minutes', 'monetization': ['adsense', 'digital_product']}], 'timestamp': '2026-09-07T20:52:48.934933'}: 'AgentSwarm' object has no attribute '_generate_video'
2026-09-07 20:52:49,862 [INFO] Processing idea: superpowers
2026-09-07 20:52:49,863 [ERROR] Content production failed for {'type': 'github_repo', 'category': 'automation_ai', 'name': 'superpowers', 'full_name': 'obra/superpowers', 'url': 'https://github.com/obra/superpowers', 'description': 'An agentic skills framework & software development methodology that works.', 'stars': 282805, 'language': 'Shell', 'created_at': '2025-10-09T19:45:18Z', 'profit_potential': {'score': 4, 'reasons': ['High stars (282805)', 'Actively maintained'], 'verdict': 'MEDIUM'}, 'product_idea': [{'type': 'template', 'title': 'superpowers - Production-Ready Template', 'description': 'A polished, documented, production-ready version of superpowers with best practices, tests, and deployment config included.', 'price_suggestion': '$29-99', 'platform': 'Gumroad', 'effort_estimate': '4-8 hours'}, {'type': 'tutorial', 'title': 'How to Build superpowers: Complete Guide', 'description': 'A step-by-step video course or ebook teaching how to use and extend superpowers for real-world projects.', 'price_suggestion': '$19-49', 'platform': 'Gumroad + YouTube', 'effort_estimate': '6-12 hours'}], 'content_idea': [{'type': 'video', 'title': 'This superpowers Project is INSANE (GitHub Trending)', 'description': "Showcasing superpowers - An agentic skills framework & software development methodology that works.. This project has 282805 stars and is trending on GitHub. Let me show you why it's worth your attention.", 'format': 'showcase/review', 'duration_estimate': '5-8 minutes', 'monetization': ['adsense', 'affiliate']}, {'type': 'video', 'title': 'Build a Business with superpowers (Step by Step)', 'description': 'How to use superpowers to build something profitable. Complete walkthrough from setup to deployment.', 'format': 'tutorial', 'duration_estimate': '10-15 minutes', 'monetization': ['adsense', 'digital_product']}], 'timestamp': '2026-09-07T20:52:48.934952'}: 'AgentSwarm' object has no attribute '_generate_video'
2026-09-07 20:52:49,863 [INFO] Processing idea: hermes-agent
2026-09-07 20:52:49,863 [ERROR] Content production failed for {'type': 'github_repo', 'category': 'automation_ai', 'name': 'hermes-agent', 'full_name': 'NousResearch/hermes-agent', 'url': 'https://github.com/NousResearch/hermes-agent', 'description': 'The agent that grows with you', 'stars': 243011, 'language': 'Python', 'created_at': '2025-07-22T22:22:28Z', 'profit_potential': {'score': 4, 'reasons': ['High stars (243011)', 'Actively maintained'], 'verdict': 'MEDIUM'}, 'product_idea': [{'type': 'template', 'title': 'hermes-agent - Production-Ready Template', 'description': 'A polished, documented, production-ready version of hermes-agent with best practices, tests, and deployment config included.', 'price_suggestion': '$29-99', 'platform': 'Gumroad', 'effort_estimate': '4-8 hours'}, {'type': 'tutorial', 'title': 'How to Build hermes-agent: Complete Guide', 'description': 'A step-by-step video course or ebook teaching how to use and extend hermes-agent for real-world projects.', 'price_suggestion': '$19-49', 'platform': 'Gumroad + YouTube', 'effort_estimate': '6-12 hours'}], 'content_idea': [{'type': 'video', 'title': 'This hermes-agent Project is INSANE (GitHub Trending)', 'description': "Showcasing hermes-agent - The agent that grows with you. This project has 243011 stars and is trending on GitHub. Let me show you why it's worth your attention.", 'format': 'showcase/review', 'duration_estimate': '5-8 minutes', 'monetization': ['adsense', 'affiliate']}, {'type': 'video', 'title': 'Build a Business with hermes-agent (Step by Step)', 'description': 'How to use hermes-agent to build something profitable. Complete walkthrough from setup to deployment.', 'format': 'tutorial', 'duration_estimate': '10-15 minutes', 'monetization': ['adsense', 'digital_product']}], 'timestamp': '2026-09-07T20:52:48.934961'}: 'AgentSwarm' object has no attribute '_generate_video'
2026-09-07 20:52:49,863 [INFO] Total productions: 0
2026-09-07 20:52:49,863 [INFO] ============================================================
2026-09-07 20:52:49,863 [INFO] AGENT 4: PRODUCT CREATION
2026-09-07 20:52:49,863 [INFO] ============================================================
2026-09-07 20:52:49,863 [INFO] Creating product from: openclaw
2026-09-07 20:52:49,863 [INFO]   Product: openclaw - Production-Ready Template
2026-09-07 20:52:49,863 [INFO]   Platform: Gumroad
2026-09-07 20:52:49,863 [INFO] Creating product from: superpowers
2026-09-07 20:52:49,864 [INFO]   Product: superpowers - Production-Ready Template
2026-09-07 20:52:49,864 [INFO]   Platform: Gumroad
2026-09-07 20:52:49,864 [INFO] Created 2 products
2026-09-07 20:52:49,864 [INFO] ============================================================
2026-09-07 20:52:49,864 [INFO] AGENT 3: PUBLISHING
2026-09-07 20:52:49,864 [INFO] ============================================================
2026-09-07 20:52:49,865 [INFO] Published 0 pieces
2026-09-07 20:52:49,865 [INFO] ============================================================
2026-09-07 20:52:49,865 [INFO] AGENT 5: FINANCE TRACKING
2026-09-07 20:52:49,865 [INFO] ============================================================
2026-09-07 20:52:49,865 [INFO] Tracking revenue across platforms...
2026-09-07 20:52:49,865 [INFO]   YouTube AdSense: $0.00 (0 views)
2026-09-07 20:52:49,865 [INFO]   Gumroad Sales: $0.00 (0 sales)
2026-09-07 20:52:49,865 [INFO]   Affiliate: $0.00 (0 conversions)
2026-09-07 20:52:49,865 [INFO] Threshold check: $0.00 / $100.00 (need $100.00 more)
2026-09-07 20:52:49,865 [INFO] Total earnings tracked: $0.00
2026-09-07 20:52:49,865 [INFO] Goal: $10,000
2026-09-07 20:52:49,865 [INFO] Progress: 0.0%
2026-09-07 20:52:49,865 [INFO] ============================================================
2026-09-07 20:52:49,866 [INFO] SWARM RUN COMPLETE
2026-09-07 20:52:49,866 [INFO] ============================================================
2026-09-07 20:52:49,866 [INFO] Finished at: 2026-09-07T20:52:49.866078
2026-09-08 01:48:47,416 [INFO] ============================================================
2026-09-08 01:48:47,416 [INFO] AUTONOMOUS EARNINGS SWARM - STARTING
2026-09-08 01:48:47,416 [INFO] ============================================================
2026-09-08 01:48:47,416 [INFO] Started at: 2026-09-08T01:48:47.416883
2026-09-08 01:48:47,416 [INFO] ============================================================
2026-09-08 01:48:47,417 [INFO] AGENT 1: RESEARCH & IDEATION
2026-09-08 01:48:47,417 [INFO] ============================================================
2026-09-08 01:48:47,417 [INFO] Scanning GitHub trending repos...
2026-09-08 01:48:48,705 [INFO] Found 30 trending GitHub projects
2026-09-08 01:48:48,705 [INFO] Searching for trending topics...
2026-09-08 01:48:48,705 [INFO] Web trends found: 3
2026-09-08 01:48:48,705 [INFO] Found 3 web trends
2026-09-08 01:48:48,707 [INFO] Total ideas generated: 33
2026-09-08 01:48:48,707 [INFO] Backlog saved to data/backlog.json
2026-09-08 01:48:48,707 [INFO] ============================================================
2026-09-08 01:48:48,707 [INFO] AGENT 2: CONTENT PRODUCTION
2026-09-08 01:48:48,707 [INFO] ============================================================
2026-09-08 01:48:48,707 [INFO] Processing idea: openclaw
2026-09-08 01:48:48,708 [ERROR] Content production failed for {'type': 'github_repo', 'category': 'automation_ai', 'name': 'openclaw', 'full_name': 'openclaw/openclaw', 'url': 'https://github.com/openclaw/openclaw', 'description': 'The AI that really does things. Any OS. Any Platform. The lobster way. 🦞 ', 'stars': 389148, 'language': 'TypeScript', 'created_at': '2025-11-24T10:16:47Z', 'profit_potential': {'score': 6, 'reasons': ['High stars (389148)', 'Solves concrete problem', 'Actively maintained'], 'verdict': 'HIGH'}, 'product_idea': [{'type': 'template', 'title': 'openclaw - Production-Ready Template', 'description': 'A polished, documented, production-ready version of openclaw with best practices, tests, and deployment config included.', 'price_suggestion': '$29-99', 'platform': 'Gumroad', 'effort_estimate': '4-8 hours'}, {'type': 'tutorial', 'title': 'How to Build openclaw: Complete Guide', 'description': 'A step-by-step video course or ebook teaching how to use and extend openclaw for real-world projects.', 'price_suggestion': '$19-49', 'platform': 'Gumroad + YouTube', 'effort_estimate': '6-12 hours'}], 'content_idea': [{'type': 'video', 'title': 'This openclaw Project is INSANE (GitHub Trending)', 'description': "Showcasing openclaw - The AI that really does things. Any OS. Any Platform. The lobster way. 🦞 . This project has 389148 stars and is trending on GitHub. Let me show you why it's worth your attention.", 'format': 'showcase/review', 'duration_estimate': '5-8 minutes', 'monetization': ['adsense', 'affiliate']}, {'type': 'video', 'title': 'Build a Business with openclaw (Step by Step)', 'description': 'How to use openclaw to build something profitable. Complete walkthrough from setup to deployment.', 'format': 'tutorial', 'duration_estimate': '10-15 minutes', 'monetization': ['adsense', 'digital_product']}], 'timestamp': '2026-09-08T01:48:47.907258'}: 'AgentSwarm' object has no attribute '_generate_video'
2026-09-08 01:48:48,708 [INFO] Processing idea: superpowers
2026-09-08 01:48:48,708 [ERROR] Content production failed for {'type': 'github_repo', 'category': 'automation_ai', 'name': 'superpowers', 'full_name': 'obra/superpowers', 'url': 'https://github.com/obra/superpowers', 'description': 'An agentic skills framework & software development methodology that works.', 'stars': 282850, 'language': 'Shell', 'created_at': '2025-10-09T19:45:18Z', 'profit_potential': {'score': 4, 'reasons': ['High stars (282850)', 'Actively maintained'], 'verdict': 'MEDIUM'}, 'product_idea': [{'type': 'template', 'title': 'superpowers - Production-Ready Template', 'description': 'A polished, documented, production-ready version of superpowers with best practices, tests, and deployment config included.', 'price_suggestion': '$29-99', 'platform': 'Gumroad', 'effort_estimate': '4-8 hours'}, {'type': 'tutorial', 'title': 'How to Build superpowers: Complete Guide', 'description': 'A step-by-step video course or ebook teaching how to use and extend superpowers for real-world projects.', 'price_suggestion': '$19-49', 'platform': 'Gumroad + YouTube', 'effort_estimate': '6-12 hours'}], 'content_idea': [{'type': 'video', 'title': 'This superpowers Project is INSANE (GitHub Trending)', 'description': "Showcasing superpowers - An agentic skills framework & software development methodology that works.. This project has 282850 stars and is trending on GitHub. Let me show you why it's worth your attention.", 'format': 'showcase/review', 'duration_estimate': '5-8 minutes', 'monetization': ['adsense', 'affiliate']}, {'type': 'video', 'title': 'Build a Business with superpowers (Step by Step)', 'description': 'How to use superpowers to build something profitable. Complete walkthrough from setup to deployment.', 'format': 'tutorial', 'duration_estimate': '10-15 minutes', 'monetization': ['adsense', 'digital_product']}], 'timestamp': '2026-09-08T01:48:47.907277'}: 'AgentSwarm' object has no attribute '_generate_video'
2026-09-08 01:48:48,708 [INFO] Processing idea: hermes-agent
2026-09-08 01:48:48,708 [ERROR] Content production failed for {'type': 'github_repo', 'category': 'automation_ai', 'name': 'hermes-agent', 'full_name': 'NousResearch/hermes-agent', 'url': 'https://github.com/NousResearch/hermes-agent', 'description': 'The agent that grows with you', 'stars': 243059, 'language': 'Python', 'created_at': '2025-07-22T22:22:28Z', 'profit_potential': {'score': 4, 'reasons': ['High stars (243059)', 'Actively maintained'], 'verdict': 'MEDIUM'}, 'product_idea': [{'type': 'template', 'title': 'hermes-agent - Production-Ready Template', 'description': 'A polished, documented, production-ready version of hermes-agent with best practices, tests, and deployment config included.', 'price_suggestion': '$29-99', 'platform': 'Gumroad', 'effort_estimate': '4-8 hours'}, {'type': 'tutorial', 'title': 'How to Build hermes-agent: Complete Guide', 'description': 'A step-by-step video course or ebook teaching how to use and extend hermes-agent for real-world projects.', 'price_suggestion': '$19-49', 'platform': 'Gumroad + YouTube', 'effort_estimate': '6-12 hours'}], 'content_idea': [{'type': 'video', 'title': 'This hermes-agent Project is INSANE (GitHub Trending)', 'description': "Showcasing hermes-agent - The agent that grows with you. This project has 243059 stars and is trending on GitHub. Let me show you why it's worth your attention.", 'format': 'showcase/review', 'duration_estimate': '5-8 minutes', 'monetization': ['adsense', 'affiliate']}, {'type': 'video', 'title': 'Build a Business with hermes-agent (Step by Step)', 'description': 'How to use hermes-agent to build something profitable. Complete walkthrough from setup to deployment.', 'format': 'tutorial', 'duration_estimate': '10-15 minutes', 'monetization': ['adsense', 'digital_product']}], 'timestamp': '2026-09-08T01:48:47.907286'}: 'AgentSwarm' object has no attribute '_generate_video'
2026-09-08 01:48:48,708 [INFO] Total productions: 0
2026-09-08 01:48:48,708 [INFO] ============================================================
2026-09-08 01:48:48,708 [INFO] AGENT 4: PRODUCT CREATION
2026-09-08 01:48:48,708 [INFO] ============================================================
2026-09-08 01:48:48,708 [INFO] Creating product from: openclaw
2026-09-08 01:48:48,709 [INFO]   Product: openclaw - Production-Ready Template
2026-09-08 01:48:48,709 [INFO]   Platform: Gumroad
2026-09-08 01:48:48,709 [INFO] Creating product from: superpowers
2026-09-08 01:48:48,709 [INFO]   Product: superpowers - Production-Ready Template
2026-09-08 01:48:48,709 [INFO]   Platform: Gumroad
2026-09-08 01:48:48,710 [INFO] Created 2 products
2026-09-08 01:48:48,710 [INFO] ============================================================
2026-09-08 01:48:48,710 [INFO] AGENT 3: PUBLISHING
2026-09-08 01:48:48,710 [INFO] ============================================================
2026-09-08 01:48:48,710 [INFO] Published 0 pieces
2026-09-08 01:48:48,710 [INFO] ============================================================
2026-09-08 01:48:48,710 [INFO] AGENT 5: FINANCE TRACKING
2026-09-08 01:48:48,710 [INFO] ============================================================
2026-09-08 01:48:48,710 [INFO] Tracking revenue across platforms...
2026-09-08 01:48:48,710 [INFO]   YouTube AdSense: $0.00 (0 views)
2026-09-08 01:48:48,710 [INFO]   Gumroad Sales: $0.00 (0 sales)
2026-09-08 01:48:48,710 [INFO]   Affiliate: $0.00 (0 conversions)
2026-09-08 01:48:48,711 [INFO] Threshold check: $0.00 / $100.00 (need $100.00 more)
2026-09-08 01:48:48,711 [INFO] Total earnings tracked: $0.00
2026-09-08 01:48:48,711 [INFO] Goal: $10,000
2026-09-08 01:48:48,711 [INFO] Progress: 0.0%
2026-09-08 01:48:48,711 [INFO] ============================================================
2026-09-08 01:48:48,711 [INFO] SWARM RUN COMPLETE
2026-09-08 01:48:48,711 [INFO] ============================================================
2026-09-08 01:48:48,711 [INFO] Finished at: 2026-09-08T01:48:48.711645
2026-09-08 10:12:53,667 [INFO] ============================================================
2026-09-08 10:12:53,667 [INFO] AUTONOMOUS EARNINGS SWARM - STARTING
2026-09-08 10:12:53,667 [INFO] ============================================================
2026-09-08 10:12:53,668 [INFO] Started at: 2026-09-08T10:12:53.668050
2026-09-08 10:12:53,668 [INFO] ============================================================
2026-09-08 10:12:53,668 [INFO] AGENT 1: RESEARCH & IDEATION
2026-09-08 10:12:53,668 [INFO] ============================================================
2026-09-08 10:12:53,668 [INFO] Scanning GitHub trending repos...
2026-09-08 10:12:55,440 [INFO] Found 30 trending GitHub projects
2026-09-08 10:12:55,440 [INFO] Searching for trending topics...
2026-09-08 10:12:55,440 [INFO] Web trends found: 3
2026-09-08 10:12:55,440 [INFO] Found 3 web trends
2026-09-08 10:12:55,442 [INFO] Total ideas generated: 33
2026-09-08 10:12:55,442 [INFO] Backlog saved to data/backlog.json
2026-09-08 10:12:55,442 [INFO] ============================================================
2026-09-08 10:12:55,442 [INFO] AGENT 2: CONTENT PRODUCTION
2026-09-08 10:12:55,443 [INFO] ============================================================
2026-09-08 10:12:55,443 [INFO] Processing idea: openclaw
2026-09-08 10:12:55,443 [ERROR] Content production failed for {'type': 'github_repo', 'category': 'automation_ai', 'name': 'openclaw', 'full_name': 'openclaw/openclaw', 'url': 'https://github.com/openclaw/openclaw', 'description': 'The AI that really does things. Any OS. Any Platform. The lobster way. 🦞 ', 'stars': 389188, 'language': 'TypeScript', 'created_at': '2025-11-24T10:16:47Z', 'profit_potential': {'score': 6, 'reasons': ['High stars (389188)', 'Solves concrete problem', 'Actively maintained'], 'verdict': 'HIGH'}, 'product_idea': [{'type': 'template', 'title': 'openclaw - Production-Ready Template', 'description': 'A polished, documented, production-ready version of openclaw with best practices, tests, and deployment config included.', 'price_suggestion': '$29-99', 'platform': 'Gumroad', 'effort_estimate': '4-8 hours'}, {'type': 'tutorial', 'title': 'How to Build openclaw: Complete Guide', 'description': 'A step-by-step video course or ebook teaching how to use and extend openclaw for real-world projects.', 'price_suggestion': '$19-49', 'platform': 'Gumroad + YouTube', 'effort_estimate': '6-12 hours'}], 'content_idea': [{'type': 'video', 'title': 'This openclaw Project is INSANE (GitHub Trending)', 'description': "Showcasing openclaw - The AI that really does things. Any OS. Any Platform. The lobster way. 🦞 . This project has 389188 stars and is trending on GitHub. Let me show you why it's worth your attention.", 'format': 'showcase/review', 'duration_estimate': '5-8 minutes', 'monetization': ['adsense', 'affiliate']}, {'type': 'video', 'title': 'Build a Business with openclaw (Step by Step)', 'description': 'How to use openclaw to build something profitable. Complete walkthrough from setup to deployment.', 'format': 'tutorial', 'duration_estimate': '10-15 minutes', 'monetization': ['adsense', 'digital_product']}], 'timestamp': '2026-09-08T10:12:54.423360'}: 'AgentSwarm' object has no attribute '_generate_video'
2026-09-08 10:12:55,443 [INFO] Processing idea: superpowers
2026-09-08 10:12:55,443 [ERROR] Content production failed for {'type': 'github_repo', 'category': 'automation_ai', 'name': 'superpowers', 'full_name': 'obra/superpowers', 'url': 'https://github.com/obra/superpowers', 'description': 'An agentic skills framework & software development methodology that works.', 'stars': 283013, 'language': 'Shell', 'created_at': '2025-10-09T19:45:18Z', 'profit_potential': {'score': 4, 'reasons': ['High stars (283013)', 'Actively maintained'], 'verdict': 'MEDIUM'}, 'product_idea': [{'type': 'template', 'title': 'superpowers - Production-Ready Template', 'description': 'A polished, documented, production-ready version of superpowers with best practices, tests, and deployment config included.', 'price_suggestion': '$29-99', 'platform': 'Gumroad', 'effort_estimate': '4-8 hours'}, {'type': 'tutorial', 'title': 'How to Build superpowers: Complete Guide', 'description': 'A step-by-step video course or ebook teaching how to use and extend superpowers for real-world projects.', 'price_suggestion': '$19-49', 'platform': 'Gumroad + YouTube', 'effort_estimate': '6-12 hours'}], 'content_idea': [{'type': 'video', 'title': 'This superpowers Project is INSANE (GitHub Trending)', 'description': "Showcasing superpowers - An agentic skills framework & software development methodology that works.. This project has 283013 stars and is trending on GitHub. Let me show you why it's worth your attention.", 'format': 'showcase/review', 'duration_estimate': '5-8 minutes', 'monetization': ['adsense', 'affiliate']}, {'type': 'video', 'title': 'Build a Business with superpowers (Step by Step)', 'description': 'How to use superpowers to build something profitable. Complete walkthrough from setup to deployment.', 'format': 'tutorial', 'duration_estimate': '10-15 minutes', 'monetization': ['adsense', 'digital_product']}], 'timestamp': '2026-09-08T10:12:54.423379'}: 'AgentSwarm' object has no attribute '_generate_video'
2026-09-08 10:12:55,443 [INFO] Processing idea: hermes-agent
2026-09-08 10:12:55,443 [ERROR] Content production failed for {'type': 'github_repo', 'category': 'automation_ai', 'name': 'hermes-agent', 'full_name': 'NousResearch/hermes-agent', 'url': 'https://github.com/NousResearch/hermes-agent', 'description': 'The agent that grows with you', 'stars': 243221, 'language': 'Python', 'created_at': '2025-07-22T22:22:28Z', 'profit_potential': {'score': 4, 'reasons': ['High stars (243221)', 'Actively maintained'], 'verdict': 'MEDIUM'}, 'product_idea': [{'type': 'template', 'title': 'hermes-agent - Production-Ready Template', 'description': 'A polished, documented, production-ready version of hermes-agent with best practices, tests, and deployment config included.', 'price_suggestion': '$29-99', 'platform': 'Gumroad', 'effort_estimate': '4-8 hours'}, {'type': 'tutorial', 'title': 'How to Build hermes-agent: Complete Guide', 'description': 'A step-by-step video course or ebook teaching how to use and extend hermes-agent for real-world projects.', 'price_suggestion': '$19-49', 'platform': 'Gumroad + YouTube', 'effort_estimate': '6-12 hours'}], 'content_idea': [{'type': 'video', 'title': 'This hermes-agent Project is INSANE (GitHub Trending)', 'description': "Showcasing hermes-agent - The agent that grows with you. This project has 243221 stars and is trending on GitHub. Let me show you why it's worth your attention.", 'format': 'showcase/review', 'duration_estimate': '5-8 minutes', 'monetization': ['adsense', 'affiliate']}, {'type': 'video', 'title': 'Build a Business with hermes-agent (Step by Step)', 'description': 'How to use hermes-agent to build something profitable. Complete walkthrough from setup to deployment.', 'format': 'tutorial', 'duration_estimate': '10-15 minutes', 'monetization': ['adsense', 'digital_product']}], 'timestamp': '2026-09-08T10:12:54.423388'}: 'AgentSwarm' object has no attribute '_generate_video'
2026-09-08 10:12:55,443 [INFO] Total productions: 0
2026-09-08 10:12:55,443 [INFO] ============================================================
2026-09-08 10:12:55,443 [INFO] AGENT 4: PRODUCT CREATION
2026-09-08 10:12:55,443 [INFO] ============================================================
2026-09-08 10:12:55,443 [INFO] Creating product from: openclaw
2026-09-08 10:12:55,444 [INFO]   Product: openclaw - Production-Ready Template
2026-09-08 10:12:55,444 [INFO]   Platform: Gumroad
2026-09-08 10:12:55,444 [INFO] Creating product from: superpowers
2026-09-08 10:12:55,444 [INFO]   Product: superpowers - Production-Ready Template
2026-09-08 10:12:55,444 [INFO]   Platform: Gumroad
2026-09-08 10:12:55,444 [INFO] Created 2 products
2026-09-08 10:12:55,444 [INFO] ============================================================
2026-09-08 10:12:55,444 [INFO] AGENT 3: PUBLISHING
2026-09-08 10:12:55,444 [INFO] ============================================================
2026-09-08 10:12:55,445 [INFO] Published 0 pieces
2026-09-08 10:12:55,445 [INFO] ============================================================
2026-09-08 10:12:55,445 [INFO] AGENT 5: FINANCE TRACKING
2026-09-08 10:12:55,445 [INFO] ============================================================
2026-09-08 10:12:55,445 [INFO] Tracking revenue across platforms...
2026-09-08 10:12:55,445 [INFO]   YouTube AdSense: $0.00 (0 views)
2026-09-08 10:12:55,445 [INFO]   Gumroad Sales: $0.00 (0 sales)
2026-09-08 10:12:55,445 [INFO]   Affiliate: $0.00 (0 conversions)
2026-09-08 10:12:55,445 [INFO] Threshold check: $0.00 / $100.00 (need $100.00 more)
2026-09-08 10:12:55,445 [INFO] Total earnings tracked: $0.00
2026-09-08 10:12:55,445 [INFO] Goal: $10,000
2026-09-08 10:12:55,445 [INFO] Progress: 0.0%
2026-09-08 10:12:55,446 [INFO] ============================================================
2026-09-08 10:12:55,446 [INFO] SWARM RUN COMPLETE
2026-09-08 10:12:55,446 [INFO] ============================================================
2026-09-08 10:12:55,446 [INFO] Finished at: 2026-09-08T10:12:55.446234
2026-09-08 15:32:54,495 [INFO] ============================================================
2026-09-08 15:32:54,495 [INFO] AUTONOMOUS EARNINGS SWARM - STARTING
2026-09-08 15:32:54,495 [INFO] ============================================================
2026-09-08 15:32:54,495 [INFO] Started at: 2026-09-08T15:32:54.495342
2026-09-08 15:32:54,495 [INFO] ============================================================
2026-09-08 15:32:54,495 [INFO] AGENT 1: RESEARCH & IDEATION
2026-09-08 15:32:54,495 [INFO] ============================================================
2026-09-08 15:32:54,495 [INFO] Scanning GitHub trending repos...
2026-09-08 15:32:55,859 [INFO] Found 30 trending GitHub projects
2026-09-08 15:32:55,859 [INFO] Searching for trending topics...
2026-09-08 15:32:55,859 [INFO] Web trends found: 3
2026-09-08 15:32:55,859 [INFO] Found 3 web trends
2026-09-08 15:32:55,862 [INFO] Total ideas generated: 33
2026-09-08 15:32:55,862 [INFO] Backlog saved to data/backlog.json
2026-09-08 15:32:55,862 [INFO] ============================================================
2026-09-08 15:32:55,862 [INFO] AGENT 2: CONTENT PRODUCTION
2026-09-08 15:32:55,862 [INFO] ============================================================
2026-09-08 15:32:55,862 [INFO] Processing idea: openclaw
2026-09-08 15:32:55,862 [ERROR] Content production failed for {'type': 'github_repo', 'category': 'automation_ai', 'name': 'openclaw', 'full_name': 'openclaw/openclaw', 'url': 'https://github.com/openclaw/openclaw', 'description': 'The AI that really does things. Any OS. Any Platform. The lobster way. 🦞 ', 'stars': 389215, 'language': 'TypeScript', 'created_at': '2025-11-24T10:16:47Z', 'profit_potential': {'score': 6, 'reasons': ['High stars (389215)', 'Solves concrete problem', 'Actively maintained'], 'verdict': 'HIGH'}, 'product_idea': [{'type': 'template', 'title': 'openclaw - Production-Ready Template', 'description': 'A polished, documented, production-ready version of openclaw with best practices, tests, and deployment config included.', 'price_suggestion': '$29-99', 'platform': 'Gumroad', 'effort_estimate': '4-8 hours'}, {'type': 'tutorial', 'title': 'How to Build openclaw: Complete Guide', 'description': 'A step-by-step video course or ebook teaching how to use and extend openclaw for real-world projects.', 'price_suggestion': '$19-49', 'platform': 'Gumroad + YouTube', 'effort_estimate': '6-12 hours'}], 'content_idea': [{'type': 'video', 'title': 'This openclaw Project is INSANE (GitHub Trending)', 'description': "Showcasing openclaw - The AI that really does things. Any OS. Any Platform. The lobster way. 🦞 . This project has 389215 stars and is trending on GitHub. Let me show you why it's worth your attention.", 'format': 'showcase/review', 'duration_estimate': '5-8 minutes', 'monetization': ['adsense', 'affiliate']}, {'type': 'video', 'title': 'Build a Business with openclaw (Step by Step)', 'description': 'How to use openclaw to build something profitable. Complete walkthrough from setup to deployment.', 'format': 'tutorial', 'duration_estimate': '10-15 minutes', 'monetization': ['adsense', 'digital_product']}], 'timestamp': '2026-09-08T15:32:55.094286'}: 'AgentSwarm' object has no attribute '_generate_video'
2026-09-08 15:32:55,862 [INFO] Processing idea: superpowers
2026-09-08 15:32:55,862 [ERROR] Content production failed for {'type': 'github_repo', 'category': 'automation_ai', 'name': 'superpowers', 'full_name': 'obra/superpowers', 'url': 'https://github.com/obra/superpowers', 'description': 'An agentic skills framework & software development methodology that works.', 'stars': 283171, 'language': 'Shell', 'created_at': '2025-10-09T19:45:18Z', 'profit_potential': {'score': 4, 'reasons': ['High stars (283171)', 'Actively maintained'], 'verdict': 'MEDIUM'}, 'product_idea': [{'type': 'template', 'title': 'superpowers - Production-Ready Template', 'description': 'A polished, documented, production-ready version of superpowers with best practices, tests, and deployment config included.', 'price_suggestion': '$29-99', 'platform': 'Gumroad', 'effort_estimate': '4-8 hours'}, {'type': 'tutorial', 'title': 'How to Build superpowers: Complete Guide', 'description': 'A step-by-step video course or ebook teaching how to use and extend superpowers for real-world projects.', 'price_suggestion': '$19-49', 'platform': 'Gumroad + YouTube', 'effort_estimate': '6-12 hours'}], 'content_idea': [{'type': 'video', 'title': 'This superpowers Project is INSANE (GitHub Trending)', 'description': "Showcasing superpowers - An agentic skills framework & software development methodology that works.. This project has 283171 stars and is trending on GitHub. Let me show you why it's worth your attention.", 'format': 'showcase/review', 'duration_estimate': '5-8 minutes', 'monetization': ['adsense', 'affiliate']}, {'type': 'video', 'title': 'Build a Business with superpowers (Step by Step)', 'description': 'How to use superpowers to build something profitable. Complete walkthrough from setup to deployment.', 'format': 'tutorial', 'duration_estimate': '10-15 minutes', 'monetization': ['adsense', 'digital_product']}], 'timestamp': '2026-09-08T15:32:55.094306'}: 'AgentSwarm' object has no attribute '_generate_video'
2026-09-08 15:32:55,862 [INFO] Processing idea: hermes-agent
2026-09-08 15:32:55,862 [ERROR] Content production failed for {'type': 'github_repo', 'category': 'automation_ai', 'name': 'hermes-agent', 'full_name': 'NousResearch/hermes-agent', 'url': 'https://github.com/NousResearch/hermes-agent', 'description': 'The agent that grows with you', 'stars': 243309, 'language': 'Python', 'created_at': '2025-07-22T22:22:28Z', 'profit_potential': {'score': 4, 'reasons': ['High stars (243309)', 'Actively maintained'], 'verdict': 'MEDIUM'}, 'product_idea': [{'type': 'template', 'title': 'hermes-agent - Production-Ready Template', 'description': 'A polished, documented, production-ready version of hermes-agent with best practices, tests, and deployment config included.', 'price_suggestion': '$29-99', 'platform': 'Gumroad', 'effort_estimate': '4-8 hours'}, {'type': 'tutorial', 'title': 'How to Build hermes-agent: Complete Guide', 'description': 'A step-by-step video course or ebook teaching how to use and extend hermes-agent for real-world projects.', 'price_suggestion': '$19-49', 'platform': 'Gumroad + YouTube', 'effort_estimate': '6-12 hours'}], 'content_idea': [{'type': 'video', 'title': 'This hermes-agent Project is INSANE (GitHub Trending)', 'description': "Showcasing hermes-agent - The agent that grows with you. This project has 243309 stars and is trending on GitHub. Let me show you why it's worth your attention.", 'format': 'showcase/review', 'duration_estimate': '5-8 minutes', 'monetization': ['adsense', 'affiliate']}, {'type': 'video', 'title': 'Build a Business with hermes-agent (Step by Step)', 'description': 'How to use hermes-agent to build something profitable. Complete walkthrough from setup to deployment.', 'format': 'tutorial', 'duration_estimate': '10-15 minutes', 'monetization': ['adsense', 'digital_product']}], 'timestamp': '2026-09-08T15:32:55.094318'}: 'AgentSwarm' object has no attribute '_generate_video'
2026-09-08 15:32:55,862 [INFO] Total productions: 0
2026-09-08 15:32:55,863 [INFO] ============================================================
2026-09-08 15:32:55,863 [INFO] AGENT 4: PRODUCT CREATION
2026-09-08 15:32:55,863 [INFO] ============================================================
2026-09-08 15:32:55,863 [INFO] Creating product from: openclaw
2026-09-08 15:32:55,863 [INFO]   Product: openclaw - Production-Ready Template
2026-09-08 15:32:55,863 [INFO]   Platform: Gumroad
2026-09-08 15:32:55,863 [INFO] Creating product from: superpowers
2026-09-08 15:32:55,863 [INFO]   Product: superpowers - Production-Ready Template
2026-09-08 15:32:55,863 [INFO]   Platform: Gumroad
2026-09-08 15:32:55,864 [INFO] Created 2 products
2026-09-08 15:32:55,864 [INFO] ============================================================
2026-09-08 15:32:55,864 [INFO] AGENT 3: PUBLISHING
2026-09-08 15:32:55,864 [INFO] ============================================================
2026-09-08 15:32:55,864 [INFO] Published 0 pieces
2026-09-08 15:32:55,864 [INFO] ============================================================
2026-09-08 15:32:55,864 [INFO] AGENT 5: FINANCE TRACKING
2026-09-08 15:32:55,864 [INFO] ============================================================
2026-09-08 15:32:55,865 [INFO] Tracking revenue across platforms...
2026-09-08 15:32:55,865 [INFO]   YouTube AdSense: $0.00 (0 views)
2026-09-08 15:32:55,865 [INFO]   Gumroad Sales: $0.00 (0 sales)
2026-09-08 15:32:55,865 [INFO]   Affiliate: $0.00 (0 conversions)
2026-09-08 15:32:55,865 [INFO] Threshold check: $0.00 / $100.00 (need $100.00 more)
2026-09-08 15:32:55,866 [INFO] Total earnings tracked: $0.00
2026-09-08 15:32:55,866 [INFO] Goal: $10,000
2026-09-08 15:32:55,866 [INFO] Progress: 0.0%
2026-09-08 15:32:55,866 [INFO] ============================================================
2026-09-08 15:32:55,866 [INFO] SWARM RUN COMPLETE
2026-09-08 15:32:55,866 [INFO] ============================================================
2026-09-08 15:32:55,866 [INFO] Finished at: 2026-09-08T15:32:55.866466
2026-09-08 20:25:40,050 [INFO] ============================================================
2026-09-08 20:25:40,050 [INFO] AUTONOMOUS EARNINGS SWARM - STARTING
2026-09-08 20:25:40,050 [INFO] ============================================================
2026-09-08 20:25:40,050 [INFO] Started at: 2026-09-08T20:25:40.050961
2026-09-08 20:25:40,051 [INFO] ============================================================
2026-09-08 20:25:40,051 [INFO] AGENT 1: RESEARCH & IDEATION
2026-09-08 20:25:40,051 [INFO] ============================================================
2026-09-08 20:25:40,051 [INFO] Scanning GitHub trending repos...
2026-09-08 20:25:41,371 [INFO] Found 30 trending GitHub projects
2026-09-08 20:25:41,371 [INFO] Searching for trending topics...
2026-09-08 20:25:41,371 [INFO] Web trends found: 3
2026-09-08 20:25:41,371 [INFO] Found 3 web trends
2026-09-08 20:25:41,373 [INFO] Total ideas generated: 33
2026-09-08 20:25:41,373 [INFO] Backlog saved to data/backlog.json
2026-09-08 20:25:41,373 [INFO] ============================================================
2026-09-08 20:25:41,373 [INFO] AGENT 2: CONTENT PRODUCTION
2026-09-08 20:25:41,373 [INFO] ============================================================
2026-09-08 20:25:41,373 [INFO] Processing idea: openclaw
2026-09-08 20:25:41,373 [ERROR] Content production failed for {'type': 'github_repo', 'category': 'automation_ai', 'name': 'openclaw', 'full_name': 'openclaw/openclaw', 'url': 'https://github.com/openclaw/openclaw', 'description': 'The AI that really does things. Any OS. Any Platform. The lobster way. 🦞 ', 'stars': 389230, 'language': 'TypeScript', 'created_at': '2025-11-24T10:16:47Z', 'profit_potential': {'score': 6, 'reasons': ['High stars (389230)', 'Solves concrete problem', 'Actively maintained'], 'verdict': 'HIGH'}, 'product_idea': [{'type': 'template', 'title': 'openclaw - Production-Ready Template', 'description': 'A polished, documented, production-ready version of openclaw with best practices, tests, and deployment config included.', 'price_suggestion': '$29-99', 'platform': 'Gumroad', 'effort_estimate': '4-8 hours'}, {'type': 'tutorial', 'title': 'How to Build openclaw: Complete Guide', 'description': 'A step-by-step video course or ebook teaching how to use and extend openclaw for real-world projects.', 'price_suggestion': '$19-49', 'platform': 'Gumroad + YouTube', 'effort_estimate': '6-12 hours'}], 'content_idea': [{'type': 'video', 'title': 'This openclaw Project is INSANE (GitHub Trending)', 'description': "Showcasing openclaw - The AI that really does things. Any OS. Any Platform. The lobster way. 🦞 . This project has 389230 stars and is trending on GitHub. Let me show you why it's worth your attention.", 'format': 'showcase/review', 'duration_estimate': '5-8 minutes', 'monetization': ['adsense', 'affiliate']}, {'type': 'video', 'title': 'Build a Business with openclaw (Step by Step)', 'description': 'How to use openclaw to build something profitable. Complete walkthrough from setup to deployment.', 'format': 'tutorial', 'duration_estimate': '10-15 minutes', 'monetization': ['adsense', 'digital_product']}], 'timestamp': '2026-09-08T20:25:40.674175'}: 'AgentSwarm' object has no attribute '_generate_video'
2026-09-08 20:25:41,374 [INFO] Processing idea: superpowers
2026-09-08 20:25:41,374 [ERROR] Content production failed for {'type': 'github_repo', 'category': 'automation_ai', 'name': 'superpowers', 'full_name': 'obra/superpowers', 'url': 'https://github.com/obra/superpowers', 'description': 'An agentic skills framework & software development methodology that works.', 'stars': 283276, 'language': 'Shell', 'created_at': '2025-10-09T19:45:18Z', 'profit_potential': {'score': 4, 'reasons': ['High stars (283276)', 'Actively maintained'], 'verdict': 'MEDIUM'}, 'product_idea': [{'type': 'template', 'title': 'superpowers - Production-Ready Template', 'description': 'A polished, documented, production-ready version of superpowers with best practices, tests, and deployment config included.', 'price_suggestion': '$29-99', 'platform': 'Gumroad', 'effort_estimate': '4-8 hours'}, {'type': 'tutorial', 'title': 'How to Build superpowers: Complete Guide', 'description': 'A step-by-step video course or ebook teaching how to use and extend superpowers for real-world projects.', 'price_suggestion': '$19-49', 'platform': 'Gumroad + YouTube', 'effort_estimate': '6-12 hours'}], 'content_idea': [{'type': 'video', 'title': 'This superpowers Project is INSANE (GitHub Trending)', 'description': "Showcasing superpowers - An agentic skills framework & software development methodology that works.. This project has 283276 stars and is trending on GitHub. Let me show you why it's worth your attention.", 'format': 'showcase/review', 'duration_estimate': '5-8 minutes', 'monetization': ['adsense', 'affiliate']}, {'type': 'video', 'title': 'Build a Business with superpowers (Step by Step)', 'description': 'How to use superpowers to build something profitable. Complete walkthrough from setup to deployment.', 'format': 'tutorial', 'duration_estimate': '10-15 minutes', 'monetization': ['adsense', 'digital_product']}], 'timestamp': '2026-09-08T20:25:40.674193'}: 'AgentSwarm' object has no attribute '_generate_video'
2026-09-08 20:25:41,374 [INFO] Processing idea: hermes-agent
2026-09-08 20:25:41,374 [ERROR] Content production failed for {'type': 'github_repo', 'category': 'automation_ai', 'name': 'hermes-agent', 'full_name': 'NousResearch/hermes-agent', 'url': 'https://github.com/NousResearch/hermes-agent', 'description': 'The agent that grows with you', 'stars': 243403, 'language': 'Python', 'created_at': '2025-07-22T22:22:28Z', 'profit_potential': {'score': 4, 'reasons': ['High stars (243403)', 'Actively maintained'], 'verdict': 'MEDIUM'}, 'product_idea': [{'type': 'template', 'title': 'hermes-agent - Production-Ready Template', 'description': 'A polished, documented, production-ready version of hermes-agent with best practices, tests, and deployment config included.', 'price_suggestion': '$29-99', 'platform': 'Gumroad', 'effort_estimate': '4-8 hours'}, {'type': 'tutorial', 'title': 'How to Build hermes-agent: Complete Guide', 'description': 'A step-by-step video course or ebook teaching how to use and extend hermes-agent for real-world projects.', 'price_suggestion': '$19-49', 'platform': 'Gumroad + YouTube', 'effort_estimate': '6-12 hours'}], 'content_idea': [{'type': 'video', 'title': 'This hermes-agent Project is INSANE (GitHub Trending)', 'description': "Showcasing hermes-agent - The agent that grows with you. This project has 243403 stars and is trending on GitHub. Let me show you why it's worth your attention.", 'format': 'showcase/review', 'duration_estimate': '5-8 minutes', 'monetization': ['adsense', 'affiliate']}, {'type': 'video', 'title': 'Build a Business with hermes-agent (Step by Step)', 'description': 'How to use hermes-agent to build something profitable. Complete walkthrough from setup to deployment.', 'format': 'tutorial', 'duration_estimate': '10-15 minutes', 'monetization': ['adsense', 'digital_product']}], 'timestamp': '2026-09-08T20:25:40.674202'}: 'AgentSwarm' object has no attribute '_generate_video'
2026-09-08 20:25:41,374 [INFO] Total productions: 0
2026-09-08 20:25:41,374 [INFO] ============================================================
2026-09-08 20:25:41,374 [INFO] AGENT 4: PRODUCT CREATION
2026-09-08 20:25:41,374 [INFO] ============================================================
2026-09-08 20:25:41,374 [INFO] Creating product from: openclaw
2026-09-08 20:25:41,374 [INFO]   Product: openclaw - Production-Ready Template
2026-09-08 20:25:41,374 [INFO]   Platform: Gumroad
2026-09-08 20:25:41,374 [INFO] Creating product from: superpowers
2026-09-08 20:25:41,375 [INFO]   Product: superpowers - Production-Ready Template
2026-09-08 20:25:41,375 [INFO]   Platform: Gumroad
2026-09-08 20:25:41,375 [INFO] Created 2 products
2026-09-08 20:25:41,375 [INFO] ============================================================
2026-09-08 20:25:41,375 [INFO] AGENT 3: PUBLISHING
2026-09-08 20:25:41,375 [INFO] ============================================================
2026-09-08 20:25:41,376 [INFO] Published 0 pieces
2026-09-08 20:25:41,376 [INFO] ============================================================
2026-09-08 20:25:41,376 [INFO] AGENT 5: FINANCE TRACKING
2026-09-08 20:25:41,376 [INFO] ============================================================
2026-09-08 20:25:41,376 [INFO] Tracking revenue across platforms...
2026-09-08 20:25:41,376 [INFO]   YouTube AdSense: $0.00 (0 views)
2026-09-08 20:25:41,376 [INFO]   Gumroad Sales: $0.00 (0 sales)
2026-09-08 20:25:41,376 [INFO]   Affiliate: $0.00 (0 conversions)
2026-09-08 20:25:41,376 [INFO] Threshold check: $0.00 / $100.00 (need $100.00 more)
2026-09-08 20:25:41,376 [INFO] Total earnings tracked: $0.00
2026-09-08 20:25:41,376 [INFO] Goal: $10,000
2026-09-08 20:25:41,376 [INFO] Progress: 0.0%
2026-09-08 20:25:41,377 [INFO] ============================================================
2026-09-08 20:25:41,377 [INFO] SWARM RUN COMPLETE
2026-09-08 20:25:41,377 [INFO] ============================================================
2026-09-08 20:25:41,377 [INFO] Finished at: 2026-09-08T20:25:41.377217
2026-09-09 01:54:54,806 [INFO] ============================================================
2026-09-09 01:54:54,807 [INFO] AUTONOMOUS EARNINGS SWARM - STARTING
2026-09-09 01:54:54,807 [INFO] ============================================================
2026-09-09 01:54:54,807 [INFO] Started at: 2026-09-09T01:54:54.807191
2026-09-09 01:54:54,807 [INFO] ============================================================
2026-09-09 01:54:54,807 [INFO] AGENT 1: RESEARCH & IDEATION
2026-09-09 01:54:54,807 [INFO] ============================================================
2026-09-09 01:54:54,807 [INFO] Scanning GitHub trending repos...
2026-09-09 01:54:56,141 [INFO] Found 30 trending GitHub projects
2026-09-09 01:54:56,142 [INFO] Searching for trending topics...
2026-09-09 01:54:56,142 [INFO] Web trends found: 3
2026-09-09 01:54:56,142 [INFO] Found 3 web trends
2026-09-09 01:54:56,144 [INFO] Total ideas generated: 33
2026-09-09 01:54:56,144 [INFO] Backlog saved to data/backlog.json
2026-09-09 01:54:56,144 [INFO] ============================================================
2026-09-09 01:54:56,144 [INFO] AGENT 2: CONTENT PRODUCTION
2026-09-09 01:54:56,144 [INFO] ============================================================
2026-09-09 01:54:56,144 [INFO] Processing idea: openclaw
2026-09-09 01:54:56,144 [ERROR] Content production failed for {'type': 'github_repo', 'category': 'automation_ai', 'name': 'openclaw', 'full_name': 'openclaw/openclaw', 'url': 'https://github.com/openclaw/openclaw', 'description': 'The AI that really does things. Any OS. Any Platform. The lobster way. 🦞 ', 'stars': 389252, 'language': 'TypeScript', 'created_at': '2025-11-24T10:16:47Z', 'profit_potential': {'score': 6, 'reasons': ['High stars (389252)', 'Solves concrete problem', 'Actively maintained'], 'verdict': 'HIGH'}, 'product_idea': [{'type': 'template', 'title': 'openclaw - Production-Ready Template', 'description': 'A polished, documented, production-ready version of openclaw with best practices, tests, and deployment config included.', 'price_suggestion': '$29-99', 'platform': 'Gumroad', 'effort_estimate': '4-8 hours'}, {'type': 'tutorial', 'title': 'How to Build openclaw: Complete Guide', 'description': 'A step-by-step video course or ebook teaching how to use and extend openclaw for real-world projects.', 'price_suggestion': '$19-49', 'platform': 'Gumroad + YouTube', 'effort_estimate': '6-12 hours'}], 'content_idea': [{'type': 'video', 'title': 'This openclaw Project is INSANE (GitHub Trending)', 'description': "Showcasing openclaw - The AI that really does things. Any OS. Any Platform. The lobster way. 🦞 . This project has 389252 stars and is trending on GitHub. Let me show you why it's worth your attention.", 'format': 'showcase/review', 'duration_estimate': '5-8 minutes', 'monetization': ['adsense', 'affiliate']}, {'type': 'video', 'title': 'Build a Business with openclaw (Step by Step)', 'description': 'How to use openclaw to build something profitable. Complete walkthrough from setup to deployment.', 'format': 'tutorial', 'duration_estimate': '10-15 minutes', 'monetization': ['adsense', 'digital_product']}], 'timestamp': '2026-09-09T01:54:55.303524'}: 'AgentSwarm' object has no attribute '_generate_video'
2026-09-09 01:54:56,144 [INFO] Processing idea: superpowers
2026-09-09 01:54:56,144 [ERROR] Content production failed for {'type': 'github_repo', 'category': 'automation_ai', 'name': 'superpowers', 'full_name': 'obra/superpowers', 'url': 'https://github.com/obra/superpowers', 'description': 'An agentic skills framework & software development methodology that works.', 'stars': 283395, 'language': 'Shell', 'created_at': '2025-10-09T19:45:18Z', 'profit_potential': {'score': 4, 'reasons': ['High stars (283395)', 'Actively maintained'], 'verdict': 'MEDIUM'}, 'product_idea': [{'type': 'template', 'title': 'superpowers - Production-Ready Template', 'description': 'A polished, documented, production-ready version of superpowers with best practices, tests, and deployment config included.', 'price_suggestion': '$29-99', 'platform': 'Gumroad', 'effort_estimate': '4-8 hours'}, {'type': 'tutorial', 'title': 'How to Build superpowers: Complete Guide', 'description': 'A step-by-step video course or ebook teaching how to use and extend superpowers for real-world projects.', 'price_suggestion': '$19-49', 'platform': 'Gumroad + YouTube', 'effort_estimate': '6-12 hours'}], 'content_idea': [{'type': 'video', 'title': 'This superpowers Project is INSANE (GitHub Trending)', 'description': "Showcasing superpowers - An agentic skills framework & software development methodology that works.. This project has 283395 stars and is trending on GitHub. Let me show you why it's worth your attention.", 'format': 'showcase/review', 'duration_estimate': '5-8 minutes', 'monetization': ['adsense', 'affiliate']}, {'type': 'video', 'title': 'Build a Business with superpowers (Step by Step)', 'description': 'How to use superpowers to build something profitable. Complete walkthrough from setup to deployment.', 'format': 'tutorial', 'duration_estimate': '10-15 minutes', 'monetization': ['adsense', 'digital_product']}], 'timestamp': '2026-09-09T01:54:55.303544'}: 'AgentSwarm' object has no attribute '_generate_video'
2026-09-09 01:54:56,144 [INFO] Processing idea: hermes-agent
2026-09-09 01:54:56,144 [ERROR] Content production failed for {'type': 'github_repo', 'category': 'automation_ai', 'name': 'hermes-agent', 'full_name': 'NousResearch/hermes-agent', 'url': 'https://github.com/NousResearch/hermes-agent', 'description': 'The agent that grows with you', 'stars': 243467, 'language': 'Python', 'created_at': '2025-07-22T22:22:28Z', 'profit_potential': {'score': 4, 'reasons': ['High stars (243467)', 'Actively maintained'], 'verdict': 'MEDIUM'}, 'product_idea': [{'type': 'template', 'title': 'hermes-agent - Production-Ready Template', 'description': 'A polished, documented, production-ready version of hermes-agent with best practices, tests, and deployment config included.', 'price_suggestion': '$29-99', 'platform': 'Gumroad', 'effort_estimate': '4-8 hours'}, {'type': 'tutorial', 'title': 'How to Build hermes-agent: Complete Guide', 'description': 'A step-by-step video course or ebook teaching how to use and extend hermes-agent for real-world projects.', 'price_suggestion': '$19-49', 'platform': 'Gumroad + YouTube', 'effort_estimate': '6-12 hours'}], 'content_idea': [{'type': 'video', 'title': 'This hermes-agent Project is INSANE (GitHub Trending)', 'description': "Showcasing hermes-agent - The agent that grows with you. This project has 243467 stars and is trending on GitHub. Let me show you why it's worth your attention.", 'format': 'showcase/review', 'duration_estimate': '5-8 minutes', 'monetization': ['adsense', 'affiliate']}, {'type': 'video', 'title': 'Build a Business with hermes-agent (Step by Step)', 'description': 'How to use hermes-agent to build something profitable. Complete walkthrough from setup to deployment.', 'format': 'tutorial', 'duration_estimate': '10-15 minutes', 'monetization': ['adsense', 'digital_product']}], 'timestamp': '2026-09-09T01:54:55.303553'}: 'AgentSwarm' object has no attribute '_generate_video'
2026-09-09 01:54:56,145 [INFO] Total productions: 0
2026-09-09 01:54:56,145 [INFO] ============================================================
2026-09-09 01:54:56,145 [INFO] AGENT 4: PRODUCT CREATION
2026-09-09 01:54:56,145 [INFO] ============================================================
2026-09-09 01:54:56,145 [INFO] Creating product from: openclaw
2026-09-09 01:54:56,145 [INFO]   Product: openclaw - Production-Ready Template
2026-09-09 01:54:56,145 [INFO]   Platform: Gumroad
2026-09-09 01:54:56,145 [INFO] Creating product from: superpowers
2026-09-09 01:54:56,145 [INFO]   Product: superpowers - Production-Ready Template
2026-09-09 01:54:56,145 [INFO]   Platform: Gumroad
2026-09-09 01:54:56,146 [INFO] Created 2 products
2026-09-09 01:54:56,146 [INFO] ============================================================
2026-09-09 01:54:56,146 [INFO] AGENT 3: PUBLISHING
2026-09-09 01:54:56,146 [INFO] ============================================================
2026-09-09 01:54:56,146 [INFO] Published 0 pieces
2026-09-09 01:54:56,146 [INFO] ============================================================
2026-09-09 01:54:56,146 [INFO] AGENT 5: FINANCE TRACKING
2026-09-09 01:54:56,146 [INFO] ============================================================
2026-09-09 01:54:56,146 [INFO] Tracking revenue across platforms...
2026-09-09 01:54:56,147 [INFO]   YouTube AdSense: $0.00 (0 views)
2026-09-09 01:54:56,147 [INFO]   Gumroad Sales: $0.00 (0 sales)
2026-09-09 01:54:56,147 [INFO]   Affiliate: $0.00 (0 conversions)
2026-09-09 01:54:56,147 [INFO] Threshold check: $0.00 / $100.00 (need $100.00 more)
2026-09-09 01:54:56,147 [INFO] Total earnings tracked: $0.00
2026-09-09 01:54:56,147 [INFO] Goal: $10,000
2026-09-09 01:54:56,147 [INFO] Progress: 0.0%
2026-09-09 01:54:56,147 [INFO] ============================================================
2026-09-09 01:54:56,147 [INFO] SWARM RUN COMPLETE
2026-09-09 01:54:56,147 [INFO] ============================================================
2026-09-09 01:54:56,147 [INFO] Finished at: 2026-09-09T01:54:56.147737
2026-09-09 10:17:19,333 [INFO] ============================================================
2026-09-09 10:17:19,334 [INFO] AUTONOMOUS EARNINGS SWARM - STARTING
2026-09-09 10:17:19,334 [INFO] ============================================================
2026-09-09 10:17:19,334 [INFO] Started at: 2026-09-09T10:17:19.334121
2026-09-09 10:17:19,334 [INFO] ============================================================
2026-09-09 10:17:19,334 [INFO] AGENT 1: RESEARCH & IDEATION
2026-09-09 10:17:19,334 [INFO] ============================================================
2026-09-09 10:17:19,334 [INFO] Scanning GitHub trending repos...
2026-09-09 10:17:20,890 [INFO] Found 30 trending GitHub projects
2026-09-09 10:17:20,890 [INFO] Searching for trending topics...
2026-09-09 10:17:20,890 [INFO] Web trends found: 3
2026-09-09 10:17:20,890 [INFO] Found 3 web trends
2026-09-09 10:17:20,892 [INFO] Total ideas generated: 33
2026-09-09 10:17:20,892 [INFO] Backlog saved to data/backlog.json
2026-09-09 10:17:20,892 [INFO] ============================================================
2026-09-09 10:17:20,892 [INFO] AGENT 2: CONTENT PRODUCTION
2026-09-09 10:17:20,892 [INFO] ============================================================
2026-09-09 10:17:20,893 [INFO] Processing idea: openclaw
2026-09-09 10:17:20,893 [ERROR] Content production failed for {'type': 'github_repo', 'category': 'automation_ai', 'name': 'openclaw', 'full_name': 'openclaw/openclaw', 'url': 'https://github.com/openclaw/openclaw', 'description': 'The AI that really does things. Any OS. Any Platform. The lobster way. 🦞 ', 'stars': 389273, 'language': 'TypeScript', 'created_at': '2025-11-24T10:16:47Z', 'profit_potential': {'score': 6, 'reasons': ['High stars (389273)', 'Solves concrete problem', 'Actively maintained'], 'verdict': 'HIGH'}, 'product_idea': [{'type': 'template', 'title': 'openclaw - Production-Ready Template', 'description': 'A polished, documented, production-ready version of openclaw with best practices, tests, and deployment config included.', 'price_suggestion': '$29-99', 'platform': 'Gumroad', 'effort_estimate': '4-8 hours'}, {'type': 'tutorial', 'title': 'How to Build openclaw: Complete Guide', 'description': 'A step-by-step video course or ebook teaching how to use and extend openclaw for real-world projects.', 'price_suggestion': '$19-49', 'platform': 'Gumroad + YouTube', 'effort_estimate': '6-12 hours'}], 'content_idea': [{'type': 'video', 'title': 'This openclaw Project is INSANE (GitHub Trending)', 'description': "Showcasing openclaw - The AI that really does things. Any OS. Any Platform. The lobster way. 🦞 . This project has 389273 stars and is trending on GitHub. Let me show you why it's worth your attention.", 'format': 'showcase/review', 'duration_estimate': '5-8 minutes', 'monetization': ['adsense', 'affiliate']}, {'type': 'video', 'title': 'Build a Business with openclaw (Step by Step)', 'description': 'How to use openclaw to build something profitable. Complete walkthrough from setup to deployment.', 'format': 'tutorial', 'duration_estimate': '10-15 minutes', 'monetization': ['adsense', 'digital_product']}], 'timestamp': '2026-09-09T10:17:19.958138'}: 'AgentSwarm' object has no attribute '_generate_video'
2026-09-09 10:17:20,893 [INFO] Processing idea: superpowers
2026-09-09 10:17:20,893 [ERROR] Content production failed for {'type': 'github_repo', 'category': 'automation_ai', 'name': 'superpowers', 'full_name': 'obra/superpowers', 'url': 'https://github.com/obra/superpowers', 'description': 'An agentic skills framework & software development methodology that works.', 'stars': 283658, 'language': 'Shell', 'created_at': '2025-10-09T19:45:18Z', 'profit_potential': {'score': 4, 'reasons': ['High stars (283658)', 'Actively maintained'], 'verdict': 'MEDIUM'}, 'product_idea': [{'type': 'template', 'title': 'superpowers - Production-Ready Template', 'description': 'A polished, documented, production-ready version of superpowers with best practices, tests, and deployment config included.', 'price_suggestion': '$29-99', 'platform': 'Gumroad', 'effort_estimate': '4-8 hours'}, {'type': 'tutorial', 'title': 'How to Build superpowers: Complete Guide', 'description': 'A step-by-step video course or ebook teaching how to use and extend superpowers for real-world projects.', 'price_suggestion': '$19-49', 'platform': 'Gumroad + YouTube', 'effort_estimate': '6-12 hours'}], 'content_idea': [{'type': 'video', 'title': 'This superpowers Project is INSANE (GitHub Trending)', 'description': "Showcasing superpowers - An agentic skills framework & software development methodology that works.. This project has 283658 stars and is trending on GitHub. Let me show you why it's worth your attention.", 'format': 'showcase/review', 'duration_estimate': '5-8 minutes', 'monetization': ['adsense', 'affiliate']}, {'type': 'video', 'title': 'Build a Business with superpowers (Step by Step)', 'description': 'How to use superpowers to build something profitable. Complete walkthrough from setup to deployment.', 'format': 'tutorial', 'duration_estimate': '10-15 minutes', 'monetization': ['adsense', 'digital_product']}], 'timestamp': '2026-09-09T10:17:19.958159'}: 'AgentSwarm' object has no attribute '_generate_video'
2026-09-09 10:17:20,893 [INFO] Processing idea: hermes-agent
2026-09-09 10:17:20,893 [ERROR] Content production failed for {'type': 'github_repo', 'category': 'automation_ai', 'name': 'hermes-agent', 'full_name': 'NousResearch/hermes-agent', 'url': 'https://github.com/NousResearch/hermes-agent', 'description': 'The agent that grows with you', 'stars': 243633, 'language': 'Python', 'created_at': '2025-07-22T22:22:28Z', 'profit_potential': {'score': 4, 'reasons': ['High stars (243633)', 'Actively maintained'], 'verdict': 'MEDIUM'}, 'product_idea': [{'type': 'template', 'title': 'hermes-agent - Production-Ready Template', 'description': 'A polished, documented, production-ready version of hermes-agent with best practices, tests, and deployment config included.', 'price_suggestion': '$29-99', 'platform': 'Gumroad', 'effort_estimate': '4-8 hours'}, {'type': 'tutorial', 'title': 'How to Build hermes-agent: Complete Guide', 'description': 'A step-by-step video course or ebook teaching how to use and extend hermes-agent for real-world projects.', 'price_suggestion': '$19-49', 'platform': 'Gumroad + YouTube', 'effort_estimate': '6-12 hours'}], 'content_idea': [{'type': 'video', 'title': 'This hermes-agent Project is INSANE (GitHub Trending)', 'description': "Showcasing hermes-agent - The agent that grows with you. This project has 243633 stars and is trending on GitHub. Let me show you why it's worth your attention.", 'format': 'showcase/review', 'duration_estimate': '5-8 minutes', 'monetization': ['adsense', 'affiliate']}, {'type': 'video', 'title': 'Build a Business with hermes-agent (Step by Step)', 'description': 'How to use hermes-agent to build something profitable. Complete walkthrough from setup to deployment.', 'format': 'tutorial', 'duration_estimate': '10-15 minutes', 'monetization': ['adsense', 'digital_product']}], 'timestamp': '2026-09-09T10:17:19.958168'}: 'AgentSwarm' object has no attribute '_generate_video'
2026-09-09 10:17:20,893 [INFO] Total productions: 0
2026-09-09 10:17:20,893 [INFO] ============================================================
2026-09-09 10:17:20,893 [INFO] AGENT 4: PRODUCT CREATION
2026-09-09 10:17:20,893 [INFO] ============================================================
2026-09-09 10:17:20,893 [INFO] Creating product from: openclaw
2026-09-09 10:17:20,894 [INFO]   Product: openclaw - Production-Ready Template
2026-09-09 10:17:20,894 [INFO]   Platform: Gumroad
2026-09-09 10:17:20,894 [INFO] Creating product from: superpowers
2026-09-09 10:17:20,894 [INFO]   Product: superpowers - Production-Ready Template
2026-09-09 10:17:20,894 [INFO]   Platform: Gumroad
2026-09-09 10:17:20,894 [INFO] Created 2 products
2026-09-09 10:17:20,894 [INFO] ============================================================
2026-09-09 10:17:20,894 [INFO] AGENT 3: PUBLISHING
2026-09-09 10:17:20,894 [INFO] ============================================================
2026-09-09 10:17:20,895 [INFO] Published 0 pieces
2026-09-09 10:17:20,895 [INFO] ============================================================
2026-09-09 10:17:20,895 [INFO] AGENT 5: FINANCE TRACKING
2026-09-09 10:17:20,895 [INFO] ============================================================
2026-09-09 10:17:20,895 [INFO] Tracking revenue across platforms...
2026-09-09 10:17:20,895 [INFO]   YouTube AdSense: $0.00 (0 views)
2026-09-09 10:17:20,895 [INFO]   Gumroad Sales: $0.00 (0 sales)
2026-09-09 10:17:20,895 [INFO]   Affiliate: $0.00 (0 conversions)
2026-09-09 10:17:20,895 [INFO] Threshold check: $0.00 / $100.00 (need $100.00 more)
2026-09-09 10:17:20,895 [INFO] Total earnings tracked: $0.00
2026-09-09 10:17:20,895 [INFO] Goal: $10,000
2026-09-09 10:17:20,895 [INFO] Progress: 0.0%
2026-09-09 10:17:20,895 [INFO] ============================================================
2026-09-09 10:17:20,895 [INFO] SWARM RUN COMPLETE
2026-09-09 10:17:20,895 [INFO] ============================================================
2026-09-09 10:17:20,895 [INFO] Finished at: 2026-09-09T10:17:20.895952
2026-09-09 16:42:40,727 [INFO] ============================================================
2026-09-09 16:42:40,727 [INFO] AUTONOMOUS EARNINGS SWARM - STARTING
2026-09-09 16:42:40,727 [INFO] ============================================================
2026-09-09 16:42:40,727 [INFO] Started at: 2026-09-09T16:42:40.727346
2026-09-09 16:42:40,727 [INFO] ============================================================
2026-09-09 16:42:40,727 [INFO] AGENT 1: RESEARCH & IDEATION
2026-09-09 16:42:40,727 [INFO] ============================================================
2026-09-09 16:42:40,727 [INFO] Scanning GitHub trending repos...
2026-09-09 16:42:42,126 [INFO] Found 30 trending GitHub projects
2026-09-09 16:42:42,127 [INFO] Searching for trending topics...
2026-09-09 16:42:42,127 [INFO] Web trends found: 3
2026-09-09 16:42:42,127 [INFO] Found 3 web trends
2026-09-09 16:42:42,129 [INFO] Total ideas generated: 33
2026-09-09 16:42:42,129 [INFO] Backlog saved to data/backlog.json
2026-09-09 16:42:42,129 [INFO] ============================================================
2026-09-09 16:42:42,129 [INFO] AGENT 2: CONTENT PRODUCTION
2026-09-09 16:42:42,129 [INFO] ============================================================
2026-09-09 16:42:42,129 [INFO] Processing idea: openclaw
2026-09-09 16:42:42,129 [ERROR] Content production failed for {'type': 'github_repo', 'category': 'automation_ai', 'name': 'openclaw', 'full_name': 'openclaw/openclaw', 'url': 'https://github.com/openclaw/openclaw', 'description': 'The AI that really does things. Any OS. Any Platform. The lobster way. 🦞 ', 'stars': 389291, 'language': 'TypeScript', 'created_at': '2025-11-24T10:16:47Z', 'profit_potential': {'score': 6, 'reasons': ['High stars (389291)', 'Solves concrete problem', 'Actively maintained'], 'verdict': 'HIGH'}, 'product_idea': [{'type': 'template', 'title': 'openclaw - Production-Ready Template', 'description': 'A polished, documented, production-ready version of openclaw with best practices, tests, and deployment config included.', 'price_suggestion': '$29-99', 'platform': 'Gumroad', 'effort_estimate': '4-8 hours'}, {'type': 'tutorial', 'title': 'How to Build openclaw: Complete Guide', 'description': 'A step-by-step video course or ebook teaching how to use and extend openclaw for real-world projects.', 'price_suggestion': '$19-49', 'platform': 'Gumroad + YouTube', 'effort_estimate': '6-12 hours'}], 'content_idea': [{'type': 'video', 'title': 'This openclaw Project is INSANE (GitHub Trending)', 'description': "Showcasing openclaw - The AI that really does things. Any OS. Any Platform. The lobster way. 🦞 . This project has 389291 stars and is trending on GitHub. Let me show you why it's worth your attention.", 'format': 'showcase/review', 'duration_estimate': '5-8 minutes', 'monetization': ['adsense', 'affiliate']}, {'type': 'video', 'title': 'Build a Business with openclaw (Step by Step)', 'description': 'How to use openclaw to build something profitable. Complete walkthrough from setup to deployment.', 'format': 'tutorial', 'duration_estimate': '10-15 minutes', 'monetization': ['adsense', 'digital_product']}], 'timestamp': '2026-09-09T16:42:41.356142'}: 'AgentSwarm' object has no attribute '_generate_video'
2026-09-09 16:42:42,129 [INFO] Processing idea: superpowers
2026-09-09 16:42:42,129 [ERROR] Content production failed for {'type': 'github_repo', 'category': 'automation_ai', 'name': 'superpowers', 'full_name': 'obra/superpowers', 'url': 'https://github.com/obra/superpowers', 'description': 'An agentic skills framework & software development methodology that works.', 'stars': 283866, 'language': 'Shell', 'created_at': '2025-10-09T19:45:18Z', 'profit_potential': {'score': 4, 'reasons': ['High stars (283866)', 'Actively maintained'], 'verdict': 'MEDIUM'}, 'product_idea': [{'type': 'template', 'title': 'superpowers - Production-Ready Template', 'description': 'A polished, documented, production-ready version of superpowers with best practices, tests, and deployment config included.', 'price_suggestion': '$29-99', 'platform': 'Gumroad', 'effort_estimate': '4-8 hours'}, {'type': 'tutorial', 'title': 'How to Build superpowers: Complete Guide', 'description': 'A step-by-step video course or ebook teaching how to use and extend superpowers for real-world projects.', 'price_suggestion': '$19-49', 'platform': 'Gumroad + YouTube', 'effort_estimate': '6-12 hours'}], 'content_idea': [{'type': 'video', 'title': 'This superpowers Project is INSANE (GitHub Trending)', 'description': "Showcasing superpowers - An agentic skills framework & software development methodology that works.. This project has 283866 stars and is trending on GitHub. Let me show you why it's worth your attention.", 'format': 'showcase/review', 'duration_estimate': '5-8 minutes', 'monetization': ['adsense', 'affiliate']}, {'type': 'video', 'title': 'Build a Business with superpowers (Step by Step)', 'description': 'How to use superpowers to build something profitable. Complete walkthrough from setup to deployment.', 'format': 'tutorial', 'duration_estimate': '10-15 minutes', 'monetization': ['adsense', 'digital_product']}], 'timestamp': '2026-09-09T16:42:41.356162'}: 'AgentSwarm' object has no attribute '_generate_video'
2026-09-09 16:42:42,129 [INFO] Processing idea: hermes-agent
2026-09-09 16:42:42,129 [ERROR] Content production failed for {'type': 'github_repo', 'category': 'automation_ai', 'name': 'hermes-agent', 'full_name': 'NousResearch/hermes-agent', 'url': 'https://github.com/NousResearch/hermes-agent', 'description': 'The agent that grows with you', 'stars': 243751, 'language': 'Python', 'created_at': '2025-07-22T22:22:28Z', 'profit_potential': {'score': 4, 'reasons': ['High stars (243751)', 'Actively maintained'], 'verdict': 'MEDIUM'}, 'product_idea': [{'type': 'template', 'title': 'hermes-agent - Production-Ready Template', 'description': 'A polished, documented, production-ready version of hermes-agent with best practices, tests, and deployment config included.', 'price_suggestion': '$29-99', 'platform': 'Gumroad', 'effort_estimate': '4-8 hours'}, {'type': 'tutorial', 'title': 'How to Build hermes-agent: Complete Guide', 'description': 'A step-by-step video course or ebook teaching how to use and extend hermes-agent for real-world projects.', 'price_suggestion': '$19-49', 'platform': 'Gumroad + YouTube', 'effort_estimate': '6-12 hours'}], 'content_idea': [{'type': 'video', 'title': 'This hermes-agent Project is INSANE (GitHub Trending)', 'description': "Showcasing hermes-agent - The agent that grows with you. This project has 243751 stars and is trending on GitHub. Let me show you why it's worth your attention.", 'format': 'showcase/review', 'duration_estimate': '5-8 minutes', 'monetization': ['adsense', 'affiliate']}, {'type': 'video', 'title': 'Build a Business with hermes-agent (Step by Step)', 'description': 'How to use hermes-agent to build something profitable. Complete walkthrough from setup to deployment.', 'format': 'tutorial', 'duration_estimate': '10-15 minutes', 'monetization': ['adsense', 'digital_product']}], 'timestamp': '2026-09-09T16:42:41.356171'}: 'AgentSwarm' object has no attribute '_generate_video'
2026-09-09 16:42:42,130 [INFO] Total productions: 0
2026-09-09 16:42:42,130 [INFO] ============================================================
2026-09-09 16:42:42,130 [INFO] AGENT 4: PRODUCT CREATION
2026-09-09 16:42:42,130 [INFO] ============================================================
2026-09-09 16:42:42,130 [INFO] Creating product from: openclaw
2026-09-09 16:42:42,130 [INFO]   Product: openclaw - Production-Ready Template
2026-09-09 16:42:42,130 [INFO]   Platform: Gumroad
2026-09-09 16:42:42,130 [INFO] Creating product from: superpowers
2026-09-09 16:42:42,131 [INFO]   Product: superpowers - Production-Ready Template
2026-09-09 16:42:42,131 [INFO]   Platform: Gumroad
2026-09-09 16:42:42,131 [INFO] Created 2 products
2026-09-09 16:42:42,131 [INFO] ============================================================
2026-09-09 16:42:42,131 [INFO] AGENT 3: PUBLISHING
2026-09-09 16:42:42,132 [INFO] ============================================================
2026-09-09 16:42:42,132 [INFO] Published 0 pieces
2026-09-09 16:42:42,132 [INFO] ============================================================
2026-09-09 16:42:42,132 [INFO] AGENT 5: FINANCE TRACKING
2026-09-09 16:42:42,132 [INFO] ============================================================
2026-09-09 16:42:42,132 [INFO] Tracking revenue across platforms...
2026-09-09 16:42:42,132 [INFO]   YouTube AdSense: $0.00 (0 views)
2026-09-09 16:42:42,132 [INFO]   Gumroad Sales: $0.00 (0 sales)
2026-09-09 16:42:42,132 [INFO]   Affiliate: $0.00 (0 conversions)
2026-09-09 16:42:42,132 [INFO] Threshold check: $0.00 / $100.00 (need $100.00 more)
2026-09-09 16:42:42,133 [INFO] Total earnings tracked: $0.00
2026-09-09 16:42:42,133 [INFO] Goal: $10,000
2026-09-09 16:42:42,133 [INFO] Progress: 0.0%
2026-09-09 16:42:42,133 [INFO] ============================================================
2026-09-09 16:42:42,133 [INFO] SWARM RUN COMPLETE
2026-09-09 16:42:42,133 [INFO] ============================================================
2026-09-09 16:42:42,133 [INFO] Finished at: 2026-09-09T16:42:42.133673
2026-09-09 20:08:45,467 [INFO] ============================================================
2026-09-09 20:08:45,467 [INFO] AUTONOMOUS EARNINGS SWARM - STARTING
2026-09-09 20:08:45,467 [INFO] ============================================================
2026-09-09 20:08:45,467 [INFO] Started at: 2026-09-09T20:08:45.467453
2026-09-09 20:08:45,467 [INFO] ============================================================
2026-09-09 20:08:45,467 [INFO] AGENT 1: RESEARCH & IDEATION
2026-09-09 20:08:45,467 [INFO] ============================================================
2026-09-09 20:08:45,467 [INFO] Scanning GitHub trending repos...
2026-09-09 20:08:47,314 [INFO] Found 30 trending GitHub projects
2026-09-09 20:08:47,314 [INFO] Searching for trending topics...
2026-09-09 20:08:47,314 [INFO] Web trends found: 3
2026-09-09 20:08:47,314 [INFO] Found 3 web trends
2026-09-09 20:08:47,316 [INFO] Total ideas generated: 33
2026-09-09 20:08:47,316 [INFO] Backlog saved to data/backlog.json
2026-09-09 20:08:47,316 [INFO] ============================================================
2026-09-09 20:08:47,316 [INFO] AGENT 2: CONTENT PRODUCTION
2026-09-09 20:08:47,316 [INFO] ============================================================
2026-09-09 20:08:47,316 [INFO] Processing idea: openclaw
2026-09-09 20:08:47,316 [ERROR] Content production failed for {'type': 'github_repo', 'category': 'automation_ai', 'name': 'openclaw', 'full_name': 'openclaw/openclaw', 'url': 'https://github.com/openclaw/openclaw', 'description': 'The AI that really does things. Any OS. Any Platform. The lobster way. 🦞 ', 'stars': 389305, 'language': 'TypeScript', 'created_at': '2025-11-24T10:16:47Z', 'profit_potential': {'score': 6, 'reasons': ['High stars (389305)', 'Solves concrete problem', 'Actively maintained'], 'verdict': 'HIGH'}, 'product_idea': [{'type': 'template', 'title': 'openclaw - Production-Ready Template', 'description': 'A polished, documented, production-ready version of openclaw with best practices, tests, and deployment config included.', 'price_suggestion': '$29-99', 'platform': 'Gumroad', 'effort_estimate': '4-8 hours'}, {'type': 'tutorial', 'title': 'How to Build openclaw: Complete Guide', 'description': 'A step-by-step video course or ebook teaching how to use and extend openclaw for real-world projects.', 'price_suggestion': '$19-49', 'platform': 'Gumroad + YouTube', 'effort_estimate': '6-12 hours'}], 'content_idea': [{'type': 'video', 'title': 'This openclaw Project is INSANE (GitHub Trending)', 'description': "Showcasing openclaw - The AI that really does things. Any OS. Any Platform. The lobster way. 🦞 . This project has 389305 stars and is trending on GitHub. Let me show you why it's worth your attention.", 'format': 'showcase/review', 'duration_estimate': '5-8 minutes', 'monetization': ['adsense', 'affiliate']}, {'type': 'video', 'title': 'Build a Business with openclaw (Step by Step)', 'description': 'How to use openclaw to build something profitable. Complete walkthrough from setup to deployment.', 'format': 'tutorial', 'duration_estimate': '10-15 minutes', 'monetization': ['adsense', 'digital_product']}], 'timestamp': '2026-09-09T20:08:46.004162'}: 'AgentSwarm' object has no attribute '_generate_video'
2026-09-09 20:08:47,316 [INFO] Processing idea: superpowers
2026-09-09 20:08:47,317 [ERROR] Content production failed for {'type': 'github_repo', 'category': 'automation_ai', 'name': 'superpowers', 'full_name': 'obra/superpowers', 'url': 'https://github.com/obra/superpowers', 'description': 'An agentic skills framework & software development methodology that works.', 'stars': 283940, 'language': 'Shell', 'created_at': '2025-10-09T19:45:18Z', 'profit_potential': {'score': 4, 'reasons': ['High stars (283940)', 'Actively maintained'], 'verdict': 'MEDIUM'}, 'product_idea': [{'type': 'template', 'title': 'superpowers - Production-Ready Template', 'description': 'A polished, documented, production-ready version of superpowers with best practices, tests, and deployment config included.', 'price_suggestion': '$29-99', 'platform': 'Gumroad', 'effort_estimate': '4-8 hours'}, {'type': 'tutorial', 'title': 'How to Build superpowers: Complete Guide', 'description': 'A step-by-step video course or ebook teaching how to use and extend superpowers for real-world projects.', 'price_suggestion': '$19-49', 'platform': 'Gumroad + YouTube', 'effort_estimate': '6-12 hours'}], 'content_idea': [{'type': 'video', 'title': 'This superpowers Project is INSANE (GitHub Trending)', 'description': "Showcasing superpowers - An agentic skills framework & software development methodology that works.. This project has 283940 stars and is trending on GitHub. Let me show you why it's worth your attention.", 'format': 'showcase/review', 'duration_estimate': '5-8 minutes', 'monetization': ['adsense', 'affiliate']}, {'type': 'video', 'title': 'Build a Business with superpowers (Step by Step)', 'description': 'How to use superpowers to build something profitable. Complete walkthrough from setup to deployment.', 'format': 'tutorial', 'duration_estimate': '10-15 minutes', 'monetization': ['adsense', 'digital_product']}], 'timestamp': '2026-09-09T20:08:46.004184'}: 'AgentSwarm' object has no attribute '_generate_video'
2026-09-09 20:08:47,317 [INFO] Processing idea: hermes-agent
2026-09-09 20:08:47,317 [ERROR] Content production failed for {'type': 'github_repo', 'category': 'automation_ai', 'name': 'hermes-agent', 'full_name': 'NousResearch/hermes-agent', 'url': 'https://github.com/NousResearch/hermes-agent', 'description': 'The agent that grows with you', 'stars': 243807, 'language': 'Python', 'created_at': '2025-07-22T22:22:28Z', 'profit_potential': {'score': 4, 'reasons': ['High stars (243807)', 'Actively maintained'], 'verdict': 'MEDIUM'}, 'product_idea': [{'type': 'template', 'title': 'hermes-agent - Production-Ready Template', 'description': 'A polished, documented, production-ready version of hermes-agent with best practices, tests, and deployment config included.', 'price_suggestion': '$29-99', 'platform': 'Gumroad', 'effort_estimate': '4-8 hours'}, {'type': 'tutorial', 'title': 'How to Build hermes-agent: Complete Guide', 'description': 'A step-by-step video course or ebook teaching how to use and extend hermes-agent for real-world projects.', 'price_suggestion': '$19-49', 'platform': 'Gumroad + YouTube', 'effort_estimate': '6-12 hours'}], 'content_idea': [{'type': 'video', 'title': 'This hermes-agent Project is INSANE (GitHub Trending)', 'description': "Showcasing hermes-agent - The agent that grows with you. This project has 243807 stars and is trending on GitHub. Let me show you why it's worth your attention.", 'format': 'showcase/review', 'duration_estimate': '5-8 minutes', 'monetization': ['adsense', 'affiliate']}, {'type': 'video', 'title': 'Build a Business with hermes-agent (Step by Step)', 'description': 'How to use hermes-agent to build something profitable. Complete walkthrough from setup to deployment.', 'format': 'tutorial', 'duration_estimate': '10-15 minutes', 'monetization': ['adsense', 'digital_product']}], 'timestamp': '2026-09-09T20:08:46.004193'}: 'AgentSwarm' object has no attribute '_generate_video'
2026-09-09 20:08:47,317 [INFO] Total productions: 0
2026-09-09 20:08:47,317 [INFO] ============================================================
2026-09-09 20:08:47,317 [INFO] AGENT 4: PRODUCT CREATION
2026-09-09 20:08:47,317 [INFO] ============================================================
2026-09-09 20:08:47,317 [INFO] Creating product from: openclaw
2026-09-09 20:08:47,317 [INFO]   Product: openclaw - Production-Ready Template
2026-09-09 20:08:47,317 [INFO]   Platform: Gumroad
2026-09-09 20:08:47,317 [INFO] Creating product from: superpowers
2026-09-09 20:08:47,318 [INFO]   Product: superpowers - Production-Ready Template
2026-09-09 20:08:47,318 [INFO]   Platform: Gumroad
2026-09-09 20:08:47,318 [INFO] Created 2 products
2026-09-09 20:08:47,318 [INFO] ============================================================
2026-09-09 20:08:47,318 [INFO] AGENT 3: PUBLISHING
2026-09-09 20:08:47,318 [INFO] ============================================================
2026-09-09 20:08:47,318 [INFO] Published 0 pieces
2026-09-09 20:08:47,318 [INFO] ============================================================
2026-09-09 20:08:47,318 [INFO] AGENT 5: FINANCE TRACKING
2026-09-09 20:08:47,318 [INFO] ============================================================
2026-09-09 20:08:47,318 [INFO] Tracking revenue across platforms...
2026-09-09 20:08:47,318 [INFO]   YouTube AdSense: $0.00 (0 views)
2026-09-09 20:08:47,318 [INFO]   Gumroad Sales: $0.00 (0 sales)
2026-09-09 20:08:47,318 [INFO]   Affiliate: $0.00 (0 conversions)
2026-09-09 20:08:47,318 [INFO] Threshold check: $0.00 / $100.00 (need $100.00 more)
2026-09-09 20:08:47,319 [INFO] Total earnings tracked: $0.00
2026-09-09 20:08:47,319 [INFO] Goal: $10,000
2026-09-09 20:08:47,319 [INFO] Progress: 0.0%
2026-09-09 20:08:47,319 [INFO] ============================================================
2026-09-09 20:08:47,319 [INFO] SWARM RUN COMPLETE
2026-09-09 20:08:47,319 [INFO] ============================================================
2026-09-09 20:08:47,319 [INFO] Finished at: 2026-09-09T20:08:47.319609
2026-09-10 01:51:11,196 [INFO] ============================================================
2026-09-10 01:51:11,196 [INFO] AUTONOMOUS EARNINGS SWARM - STARTING
2026-09-10 01:51:11,196 [INFO] ============================================================
2026-09-10 01:51:11,196 [INFO] Started at: 2026-09-10T01:51:11.196287
2026-09-10 01:51:11,196 [INFO] ============================================================
2026-09-10 01:51:11,196 [INFO] AGENT 1: RESEARCH & IDEATION
2026-09-10 01:51:11,196 [INFO] ============================================================
2026-09-10 01:51:11,196 [INFO] Scanning GitHub trending repos...
2026-09-10 01:51:12,726 [INFO] Found 30 trending GitHub projects
2026-09-10 01:51:12,726 [INFO] Searching for trending topics...
2026-09-10 01:51:12,726 [INFO] Web trends found: 3
2026-09-10 01:51:12,726 [INFO] Found 3 web trends
2026-09-10 01:51:12,728 [INFO] Total ideas generated: 33
2026-09-10 01:51:12,728 [INFO] Backlog saved to data/backlog.json
2026-09-10 01:51:12,728 [INFO] ============================================================
2026-09-10 01:51:12,728 [INFO] AGENT 2: CONTENT PRODUCTION
2026-09-10 01:51:12,728 [INFO] ============================================================
2026-09-10 01:51:12,728 [INFO] Processing idea: openclaw
2026-09-10 01:51:12,728 [ERROR] Content production failed for {'type': 'github_repo', 'category': 'automation_ai', 'name': 'openclaw', 'full_name': 'openclaw/openclaw', 'url': 'https://github.com/openclaw/openclaw', 'description': 'The AI that really does things. Any OS. Any Platform. The lobster way. 🦞 ', 'stars': 389315, 'language': 'TypeScript', 'created_at': '2025-11-24T10:16:47Z', 'profit_potential': {'score': 6, 'reasons': ['High stars (389315)', 'Solves concrete problem', 'Actively maintained'], 'verdict': 'HIGH'}, 'product_idea': [{'type': 'template', 'title': 'openclaw - Production-Ready Template', 'description': 'A polished, documented, production-ready version of openclaw with best practices, tests, and deployment config included.', 'price_suggestion': '$29-99', 'platform': 'Gumroad', 'effort_estimate': '4-8 hours'}, {'type': 'tutorial', 'title': 'How to Build openclaw: Complete Guide', 'description': 'A step-by-step video course or ebook teaching how to use and extend openclaw for real-world projects.', 'price_suggestion': '$19-49', 'platform': 'Gumroad + YouTube', 'effort_estimate': '6-12 hours'}], 'content_idea': [{'type': 'video', 'title': 'This openclaw Project is INSANE (GitHub Trending)', 'description': "Showcasing openclaw - The AI that really does things. Any OS. Any Platform. The lobster way. 🦞 . This project has 389315 stars and is trending on GitHub. Let me show you why it's worth your attention.", 'format': 'showcase/review', 'duration_estimate': '5-8 minutes', 'monetization': ['adsense', 'affiliate']}, {'type': 'video', 'title': 'Build a Business with openclaw (Step by Step)', 'description': 'How to use openclaw to build something profitable. Complete walkthrough from setup to deployment.', 'format': 'tutorial', 'duration_estimate': '10-15 minutes', 'monetization': ['adsense', 'digital_product']}], 'timestamp': '2026-09-10T01:51:11.847046'}: 'AgentSwarm' object has no attribute '_generate_video'
2026-09-10 01:51:12,729 [INFO] Processing idea: superpowers
2026-09-10 01:51:12,729 [ERROR] Content production failed for {'type': 'github_repo', 'category': 'automation_ai', 'name': 'superpowers', 'full_name': 'obra/superpowers', 'url': 'https://github.com/obra/superpowers', 'description': 'An agentic skills framework & software development methodology that works.', 'stars': 284057, 'language': 'Shell', 'created_at': '2025-10-09T19:45:18Z', 'profit_potential': {'score': 4, 'reasons': ['High stars (284057)', 'Actively maintained'], 'verdict': 'MEDIUM'}, 'product_idea': [{'type': 'template', 'title': 'superpowers - Production-Ready Template', 'description': 'A polished, documented, production-ready version of superpowers with best practices, tests, and deployment config included.', 'price_suggestion': '$29-99', 'platform': 'Gumroad', 'effort_estimate': '4-8 hours'}, {'type': 'tutorial', 'title': 'How to Build superpowers: Complete Guide', 'description': 'A step-by-step video course or ebook teaching how to use and extend superpowers for real-world projects.', 'price_suggestion': '$19-49', 'platform': 'Gumroad + YouTube', 'effort_estimate': '6-12 hours'}], 'content_idea': [{'type': 'video', 'title': 'This superpowers Project is INSANE (GitHub Trending)', 'description': "Showcasing superpowers - An agentic skills framework & software development methodology that works.. This project has 284057 stars and is trending on GitHub. Let me show you why it's worth your attention.", 'format': 'showcase/review', 'duration_estimate': '5-8 minutes', 'monetization': ['adsense', 'affiliate']}, {'type': 'video', 'title': 'Build a Business with superpowers (Step by Step)', 'description': 'How to use superpowers to build something profitable. Complete walkthrough from setup to deployment.', 'format': 'tutorial', 'duration_estimate': '10-15 minutes', 'monetization': ['adsense', 'digital_product']}], 'timestamp': '2026-09-10T01:51:11.847066'}: 'AgentSwarm' object has no attribute '_generate_video'
2026-09-10 01:51:12,729 [INFO] Processing idea: hermes-agent
2026-09-10 01:51:12,729 [ERROR] Content production failed for {'type': 'github_repo', 'category': 'automation_ai', 'name': 'hermes-agent', 'full_name': 'NousResearch/hermes-agent', 'url': 'https://github.com/NousResearch/hermes-agent', 'description': 'The agent that grows with you', 'stars': 243876, 'language': 'Python', 'created_at': '2025-07-22T22:22:28Z', 'profit_potential': {'score': 4, 'reasons': ['High stars (243876)', 'Actively maintained'], 'verdict': 'MEDIUM'}, 'product_idea': [{'type': 'template', 'title': 'hermes-agent - Production-Ready Template', 'description': 'A polished, documented, production-ready version of hermes-agent with best practices, tests, and deployment config included.', 'price_suggestion': '$29-99', 'platform': 'Gumroad', 'effort_estimate': '4-8 hours'}, {'type': 'tutorial', 'title': 'How to Build hermes-agent: Complete Guide', 'description': 'A step-by-step video course or ebook teaching how to use and extend hermes-agent for real-world projects.', 'price_suggestion': '$19-49', 'platform': 'Gumroad + YouTube', 'effort_estimate': '6-12 hours'}], 'content_idea': [{'type': 'video', 'title': 'This hermes-agent Project is INSANE (GitHub Trending)', 'description': "Showcasing hermes-agent - The agent that grows with you. This project has 243876 stars and is trending on GitHub. Let me show you why it's worth your attention.", 'format': 'showcase/review', 'duration_estimate': '5-8 minutes', 'monetization': ['adsense', 'affiliate']}, {'type': 'video', 'title': 'Build a Business with hermes-agent (Step by Step)', 'description': 'How to use hermes-agent to build something profitable. Complete walkthrough from setup to deployment.', 'format': 'tutorial', 'duration_estimate': '10-15 minutes', 'monetization': ['adsense', 'digital_product']}], 'timestamp': '2026-09-10T01:51:11.847074'}: 'AgentSwarm' object has no attribute '_generate_video'
2026-09-10 01:51:12,729 [INFO] Total productions: 0
2026-09-10 01:51:12,729 [INFO] ============================================================
2026-09-10 01:51:12,729 [INFO] AGENT 4: PRODUCT CREATION
2026-09-10 01:51:12,729 [INFO] ============================================================
2026-09-10 01:51:12,729 [INFO] Creating product from: openclaw
2026-09-10 01:51:12,730 [INFO]   Product: openclaw - Production-Ready Template
2026-09-10 01:51:12,730 [INFO]   Platform: Gumroad
2026-09-10 01:51:12,730 [INFO] Creating product from: superpowers
2026-09-10 01:51:12,730 [INFO]   Product: superpowers - Production-Ready Template
2026-09-10 01:51:12,730 [INFO]   Platform: Gumroad
2026-09-10 01:51:12,730 [INFO] Created 2 products
2026-09-10 01:51:12,731 [INFO] ============================================================
2026-09-10 01:51:12,731 [INFO] AGENT 3: PUBLISHING
2026-09-10 01:51:12,731 [INFO] ============================================================
2026-09-10 01:51:12,731 [INFO] Published 0 pieces
2026-09-10 01:51:12,731 [INFO] ============================================================
2026-09-10 01:51:12,731 [INFO] AGENT 5: FINANCE TRACKING
2026-09-10 01:51:12,731 [INFO] ============================================================
2026-09-10 01:51:12,731 [INFO] Tracking revenue across platforms...
2026-09-10 01:51:12,731 [INFO]   YouTube AdSense: $0.00 (0 views)
2026-09-10 01:51:12,731 [INFO]   Gumroad Sales: $0.00 (0 sales)
2026-09-10 01:51:12,732 [INFO]   Affiliate: $0.00 (0 conversions)
2026-09-10 01:51:12,732 [INFO] Threshold check: $0.00 / $100.00 (need $100.00 more)
2026-09-10 01:51:12,732 [INFO] Total earnings tracked: $0.00
2026-09-10 01:51:12,732 [INFO] Goal: $10,000
2026-09-10 01:51:12,732 [INFO] Progress: 0.0%
2026-09-10 01:51:12,732 [INFO] ============================================================
2026-09-10 01:51:12,732 [INFO] SWARM RUN COMPLETE
2026-09-10 01:51:12,732 [INFO] ============================================================
2026-09-10 01:51:12,732 [INFO] Finished at: 2026-09-10T01:51:12.732794
2026-09-10 10:11:00,666 [INFO] ============================================================
2026-09-10 10:11:00,666 [INFO] AUTONOMOUS EARNINGS SWARM - STARTING
2026-09-10 10:11:00,666 [INFO] ============================================================
2026-09-10 10:11:00,666 [INFO] Started at: 2026-09-10T10:11:00.666521
2026-09-10 10:11:00,666 [INFO] ============================================================
2026-09-10 10:11:00,666 [INFO] AGENT 1: RESEARCH & IDEATION
2026-09-10 10:11:00,666 [INFO] ============================================================
2026-09-10 10:11:00,666 [INFO] Scanning GitHub trending repos...
2026-09-10 10:11:02,021 [INFO] Found 30 trending GitHub projects
2026-09-10 10:11:02,021 [INFO] Searching for trending topics...
2026-09-10 10:11:02,022 [INFO] Web trends found: 3
2026-09-10 10:11:02,022 [INFO] Found 3 web trends
2026-09-10 10:11:02,024 [INFO] Total ideas generated: 33
2026-09-10 10:11:02,024 [INFO] Backlog saved to data/backlog.json
2026-09-10 10:11:02,024 [INFO] ============================================================
2026-09-10 10:11:02,024 [INFO] AGENT 2: CONTENT PRODUCTION
2026-09-10 10:11:02,024 [INFO] ============================================================
2026-09-10 10:11:02,024 [INFO] Processing idea: openclaw
2026-09-10 10:11:02,024 [ERROR] Content production failed for {'type': 'github_repo', 'category': 'automation_ai', 'name': 'openclaw', 'full_name': 'openclaw/openclaw', 'url': 'https://github.com/openclaw/openclaw', 'description': 'The AI that really does things. Any OS. Any Platform. The lobster way. 🦞 ', 'stars': 389327, 'language': 'TypeScript', 'created_at': '2025-11-24T10:16:47Z', 'profit_potential': {'score': 6, 'reasons': ['High stars (389327)', 'Solves concrete problem', 'Actively maintained'], 'verdict': 'HIGH'}, 'product_idea': [{'type': 'template', 'title': 'openclaw - Production-Ready Template', 'description': 'A polished, documented, production-ready version of openclaw with best practices, tests, and deployment config included.', 'price_suggestion': '$29-99', 'platform': 'Gumroad', 'effort_estimate': '4-8 hours'}, {'type': 'tutorial', 'title': 'How to Build openclaw: Complete Guide', 'description': 'A step-by-step video course or ebook teaching how to use and extend openclaw for real-world projects.', 'price_suggestion': '$19-49', 'platform': 'Gumroad + YouTube', 'effort_estimate': '6-12 hours'}], 'content_idea': [{'type': 'video', 'title': 'This openclaw Project is INSANE (GitHub Trending)', 'description': "Showcasing openclaw - The AI that really does things. Any OS. Any Platform. The lobster way. 🦞 . This project has 389327 stars and is trending on GitHub. Let me show you why it's worth your attention.", 'format': 'showcase/review', 'duration_estimate': '5-8 minutes', 'monetization': ['adsense', 'affiliate']}, {'type': 'video', 'title': 'Build a Business with openclaw (Step by Step)', 'description': 'How to use openclaw to build something profitable. Complete walkthrough from setup to deployment.', 'format': 'tutorial', 'duration_estimate': '10-15 minutes', 'monetization': ['adsense', 'digital_product']}], 'timestamp': '2026-09-10T10:11:01.269410'}: 'AgentSwarm' object has no attribute '_generate_video'
2026-09-10 10:11:02,024 [INFO] Processing idea: superpowers
2026-09-10 10:11:02,024 [ERROR] Content production failed for {'type': 'github_repo', 'category': 'automation_ai', 'name': 'superpowers', 'full_name': 'obra/superpowers', 'url': 'https://github.com/obra/superpowers', 'description': 'An agentic skills framework & software development methodology that works.', 'stars': 284338, 'language': 'Shell', 'created_at': '2025-10-09T19:45:18Z', 'profit_potential': {'score': 4, 'reasons': ['High stars (284338)', 'Actively maintained'], 'verdict': 'MEDIUM'}, 'product_idea': [{'type': 'template', 'title': 'superpowers - Production-Ready Template', 'description': 'A polished, documented, production-ready version of superpowers with best practices, tests, and deployment config included.', 'price_suggestion': '$29-99', 'platform': 'Gumroad', 'effort_estimate': '4-8 hours'}, {'type': 'tutorial', 'title': 'How to Build superpowers: Complete Guide', 'description': 'A step-by-step video course or ebook teaching how to use and extend superpowers for real-world projects.', 'price_suggestion': '$19-49', 'platform': 'Gumroad + YouTube', 'effort_estimate': '6-12 hours'}], 'content_idea': [{'type': 'video', 'title': 'This superpowers Project is INSANE (GitHub Trending)', 'description': "Showcasing superpowers - An agentic skills framework & software development methodology that works.. This project has 284338 stars and is trending on GitHub. Let me show you why it's worth your attention.", 'format': 'showcase/review', 'duration_estimate': '5-8 minutes', 'monetization': ['adsense', 'affiliate']}, {'type': 'video', 'title': 'Build a Business with superpowers (Step by Step)', 'description': 'How to use superpowers to build something profitable. Complete walkthrough from setup to deployment.', 'format': 'tutorial', 'duration_estimate': '10-15 minutes', 'monetization': ['adsense', 'digital_product']}], 'timestamp': '2026-09-10T10:11:01.269475'}: 'AgentSwarm' object has no attribute '_generate_video'
2026-09-10 10:11:02,024 [INFO] Processing idea: hermes-agent
2026-09-10 10:11:02,024 [ERROR] Content production failed for {'type': 'github_repo', 'category': 'automation_ai', 'name': 'hermes-agent', 'full_name': 'NousResearch/hermes-agent', 'url': 'https://github.com/NousResearch/hermes-agent', 'description': 'The agent that grows with you', 'stars': 244023, 'language': 'Python', 'created_at': '2025-07-22T22:22:28Z', 'profit_potential': {'score': 4, 'reasons': ['High stars (244023)', 'Actively maintained'], 'verdict': 'MEDIUM'}, 'product_idea': [{'type': 'template', 'title': 'hermes-agent - Production-Ready Template', 'description': 'A polished, documented, production-ready version of hermes-agent with best practices, tests, and deployment config included.', 'price_suggestion': '$29-99', 'platform': 'Gumroad', 'effort_estimate': '4-8 hours'}, {'type': 'tutorial', 'title': 'How to Build hermes-agent: Complete Guide', 'description': 'A step-by-step video course or ebook teaching how to use and extend hermes-agent for real-world projects.', 'price_suggestion': '$19-49', 'platform': 'Gumroad + YouTube', 'effort_estimate': '6-12 hours'}], 'content_idea': [{'type': 'video', 'title': 'This hermes-agent Project is INSANE (GitHub Trending)', 'description': "Showcasing hermes-agent - The agent that grows with you. This project has 244023 stars and is trending on GitHub. Let me show you why it's worth your attention.", 'format': 'showcase/review', 'duration_estimate': '5-8 minutes', 'monetization': ['adsense', 'affiliate']}, {'type': 'video', 'title': 'Build a Business with hermes-agent (Step by Step)', 'description': 'How to use hermes-agent to build something profitable. Complete walkthrough from setup to deployment.', 'format': 'tutorial', 'duration_estimate': '10-15 minutes', 'monetization': ['adsense', 'digital_product']}], 'timestamp': '2026-09-10T10:11:01.269488'}: 'AgentSwarm' object has no attribute '_generate_video'
2026-09-10 10:11:02,025 [INFO] Total productions: 0
2026-09-10 10:11:02,025 [INFO] ============================================================
2026-09-10 10:11:02,025 [INFO] AGENT 4: PRODUCT CREATION
2026-09-10 10:11:02,025 [INFO] ============================================================
2026-09-10 10:11:02,025 [INFO] Creating product from: openclaw
2026-09-10 10:11:02,025 [INFO]   Product: openclaw - Production-Ready Template
2026-09-10 10:11:02,025 [INFO]   Platform: Gumroad
2026-09-10 10:11:02,025 [INFO] Creating product from: superpowers
2026-09-10 10:11:02,025 [INFO]   Product: superpowers - Production-Ready Template
2026-09-10 10:11:02,025 [INFO]   Platform: Gumroad
2026-09-10 10:11:02,026 [INFO] Created 2 products
2026-09-10 10:11:02,026 [INFO] ============================================================
2026-09-10 10:11:02,026 [INFO] AGENT 3: PUBLISHING
2026-09-10 10:11:02,026 [INFO] ============================================================
2026-09-10 10:11:02,026 [INFO] Published 0 pieces
2026-09-10 10:11:02,026 [INFO] ============================================================
2026-09-10 10:11:02,026 [INFO] AGENT 5: FINANCE TRACKING
2026-09-10 10:11:02,026 [INFO] ============================================================
2026-09-10 10:11:02,026 [INFO] Tracking revenue across platforms...
2026-09-10 10:11:02,026 [INFO]   YouTube AdSense: $0.00 (0 views)
2026-09-10 10:11:02,026 [INFO]   Gumroad Sales: $0.00 (0 sales)
2026-09-10 10:11:02,026 [INFO]   Affiliate: $0.00 (0 conversions)
2026-09-10 10:11:02,027 [INFO] Threshold check: $0.00 / $100.00 (need $100.00 more)
2026-09-10 10:11:02,027 [INFO] Total earnings tracked: $0.00
2026-09-10 10:11:02,027 [INFO] Goal: $10,000
2026-09-10 10:11:02,027 [INFO] Progress: 0.0%
2026-09-10 10:11:02,027 [INFO] ============================================================
2026-09-10 10:11:02,027 [INFO] SWARM RUN COMPLETE
2026-09-10 10:11:02,027 [INFO] ============================================================
2026-09-10 10:11:02,027 [INFO] Finished at: 2026-09-10T10:11:02.027655
2026-09-10 15:23:07,213 [INFO] ============================================================
2026-09-10 15:23:07,213 [INFO] AUTONOMOUS EARNINGS SWARM - STARTING
2026-09-10 15:23:07,213 [INFO] ============================================================
2026-09-10 15:23:07,213 [INFO] Started at: 2026-09-10T15:23:07.213363
2026-09-10 15:23:07,213 [INFO] ============================================================
2026-09-10 15:23:07,213 [INFO] AGENT 1: RESEARCH & IDEATION
2026-09-10 15:23:07,213 [INFO] ============================================================
2026-09-10 15:23:07,213 [INFO] Scanning GitHub trending repos...
2026-09-10 15:23:08,542 [INFO] Found 30 trending GitHub projects
2026-09-10 15:23:08,542 [INFO] Searching for trending topics...
2026-09-10 15:23:08,542 [INFO] Web trends found: 3
2026-09-10 15:23:08,542 [INFO] Found 3 web trends
2026-09-10 15:23:08,544 [INFO] Total ideas generated: 33
2026-09-10 15:23:08,544 [INFO] Backlog saved to data/backlog.json
2026-09-10 15:23:08,544 [INFO] ============================================================
2026-09-10 15:23:08,544 [INFO] AGENT 2: CONTENT PRODUCTION
2026-09-10 15:23:08,544 [INFO] ============================================================
2026-09-10 15:23:08,544 [INFO] Processing idea: openclaw
2026-09-10 15:23:08,545 [ERROR] Content production failed for {'type': 'github_repo', 'category': 'automation_ai', 'name': 'openclaw', 'full_name': 'openclaw/openclaw', 'url': 'https://github.com/openclaw/openclaw', 'description': 'The AI that really does things. Any OS. Any Platform. The lobster way. 🦞 ', 'stars': 389357, 'language': 'TypeScript', 'created_at': '2025-11-24T10:16:47Z', 'profit_potential': {'score': 6, 'reasons': ['High stars (389357)', 'Solves concrete problem', 'Actively maintained'], 'verdict': 'HIGH'}, 'product_idea': [{'type': 'template', 'title': 'openclaw - Production-Ready Template', 'description': 'A polished, documented, production-ready version of openclaw with best practices, tests, and deployment config included.', 'price_suggestion': '$29-99', 'platform': 'Gumroad', 'effort_estimate': '4-8 hours'}, {'type': 'tutorial', 'title': 'How to Build openclaw: Complete Guide', 'description': 'A step-by-step video course or ebook teaching how to use and extend openclaw for real-world projects.', 'price_suggestion': '$19-49', 'platform': 'Gumroad + YouTube', 'effort_estimate': '6-12 hours'}], 'content_idea': [{'type': 'video', 'title': 'This openclaw Project is INSANE (GitHub Trending)', 'description': "Showcasing openclaw - The AI that really does things. Any OS. Any Platform. The lobster way. 🦞 . This project has 389357 stars and is trending on GitHub. Let me show you why it's worth your attention.", 'format': 'showcase/review', 'duration_estimate': '5-8 minutes', 'monetization': ['adsense', 'affiliate']}, {'type': 'video', 'title': 'Build a Business with openclaw (Step by Step)', 'description': 'How to use openclaw to build something profitable. Complete walkthrough from setup to deployment.', 'format': 'tutorial', 'duration_estimate': '10-15 minutes', 'monetization': ['adsense', 'digital_product']}], 'timestamp': '2026-09-10T15:23:07.722935'}: 'AgentSwarm' object has no attribute '_generate_video'
2026-09-10 15:23:08,545 [INFO] Processing idea: superpowers
2026-09-10 15:23:08,545 [ERROR] Content production failed for {'type': 'github_repo', 'category': 'automation_ai', 'name': 'superpowers', 'full_name': 'obra/superpowers', 'url': 'https://github.com/obra/superpowers', 'description': 'An agentic skills framework & software development methodology that works.', 'stars': 284496, 'language': 'Shell', 'created_at': '2025-10-09T19:45:18Z', 'profit_potential': {'score': 4, 'reasons': ['High stars (284496)', 'Actively maintained'], 'verdict': 'MEDIUM'}, 'product_idea': [{'type': 'template', 'title': 'superpowers - Production-Ready Template', 'description': 'A polished, documented, production-ready version of superpowers with best practices, tests, and deployment config included.', 'price_suggestion': '$29-99', 'platform': 'Gumroad', 'effort_estimate': '4-8 hours'}, {'type': 'tutorial', 'title': 'How to Build superpowers: Complete Guide', 'description': 'A step-by-step video course or ebook teaching how to use and extend superpowers for real-world projects.', 'price_suggestion': '$19-49', 'platform': 'Gumroad + YouTube', 'effort_estimate': '6-12 hours'}], 'content_idea': [{'type': 'video', 'title': 'This superpowers Project is INSANE (GitHub Trending)', 'description': "Showcasing superpowers - An agentic skills framework & software development methodology that works.. This project has 284496 stars and is trending on GitHub. Let me show you why it's worth your attention.", 'format': 'showcase/review', 'duration_estimate': '5-8 minutes', 'monetization': ['adsense', 'affiliate']}, {'type': 'video', 'title': 'Build a Business with superpowers (Step by Step)', 'description': 'How to use superpowers to build something profitable. Complete walkthrough from setup to deployment.', 'format': 'tutorial', 'duration_estimate': '10-15 minutes', 'monetization': ['adsense', 'digital_product']}], 'timestamp': '2026-09-10T15:23:07.722958'}: 'AgentSwarm' object has no attribute '_generate_video'
2026-09-10 15:23:08,545 [INFO] Processing idea: hermes-agent
2026-09-10 15:23:08,545 [ERROR] Content production failed for {'type': 'github_repo', 'category': 'automation_ai', 'name': 'hermes-agent', 'full_name': 'NousResearch/hermes-agent', 'url': 'https://github.com/NousResearch/hermes-agent', 'description': 'The agent that grows with you', 'stars': 244122, 'language': 'Python', 'created_at': '2025-07-22T22:22:28Z', 'profit_potential': {'score': 4, 'reasons': ['High stars (244122)', 'Actively maintained'], 'verdict': 'MEDIUM'}, 'product_idea': [{'type': 'template', 'title': 'hermes-agent - Production-Ready Template', 'description': 'A polished, documented, production-ready version of hermes-agent with best practices, tests, and deployment config included.', 'price_suggestion': '$29-99', 'platform': 'Gumroad', 'effort_estimate': '4-8 hours'}, {'type': 'tutorial', 'title': 'How to Build hermes-agent: Complete Guide', 'description': 'A step-by-step video course or ebook teaching how to use and extend hermes-agent for real-world projects.', 'price_suggestion': '$19-49', 'platform': 'Gumroad + YouTube', 'effort_estimate': '6-12 hours'}], 'content_idea': [{'type': 'video', 'title': 'This hermes-agent Project is INSANE (GitHub Trending)', 'description': "Showcasing hermes-agent - The agent that grows with you. This project has 244122 stars and is trending on GitHub. Let me show you why it's worth your attention.", 'format': 'showcase/review', 'duration_estimate': '5-8 minutes', 'monetization': ['adsense', 'affiliate']}, {'type': 'video', 'title': 'Build a Business with hermes-agent (Step by Step)', 'description': 'How to use hermes-agent to build something profitable. Complete walkthrough from setup to deployment.', 'format': 'tutorial', 'duration_estimate': '10-15 minutes', 'monetization': ['adsense', 'digital_product']}], 'timestamp': '2026-09-10T15:23:07.722970'}: 'AgentSwarm' object has no attribute '_generate_video'
2026-09-10 15:23:08,545 [INFO] Total productions: 0
2026-09-10 15:23:08,545 [INFO] ============================================================
2026-09-10 15:23:08,545 [INFO] AGENT 4: PRODUCT CREATION
2026-09-10 15:23:08,545 [INFO] ============================================================
2026-09-10 15:23:08,545 [INFO] Creating product from: openclaw
2026-09-10 15:23:08,545 [INFO]   Product: openclaw - Production-Ready Template
2026-09-10 15:23:08,546 [INFO]   Platform: Gumroad
2026-09-10 15:23:08,546 [INFO] Creating product from: superpowers
2026-09-10 15:23:08,546 [INFO]   Product: superpowers - Production-Ready Template
2026-09-10 15:23:08,546 [INFO]   Platform: Gumroad
2026-09-10 15:23:08,546 [INFO] Created 2 products
2026-09-10 15:23:08,546 [INFO] ============================================================
2026-09-10 15:23:08,546 [INFO] AGENT 3: PUBLISHING
2026-09-10 15:23:08,546 [INFO] ============================================================
2026-09-10 15:23:08,546 [INFO] Published 0 pieces
2026-09-10 15:23:08,547 [INFO] ============================================================
2026-09-10 15:23:08,547 [INFO] AGENT 5: FINANCE TRACKING
2026-09-10 15:23:08,547 [INFO] ============================================================
2026-09-10 15:23:08,547 [INFO] Tracking revenue across platforms...
2026-09-10 15:23:08,547 [INFO]   YouTube AdSense: $0.00 (0 views)
2026-09-10 15:23:08,547 [INFO]   Gumroad Sales: $0.00 (0 sales)
2026-09-10 15:23:08,547 [INFO]   Affiliate: $0.00 (0 conversions)
2026-09-10 15:23:08,547 [INFO] Threshold check: $0.00 / $100.00 (need $100.00 more)
2026-09-10 15:23:08,547 [INFO] Total earnings tracked: $0.00
2026-09-10 15:23:08,547 [INFO] Goal: $10,000
2026-09-10 15:23:08,547 [INFO] Progress: 0.0%
2026-09-10 15:23:08,547 [INFO] ============================================================
2026-09-10 15:23:08,547 [INFO] SWARM RUN COMPLETE
2026-09-10 15:23:08,547 [INFO] ============================================================
2026-09-10 15:23:08,547 [INFO] Finished at: 2026-09-10T15:23:08.547913
2026-09-10 20:11:02,743 [INFO] ============================================================
2026-09-10 20:11:02,743 [INFO] AUTONOMOUS EARNINGS SWARM - STARTING
2026-09-10 20:11:02,743 [INFO] ============================================================
2026-09-10 20:11:02,743 [INFO] Started at: 2026-09-10T20:11:02.743554
2026-09-10 20:11:02,743 [INFO] ============================================================
2026-09-10 20:11:02,743 [INFO] AGENT 1: RESEARCH & IDEATION
2026-09-10 20:11:02,743 [INFO] ============================================================
2026-09-10 20:11:02,743 [INFO] Scanning GitHub trending repos...
2026-09-10 20:11:03,488 [INFO] Found 0 trending GitHub projects
2026-09-10 20:11:03,488 [INFO] Searching for trending topics...
2026-09-10 20:11:03,488 [INFO] Web trends found: 3
2026-09-10 20:11:03,488 [INFO] Found 3 web trends
2026-09-10 20:11:03,488 [INFO] Total ideas generated: 3
2026-09-10 20:11:03,488 [INFO] Backlog saved to data/backlog.json
2026-09-10 20:11:03,489 [INFO] ============================================================
2026-09-10 20:11:03,489 [INFO] AGENT 2: CONTENT PRODUCTION
2026-09-10 20:11:03,489 [INFO] ============================================================
2026-09-10 20:11:03,489 [INFO] Processing idea: AI agents for automation
2026-09-10 20:11:03,489 [ERROR] Content production failed for {'type': 'web_trend', 'category': 'ai_agents', 'trend': 'AI agents for automation', 'search_volume': 'HIGH', 'profit_angle': "People want to build AI agents but don't know how - sell templates, courses, consultations", 'content_ideas': ['How to Build Your First AI Agent in 2024', '5 AI Agent Projects You Can Sell Today', 'AI Agent Framework Comparison 2024'], 'product_ideas': ['AI Agent Template Pack ($49)', 'AI Agent Starter Course ($99)', 'Custom AI Agent Building Service'], 'timestamp': '2026-09-10T20:11:03.488493'}: 'AgentSwarm' object has no attribute '_generate_video'
2026-09-10 20:11:03,489 [INFO] Processing idea: No-code automation tools
2026-09-10 20:11:03,489 [ERROR] Content production failed for {'type': 'web_trend', 'category': 'automation', 'trend': 'No-code automation tools', 'search_volume': 'HIGH', 'profit_angle': 'Business owners want to automate without coding - sell automation setups, templates, consulting', 'content_ideas': ['Automate Your Entire Business with No Code', '5 Automation Tools That Save 10 Hours/Week', 'Build an Automated Lead Generation System'], 'product_ideas': ['Automation Template Library ($29/month)', 'Business Automation Audit ($99 one-time)', 'Pre-built Automation Workflows'], 'timestamp': '2026-09-10T20:11:03.488504'}: 'AgentSwarm' object has no attribute '_generate_video'
2026-09-10 20:11:03,489 [INFO] Processing idea: Developer productivity tools
2026-09-10 20:11:03,489 [ERROR] Content production failed for {'type': 'web_trend', 'category': 'developer_tools', 'trend': 'Developer productivity tools', 'search_volume': 'MEDIUM', 'profit_angle': 'Developers spend money on tools that make them faster - sell IDE extensions, CLI tools, boilerplates', 'content_ideas': ['Tools That Make Me 10x Faster as a Developer', 'My Entire Developer Setup 2024', 'Build Your Own Developer Tools (and Sell Them)'], 'product_ideas': ['Developer Boilerplate Bundle ($79)', 'CLI Tool Collection ($29)', 'IDE Extension Template'], 'timestamp': '2026-09-10T20:11:03.488506'}: 'AgentSwarm' object has no attribute '_generate_video'
2026-09-10 20:11:03,489 [INFO] Total productions: 0
2026-09-10 20:11:03,489 [INFO] ============================================================
2026-09-10 20:11:03,489 [INFO] AGENT 4: PRODUCT CREATION
2026-09-10 20:11:03,489 [INFO] ============================================================
2026-09-10 20:11:03,489 [INFO] Creating product from: AI agents for automation
2026-09-10 20:11:03,490 [INFO]   Product: The Complete Guide to AI agents for automation
2026-09-10 20:11:03,490 [INFO]   Platform: Gumroad
2026-09-10 20:11:03,490 [INFO] Creating product from: No-code automation tools
2026-09-10 20:11:03,490 [INFO]   Product: The Complete Guide to No-code automation tools
2026-09-10 20:11:03,490 [INFO]   Platform: Gumroad
2026-09-10 20:11:03,490 [INFO] Created 2 products
2026-09-10 20:11:03,490 [INFO] ============================================================
2026-09-10 20:11:03,490 [INFO] AGENT 3: PUBLISHING
2026-09-10 20:11:03,490 [INFO] ============================================================
2026-09-10 20:11:03,490 [INFO] Published 0 pieces
2026-09-10 20:11:03,491 [INFO] ============================================================
2026-09-10 20:11:03,491 [INFO] AGENT 5: FINANCE TRACKING
2026-09-10 20:11:03,491 [INFO] ============================================================
2026-09-10 20:11:03,491 [INFO] Tracking revenue across platforms...
2026-09-10 20:11:03,491 [INFO]   YouTube AdSense: $0.00 (0 views)
2026-09-10 20:11:03,491 [INFO]   Gumroad Sales: $0.00 (0 sales)
2026-09-10 20:11:03,491 [INFO]   Affiliate: $0.00 (0 conversions)
2026-09-10 20:11:03,491 [INFO] Threshold check: $0.00 / $100.00 (need $100.00 more)
2026-09-10 20:11:03,491 [INFO] Total earnings tracked: $0.00
2026-09-10 20:11:03,491 [INFO] Goal: $10,000
2026-09-10 20:11:03,491 [INFO] Progress: 0.0%
2026-09-10 20:11:03,491 [INFO] ============================================================
2026-09-10 20:11:03,491 [INFO] SWARM RUN COMPLETE
2026-09-10 20:11:03,491 [INFO] ============================================================
2026-09-10 20:11:03,491 [INFO] Finished at: 2026-09-10T20:11:03.491977
2026-09-11 01:49:50,019 [INFO] ============================================================
2026-09-11 01:49:50,019 [INFO] AUTONOMOUS EARNINGS SWARM - STARTING
2026-09-11 01:49:50,019 [INFO] ============================================================
2026-09-11 01:49:50,019 [INFO] Started at: 2026-09-11T01:49:50.019728
2026-09-11 01:49:50,019 [INFO] ============================================================
2026-09-11 01:49:50,019 [INFO] AGENT 1: RESEARCH & IDEATION
2026-09-11 01:49:50,019 [INFO] ============================================================
2026-09-11 01:49:50,019 [INFO] Scanning GitHub trending repos...
2026-09-11 01:49:51,542 [INFO] Found 30 trending GitHub projects
2026-09-11 01:49:51,542 [INFO] Searching for trending topics...
2026-09-11 01:49:51,542 [INFO] Web trends found: 3
2026-09-11 01:49:51,543 [INFO] Found 3 web trends
2026-09-11 01:49:51,545 [INFO] Total ideas generated: 33
2026-09-11 01:49:51,545 [INFO] Backlog saved to data/backlog.json
2026-09-11 01:49:51,545 [INFO] ============================================================
2026-09-11 01:49:51,545 [INFO] AGENT 2: CONTENT PRODUCTION
2026-09-11 01:49:51,545 [INFO] ============================================================
2026-09-11 01:49:51,545 [INFO] Processing idea: openclaw
2026-09-11 01:49:51,545 [ERROR] Content production failed for {'type': 'github_repo', 'category': 'automation_ai', 'name': 'openclaw', 'full_name': 'openclaw/openclaw', 'url': 'https://github.com/openclaw/openclaw', 'description': 'The AI that really does things. Any OS. Any Platform. The lobster way. 🦞 ', 'stars': 389404, 'language': 'TypeScript', 'created_at': '2025-11-24T10:16:47Z', 'profit_potential': {'score': 6, 'reasons': ['High stars (389404)', 'Solves concrete problem', 'Actively maintained'], 'verdict': 'HIGH'}, 'product_idea': [{'type': 'template', 'title': 'openclaw - Production-Ready Template', 'description': 'A polished, documented, production-ready version of openclaw with best practices, tests, and deployment config included.', 'price_suggestion': '$29-99', 'platform': 'Gumroad', 'effort_estimate': '4-8 hours'}, {'type': 'tutorial', 'title': 'How to Build openclaw: Complete Guide', 'description': 'A step-by-step video course or ebook teaching how to use and extend openclaw for real-world projects.', 'price_suggestion': '$19-49', 'platform': 'Gumroad + YouTube', 'effort_estimate': '6-12 hours'}], 'content_idea': [{'type': 'video', 'title': 'This openclaw Project is INSANE (GitHub Trending)', 'description': "Showcasing openclaw - The AI that really does things. Any OS. Any Platform. The lobster way. 🦞 . This project has 389404 stars and is trending on GitHub. Let me show you why it's worth your attention.", 'format': 'showcase/review', 'duration_estimate': '5-8 minutes', 'monetization': ['adsense', 'affiliate']}, {'type': 'video', 'title': 'Build a Business with openclaw (Step by Step)', 'description': 'How to use openclaw to build something profitable. Complete walkthrough from setup to deployment.', 'format': 'tutorial', 'duration_estimate': '10-15 minutes', 'monetization': ['adsense', 'digital_product']}], 'timestamp': '2026-09-11T01:49:50.590260'}: 'AgentSwarm' object has no attribute '_generate_video'
2026-09-11 01:49:51,545 [INFO] Processing idea: superpowers
2026-09-11 01:49:51,545 [ERROR] Content production failed for {'type': 'github_repo', 'category': 'automation_ai', 'name': 'superpowers', 'full_name': 'obra/superpowers', 'url': 'https://github.com/obra/superpowers', 'description': 'An agentic skills framework & software development methodology that works.', 'stars': 284721, 'language': 'Shell', 'created_at': '2025-10-09T19:45:18Z', 'profit_potential': {'score': 4, 'reasons': ['High stars (284721)', 'Actively maintained'], 'verdict': 'MEDIUM'}, 'product_idea': [{'type': 'template', 'title': 'superpowers - Production-Ready Template', 'description': 'A polished, documented, production-ready version of superpowers with best practices, tests, and deployment config included.', 'price_suggestion': '$29-99', 'platform': 'Gumroad', 'effort_estimate': '4-8 hours'}, {'type': 'tutorial', 'title': 'How to Build superpowers: Complete Guide', 'description': 'A step-by-step video course or ebook teaching how to use and extend superpowers for real-world projects.', 'price_suggestion': '$19-49', 'platform': 'Gumroad + YouTube', 'effort_estimate': '6-12 hours'}], 'content_idea': [{'type': 'video', 'title': 'This superpowers Project is INSANE (GitHub Trending)', 'description': "Showcasing superpowers - An agentic skills framework & software development methodology that works.. This project has 284721 stars and is trending on GitHub. Let me show you why it's worth your attention.", 'format': 'showcase/review', 'duration_estimate': '5-8 minutes', 'monetization': ['adsense', 'affiliate']}, {'type': 'video', 'title': 'Build a Business with superpowers (Step by Step)', 'description': 'How to use superpowers to build something profitable. Complete walkthrough from setup to deployment.', 'format': 'tutorial', 'duration_estimate': '10-15 minutes', 'monetization': ['adsense', 'digital_product']}], 'timestamp': '2026-09-11T01:49:50.590286'}: 'AgentSwarm' object has no attribute '_generate_video'
2026-09-11 01:49:51,545 [INFO] Processing idea: hermes-agent
2026-09-11 01:49:51,545 [ERROR] Content production failed for {'type': 'github_repo', 'category': 'automation_ai', 'name': 'hermes-agent', 'full_name': 'NousResearch/hermes-agent', 'url': 'https://github.com/NousResearch/hermes-agent', 'description': 'The agent that grows with you', 'stars': 244226, 'language': 'Python', 'created_at': '2025-07-22T22:22:28Z', 'profit_potential': {'score': 4, 'reasons': ['High stars (244226)', 'Actively maintained'], 'verdict': 'MEDIUM'}, 'product_idea': [{'type': 'template', 'title': 'hermes-agent - Production-Ready Template', 'description': 'A polished, documented, production-ready version of hermes-agent with best practices, tests, and deployment config included.', 'price_suggestion': '$29-99', 'platform': 'Gumroad', 'effort_estimate': '4-8 hours'}, {'type': 'tutorial', 'title': 'How to Build hermes-agent: Complete Guide', 'description': 'A step-by-step video course or ebook teaching how to use and extend hermes-agent for real-world projects.', 'price_suggestion': '$19-49', 'platform': 'Gumroad + YouTube', 'effort_estimate': '6-12 hours'}], 'content_idea': [{'type': 'video', 'title': 'This hermes-agent Project is INSANE (GitHub Trending)', 'description': "Showcasing hermes-agent - The agent that grows with you. This project has 244226 stars and is trending on GitHub. Let me show you why it's worth your attention.", 'format': 'showcase/review', 'duration_estimate': '5-8 minutes', 'monetization': ['adsense', 'affiliate']}, {'type': 'video', 'title': 'Build a Business with hermes-agent (Step by Step)', 'description': 'How to use hermes-agent to build something profitable. Complete walkthrough from setup to deployment.', 'format': 'tutorial', 'duration_estimate': '10-15 minutes', 'monetization': ['adsense', 'digital_product']}], 'timestamp': '2026-09-11T01:49:50.590297'}: 'AgentSwarm' object has no attribute '_generate_video'
2026-09-11 01:49:51,546 [INFO] Total productions: 0
2026-09-11 01:49:51,546 [INFO] ============================================================
2026-09-11 01:49:51,546 [INFO] AGENT 4: PRODUCT CREATION
2026-09-11 01:49:51,546 [INFO] ============================================================
2026-09-11 01:49:51,546 [INFO] Creating product from: openclaw
2026-09-11 01:49:51,546 [INFO]   Product: openclaw - Production-Ready Template
2026-09-11 01:49:51,546 [INFO]   Platform: Gumroad
2026-09-11 01:49:51,546 [INFO] Creating product from: superpowers
2026-09-11 01:49:51,546 [INFO]   Product: superpowers - Production-Ready Template
2026-09-11 01:49:51,546 [INFO]   Platform: Gumroad
2026-09-11 01:49:51,547 [INFO] Created 2 products
2026-09-11 01:49:51,547 [INFO] ============================================================
2026-09-11 01:49:51,547 [INFO] AGENT 3: PUBLISHING
2026-09-11 01:49:51,547 [INFO] ============================================================
2026-09-11 01:49:51,547 [INFO] Published 0 pieces
2026-09-11 01:49:51,547 [INFO] ============================================================
2026-09-11 01:49:51,547 [INFO] AGENT 5: FINANCE TRACKING
2026-09-11 01:49:51,547 [INFO] ============================================================
2026-09-11 01:49:51,547 [INFO] Tracking revenue across platforms...
2026-09-11 01:49:51,547 [INFO]   YouTube AdSense: $0.00 (0 views)
2026-09-11 01:49:51,547 [INFO]   Gumroad Sales: $0.00 (0 sales)
2026-09-11 01:49:51,547 [INFO]   Affiliate: $0.00 (0 conversions)
2026-09-11 01:49:51,547 [INFO] Threshold check: $0.00 / $100.00 (need $100.00 more)
2026-09-11 01:49:51,547 [INFO] Total earnings tracked: $0.00
2026-09-11 01:49:51,547 [INFO] Goal: $10,000
2026-09-11 01:49:51,548 [INFO] Progress: 0.0%
2026-09-11 01:49:51,548 [INFO] ============================================================
2026-09-11 01:49:51,548 [INFO] SWARM RUN COMPLETE
2026-09-11 01:49:51,548 [INFO] ============================================================
2026-09-11 01:49:51,548 [INFO] Finished at: 2026-09-11T01:49:51.548347
2026-09-11 10:07:55,794 [INFO] ============================================================
2026-09-11 10:07:55,794 [INFO] AUTONOMOUS EARNINGS SWARM - STARTING
2026-09-11 10:07:55,794 [INFO] ============================================================
2026-09-11 10:07:55,794 [INFO] Started at: 2026-09-11T10:07:55.794586
2026-09-11 10:07:55,794 [INFO] ============================================================
2026-09-11 10:07:55,794 [INFO] AGENT 1: RESEARCH & IDEATION
2026-09-11 10:07:55,794 [INFO] ============================================================
2026-09-11 10:07:55,794 [INFO] Scanning GitHub trending repos...
2026-09-11 10:07:57,506 [INFO] Found 30 trending GitHub projects
2026-09-11 10:07:57,507 [INFO] Searching for trending topics...
2026-09-11 10:07:57,507 [INFO] Web trends found: 3
2026-09-11 10:07:57,507 [INFO] Found 3 web trends
2026-09-11 10:07:57,508 [INFO] Total ideas generated: 33
2026-09-11 10:07:57,508 [INFO] Backlog saved to data/backlog.json
2026-09-11 10:07:57,508 [INFO] ============================================================
2026-09-11 10:07:57,508 [INFO] AGENT 2: CONTENT PRODUCTION
2026-09-11 10:07:57,508 [INFO] ============================================================
2026-09-11 10:07:57,508 [INFO] Processing idea: openclaw
2026-09-11 10:07:57,508 [ERROR] Content production failed for {'type': 'github_repo', 'category': 'automation_ai', 'name': 'openclaw', 'full_name': 'openclaw/openclaw', 'url': 'https://github.com/openclaw/openclaw', 'description': 'The AI that really does things. Any OS. Any Platform. The lobster way. 🦞 ', 'stars': 389421, 'language': 'TypeScript', 'created_at': '2025-11-24T10:16:47Z', 'profit_potential': {'score': 6, 'reasons': ['High stars (389421)', 'Solves concrete problem', 'Actively maintained'], 'verdict': 'HIGH'}, 'product_idea': [{'type': 'template', 'title': 'openclaw - Production-Ready Template', 'description': 'A polished, documented, production-ready version of openclaw with best practices, tests, and deployment config included.', 'price_suggestion': '$29-99', 'platform': 'Gumroad', 'effort_estimate': '4-8 hours'}, {'type': 'tutorial', 'title': 'How to Build openclaw: Complete Guide', 'description': 'A step-by-step video course or ebook teaching how to use and extend openclaw for real-world projects.', 'price_suggestion': '$19-49', 'platform': 'Gumroad + YouTube', 'effort_estimate': '6-12 hours'}], 'content_idea': [{'type': 'video', 'title': 'This openclaw Project is INSANE (GitHub Trending)', 'description': "Showcasing openclaw - The AI that really does things. Any OS. Any Platform. The lobster way. 🦞 . This project has 389421 stars and is trending on GitHub. Let me show you why it's worth your attention.", 'format': 'showcase/review', 'duration_estimate': '5-8 minutes', 'monetization': ['adsense', 'affiliate']}, {'type': 'video', 'title': 'Build a Business with openclaw (Step by Step)', 'description': 'How to use openclaw to build something profitable. Complete walkthrough from setup to deployment.', 'format': 'tutorial', 'duration_estimate': '10-15 minutes', 'monetization': ['adsense', 'digital_product']}], 'timestamp': '2026-09-11T10:07:56.447543'}: 'AgentSwarm' object has no attribute '_generate_video'
2026-09-11 10:07:57,508 [INFO] Processing idea: superpowers
2026-09-11 10:07:57,508 [ERROR] Content production failed for {'type': 'github_repo', 'category': 'automation_ai', 'name': 'superpowers', 'full_name': 'obra/superpowers', 'url': 'https://github.com/obra/superpowers', 'description': 'An agentic skills framework & software development methodology that works.', 'stars': 285018, 'language': 'Shell', 'created_at': '2025-10-09T19:45:18Z', 'profit_potential': {'score': 4, 'reasons': ['High stars (285018)', 'Actively maintained'], 'verdict': 'MEDIUM'}, 'product_idea': [{'type': 'template', 'title': 'superpowers - Production-Ready Template', 'description': 'A polished, documented, production-ready version of superpowers with best practices, tests, and deployment config included.', 'price_suggestion': '$29-99', 'platform': 'Gumroad', 'effort_estimate': '4-8 hours'}, {'type': 'tutorial', 'title': 'How to Build superpowers: Complete Guide', 'description': 'A step-by-step video course or ebook teaching how to use and extend superpowers for real-world projects.', 'price_suggestion': '$19-49', 'platform': 'Gumroad + YouTube', 'effort_estimate': '6-12 hours'}], 'content_idea': [{'type': 'video', 'title': 'This superpowers Project is INSANE (GitHub Trending)', 'description': "Showcasing superpowers - An agentic skills framework & software development methodology that works.. This project has 285018 stars and is trending on GitHub. Let me show you why it's worth your attention.", 'format': 'showcase/review', 'duration_estimate': '5-8 minutes', 'monetization': ['adsense', 'affiliate']}, {'type': 'video', 'title': 'Build a Business with superpowers (Step by Step)', 'description': 'How to use superpowers to build something profitable. Complete walkthrough from setup to deployment.', 'format': 'tutorial', 'duration_estimate': '10-15 minutes', 'monetization': ['adsense', 'digital_product']}], 'timestamp': '2026-09-11T10:07:56.447562'}: 'AgentSwarm' object has no attribute '_generate_video'
2026-09-11 10:07:57,508 [INFO] Processing idea: hermes-agent
2026-09-11 10:07:57,509 [ERROR] Content production failed for {'type': 'github_repo', 'category': 'automation_ai', 'name': 'hermes-agent', 'full_name': 'NousResearch/hermes-agent', 'url': 'https://github.com/NousResearch/hermes-agent', 'description': 'The agent that grows with you', 'stars': 244388, 'language': 'Python', 'created_at': '2025-07-22T22:22:28Z', 'profit_potential': {'score': 4, 'reasons': ['High stars (244388)', 'Actively maintained'], 'verdict': 'MEDIUM'}, 'product_idea': [{'type': 'template', 'title': 'hermes-agent - Production-Ready Template', 'description': 'A polished, documented, production-ready version of hermes-agent with best practices, tests, and deployment config included.', 'price_suggestion': '$29-99', 'platform': 'Gumroad', 'effort_estimate': '4-8 hours'}, {'type': 'tutorial', 'title': 'How to Build hermes-agent: Complete Guide', 'description': 'A step-by-step video course or ebook teaching how to use and extend hermes-agent for real-world projects.', 'price_suggestion': '$19-49', 'platform': 'Gumroad + YouTube', 'effort_estimate': '6-12 hours'}], 'content_idea': [{'type': 'video', 'title': 'This hermes-agent Project is INSANE (GitHub Trending)', 'description': "Showcasing hermes-agent - The agent that grows with you. This project has 244388 stars and is trending on GitHub. Let me show you why it's worth your attention.", 'format': 'showcase/review', 'duration_estimate': '5-8 minutes', 'monetization': ['adsense', 'affiliate']}, {'type': 'video', 'title': 'Build a Business with hermes-agent (Step by Step)', 'description': 'How to use hermes-agent to build something profitable. Complete walkthrough from setup to deployment.', 'format': 'tutorial', 'duration_estimate': '10-15 minutes', 'monetization': ['adsense', 'digital_product']}], 'timestamp': '2026-09-11T10:07:56.447571'}: 'AgentSwarm' object has no attribute '_generate_video'
2026-09-11 10:07:57,509 [INFO] Total productions: 0
2026-09-11 10:07:57,509 [INFO] ============================================================
2026-09-11 10:07:57,509 [INFO] AGENT 4: PRODUCT CREATION
2026-09-11 10:07:57,509 [INFO] ============================================================
2026-09-11 10:07:57,509 [INFO] Creating product from: openclaw
2026-09-11 10:07:57,509 [INFO]   Product: openclaw - Production-Ready Template
2026-09-11 10:07:57,509 [INFO]   Platform: Gumroad
2026-09-11 10:07:57,509 [INFO] Creating product from: superpowers
2026-09-11 10:07:57,509 [INFO]   Product: superpowers - Production-Ready Template
2026-09-11 10:07:57,509 [INFO]   Platform: Gumroad
2026-09-11 10:07:57,509 [INFO] Created 2 products
2026-09-11 10:07:57,509 [INFO] ============================================================
2026-09-11 10:07:57,509 [INFO] AGENT 3: PUBLISHING
2026-09-11 10:07:57,509 [INFO] ============================================================
2026-09-11 10:07:57,510 [INFO] Published 0 pieces
2026-09-11 10:07:57,510 [INFO] ============================================================
2026-09-11 10:07:57,510 [INFO] AGENT 5: FINANCE TRACKING
2026-09-11 10:07:57,510 [INFO] ============================================================
2026-09-11 10:07:57,510 [INFO] Tracking revenue across platforms...
2026-09-11 10:07:57,510 [INFO]   YouTube AdSense: $0.00 (0 views)
2026-09-11 10:07:57,510 [INFO]   Gumroad Sales: $0.00 (0 sales)
2026-09-11 10:07:57,510 [INFO]   Affiliate: $0.00 (0 conversions)
2026-09-11 10:07:57,510 [INFO] Threshold check: $0.00 / $100.00 (need $100.00 more)
2026-09-11 10:07:57,510 [INFO] Total earnings tracked: $0.00
2026-09-11 10:07:57,510 [INFO] Goal: $10,000
2026-09-11 10:07:57,510 [INFO] Progress: 0.0%
2026-09-11 10:07:57,510 [INFO] ============================================================
2026-09-11 10:07:57,510 [INFO] SWARM RUN COMPLETE
2026-09-11 10:07:57,510 [INFO] ============================================================
2026-09-11 10:07:57,510 [INFO] Finished at: 2026-09-11T10:07:57.510631
2026-09-11 15:25:24,501 [INFO] ============================================================
2026-09-11 15:25:24,501 [INFO] AUTONOMOUS EARNINGS SWARM - STARTING
2026-09-11 15:25:24,501 [INFO] ============================================================
2026-09-11 15:25:24,501 [INFO] Started at: 2026-09-11T15:25:24.501226
2026-09-11 15:25:24,501 [INFO] ============================================================
2026-09-11 15:25:24,501 [INFO] AGENT 1: RESEARCH & IDEATION
2026-09-11 15:25:24,501 [INFO] ============================================================
2026-09-11 15:25:24,501 [INFO] Scanning GitHub trending repos...
2026-09-11 15:25:26,076 [INFO] Found 30 trending GitHub projects
2026-09-11 15:25:26,076 [INFO] Searching for trending topics...
2026-09-11 15:25:26,076 [INFO] Web trends found: 3
2026-09-11 15:25:26,076 [INFO] Found 3 web trends
2026-09-11 15:25:26,078 [INFO] Total ideas generated: 33
2026-09-11 15:25:26,078 [INFO] Backlog saved to data/backlog.json
2026-09-11 15:25:26,078 [INFO] ============================================================
2026-09-11 15:25:26,078 [INFO] AGENT 2: CONTENT PRODUCTION
2026-09-11 15:25:26,078 [INFO] ============================================================
2026-09-11 15:25:26,078 [INFO] Processing idea: openclaw
2026-09-11 15:25:26,078 [ERROR] Content production failed for {'type': 'github_repo', 'category': 'automation_ai', 'name': 'openclaw', 'full_name': 'openclaw/openclaw', 'url': 'https://github.com/openclaw/openclaw', 'description': 'The AI that really does things. Any OS. Any Platform. The lobster way. 🦞 ', 'stars': 389438, 'language': 'TypeScript', 'created_at': '2025-11-24T10:16:47Z', 'profit_potential': {'score': 6, 'reasons': ['High stars (389438)', 'Solves concrete problem', 'Actively maintained'], 'verdict': 'HIGH'}, 'product_idea': [{'type': 'template', 'title': 'openclaw - Production-Ready Template', 'description': 'A polished, documented, production-ready version of openclaw with best practices, tests, and deployment config included.', 'price_suggestion': '$29-99', 'platform': 'Gumroad', 'effort_estimate': '4-8 hours'}, {'type': 'tutorial', 'title': 'How to Build openclaw: Complete Guide', 'description': 'A step-by-step video course or ebook teaching how to use and extend openclaw for real-world projects.', 'price_suggestion': '$19-49', 'platform': 'Gumroad + YouTube', 'effort_estimate': '6-12 hours'}], 'content_idea': [{'type': 'video', 'title': 'This openclaw Project is INSANE (GitHub Trending)', 'description': "Showcasing openclaw - The AI that really does things. Any OS. Any Platform. The lobster way. 🦞 . This project has 389438 stars and is trending on GitHub. Let me show you why it's worth your attention.", 'format': 'showcase/review', 'duration_estimate': '5-8 minutes', 'monetization': ['adsense', 'affiliate']}, {'type': 'video', 'title': 'Build a Business with openclaw (Step by Step)', 'description': 'How to use openclaw to build something profitable. Complete walkthrough from setup to deployment.', 'format': 'tutorial', 'duration_estimate': '10-15 minutes', 'monetization': ['adsense', 'digital_product']}], 'timestamp': '2026-09-11T15:25:25.222520'}: 'AgentSwarm' object has no attribute '_generate_video'
2026-09-11 15:25:26,078 [INFO] Processing idea: superpowers
2026-09-11 15:25:26,078 [ERROR] Content production failed for {'type': 'github_repo', 'category': 'automation_ai', 'name': 'superpowers', 'full_name': 'obra/superpowers', 'url': 'https://github.com/obra/superpowers', 'description': 'An agentic skills framework & software development methodology that works.', 'stars': 285168, 'language': 'Shell', 'created_at': '2025-10-09T19:45:18Z', 'profit_potential': {'score': 4, 'reasons': ['High stars (285168)', 'Actively maintained'], 'verdict': 'MEDIUM'}, 'product_idea': [{'type': 'template', 'title': 'superpowers - Production-Ready Template', 'description': 'A polished, documented, production-ready version of superpowers with best practices, tests, and deployment config included.', 'price_suggestion': '$29-99', 'platform': 'Gumroad', 'effort_estimate': '4-8 hours'}, {'type': 'tutorial', 'title': 'How to Build superpowers: Complete Guide', 'description': 'A step-by-step video course or ebook teaching how to use and extend superpowers for real-world projects.', 'price_suggestion': '$19-49', 'platform': 'Gumroad + YouTube', 'effort_estimate': '6-12 hours'}], 'content_idea': [{'type': 'video', 'title': 'This superpowers Project is INSANE (GitHub Trending)', 'description': "Showcasing superpowers - An agentic skills framework & software development methodology that works.. This project has 285168 stars and is trending on GitHub. Let me show you why it's worth your attention.", 'format': 'showcase/review', 'duration_estimate': '5-8 minutes', 'monetization': ['adsense', 'affiliate']}, {'type': 'video', 'title': 'Build a Business with superpowers (Step by Step)', 'description': 'How to use superpowers to build something profitable. Complete walkthrough from setup to deployment.', 'format': 'tutorial', 'duration_estimate': '10-15 minutes', 'monetization': ['adsense', 'digital_product']}], 'timestamp': '2026-09-11T15:25:25.222540'}: 'AgentSwarm' object has no attribute '_generate_video'
2026-09-11 15:25:26,078 [INFO] Processing idea: hermes-agent
2026-09-11 15:25:26,078 [ERROR] Content production failed for {'type': 'github_repo', 'category': 'automation_ai', 'name': 'hermes-agent', 'full_name': 'NousResearch/hermes-agent', 'url': 'https://github.com/NousResearch/hermes-agent', 'description': 'The agent that grows with you', 'stars': 244492, 'language': 'Python', 'created_at': '2025-07-22T22:22:28Z', 'profit_potential': {'score': 4, 'reasons': ['High stars (244492)', 'Actively maintained'], 'verdict': 'MEDIUM'}, 'product_idea': [{'type': 'template', 'title': 'hermes-agent - Production-Ready Template', 'description': 'A polished, documented, production-ready version of hermes-agent with best practices, tests, and deployment config included.', 'price_suggestion': '$29-99', 'platform': 'Gumroad', 'effort_estimate': '4-8 hours'}, {'type': 'tutorial', 'title': 'How to Build hermes-agent: Complete Guide', 'description': 'A step-by-step video course or ebook teaching how to use and extend hermes-agent for real-world projects.', 'price_suggestion': '$19-49', 'platform': 'Gumroad + YouTube', 'effort_estimate': '6-12 hours'}], 'content_idea': [{'type': 'video', 'title': 'This hermes-agent Project is INSANE (GitHub Trending)', 'description': "Showcasing hermes-agent - The agent that grows with you. This project has 244492 stars and is trending on GitHub. Let me show you why it's worth your attention.", 'format': 'showcase/review', 'duration_estimate': '5-8 minutes', 'monetization': ['adsense', 'affiliate']}, {'type': 'video', 'title': 'Build a Business with hermes-agent (Step by Step)', 'description': 'How to use hermes-agent to build something profitable. Complete walkthrough from setup to deployment.', 'format': 'tutorial', 'duration_estimate': '10-15 minutes', 'monetization': ['adsense', 'digital_product']}], 'timestamp': '2026-09-11T15:25:25.222547'}: 'AgentSwarm' object has no attribute '_generate_video'
2026-09-11 15:25:26,078 [INFO] Total productions: 0
2026-09-11 15:25:26,078 [INFO] ============================================================
2026-09-11 15:25:26,079 [INFO] AGENT 4: PRODUCT CREATION
2026-09-11 15:25:26,079 [INFO] ============================================================
2026-09-11 15:25:26,079 [INFO] Creating product from: openclaw
2026-09-11 15:25:26,079 [INFO]   Product: openclaw - Production-Ready Template
2026-09-11 15:25:26,079 [INFO]   Platform: Gumroad
2026-09-11 15:25:26,079 [INFO] Creating product from: superpowers
2026-09-11 15:25:26,079 [INFO]   Product: superpowers - Production-Ready Template
2026-09-11 15:25:26,079 [INFO]   Platform: Gumroad
2026-09-11 15:25:26,079 [INFO] Created 2 products
2026-09-11 15:25:26,079 [INFO] ============================================================
2026-09-11 15:25:26,079 [INFO] AGENT 3: PUBLISHING
2026-09-11 15:25:26,079 [INFO] ============================================================
2026-09-11 15:25:26,080 [INFO] Published 0 pieces
2026-09-11 15:25:26,080 [INFO] ============================================================
2026-09-11 15:25:26,080 [INFO] AGENT 5: FINANCE TRACKING
2026-09-11 15:25:26,080 [INFO] ============================================================
2026-09-11 15:25:26,080 [INFO] Tracking revenue across platforms...
2026-09-11 15:25:26,080 [INFO]   YouTube AdSense: $0.00 (0 views)
2026-09-11 15:25:26,080 [INFO]   Gumroad Sales: $0.00 (0 sales)
2026-09-11 15:25:26,080 [INFO]   Affiliate: $0.00 (0 conversions)
2026-09-11 15:25:26,080 [INFO] Threshold check: $0.00 / $100.00 (need $100.00 more)
2026-09-11 15:25:26,080 [INFO] Total earnings tracked: $0.00
2026-09-11 15:25:26,080 [INFO] Goal: $10,000
2026-09-11 15:25:26,080 [INFO] Progress: 0.0%
2026-09-11 15:25:26,080 [INFO] ============================================================
2026-09-11 15:25:26,080 [INFO] SWARM RUN COMPLETE
2026-09-11 15:25:26,080 [INFO] ============================================================
2026-09-11 15:25:26,080 [INFO] Finished at: 2026-09-11T15:25:26.080945
2026-09-11 20:10:20,115 [INFO] ============================================================
2026-09-11 20:10:20,115 [INFO] AUTONOMOUS EARNINGS SWARM - STARTING
2026-09-11 20:10:20,116 [INFO] ============================================================
2026-09-11 20:10:20,116 [INFO] Started at: 2026-09-11T20:10:20.116061
2026-09-11 20:10:20,116 [INFO] ============================================================
2026-09-11 20:10:20,116 [INFO] AGENT 1: RESEARCH & IDEATION
2026-09-11 20:10:20,116 [INFO] ============================================================
2026-09-11 20:10:20,116 [INFO] Scanning GitHub trending repos...
2026-09-11 20:10:21,906 [INFO] Found 30 trending GitHub projects
2026-09-11 20:10:21,907 [INFO] Searching for trending topics...
2026-09-11 20:10:21,907 [INFO] Web trends found: 3
2026-09-11 20:10:21,907 [INFO] Found 3 web trends
2026-09-11 20:10:21,909 [INFO] Total ideas generated: 33
2026-09-11 20:10:21,909 [INFO] Backlog saved to data/backlog.json
2026-09-11 20:10:21,909 [INFO] ============================================================
2026-09-11 20:10:21,909 [INFO] AGENT 2: CONTENT PRODUCTION
2026-09-11 20:10:21,909 [INFO] ============================================================
2026-09-11 20:10:21,909 [INFO] Processing idea: openclaw
2026-09-11 20:10:21,909 [ERROR] Content production failed for {'type': 'github_repo', 'category': 'automation_ai', 'name': 'openclaw', 'full_name': 'openclaw/openclaw', 'url': 'https://github.com/openclaw/openclaw', 'description': 'The AI that really does things. Any OS. Any Platform. The lobster way. 🦞 ', 'stars': 389459, 'language': 'TypeScript', 'created_at': '2025-11-24T10:16:47Z', 'profit_potential': {'score': 6, 'reasons': ['High stars (389459)', 'Solves concrete problem', 'Actively maintained'], 'verdict': 'HIGH'}, 'product_idea': [{'type': 'template', 'title': 'openclaw - Production-Ready Template', 'description': 'A polished, documented, production-ready version of openclaw with best practices, tests, and deployment config included.', 'price_suggestion': '$29-99', 'platform': 'Gumroad', 'effort_estimate': '4-8 hours'}, {'type': 'tutorial', 'title': 'How to Build openclaw: Complete Guide', 'description': 'A step-by-step video course or ebook teaching how to use and extend openclaw for real-world projects.', 'price_suggestion': '$19-49', 'platform': 'Gumroad + YouTube', 'effort_estimate': '6-12 hours'}], 'content_idea': [{'type': 'video', 'title': 'This openclaw Project is INSANE (GitHub Trending)', 'description': "Showcasing openclaw - The AI that really does things. Any OS. Any Platform. The lobster way. 🦞 . This project has 389459 stars and is trending on GitHub. Let me show you why it's worth your attention.", 'format': 'showcase/review', 'duration_estimate': '5-8 minutes', 'monetization': ['adsense', 'affiliate']}, {'type': 'video', 'title': 'Build a Business with openclaw (Step by Step)', 'description': 'How to use openclaw to build something profitable. Complete walkthrough from setup to deployment.', 'format': 'tutorial', 'duration_estimate': '10-15 minutes', 'monetization': ['adsense', 'digital_product']}], 'timestamp': '2026-09-11T20:10:20.783435'}: 'AgentSwarm' object has no attribute '_generate_video'
2026-09-11 20:10:21,909 [INFO] Processing idea: superpowers
2026-09-11 20:10:21,909 [ERROR] Content production failed for {'type': 'github_repo', 'category': 'automation_ai', 'name': 'superpowers', 'full_name': 'obra/superpowers', 'url': 'https://github.com/obra/superpowers', 'description': 'An agentic skills framework & software development methodology that works.', 'stars': 285294, 'language': 'Shell', 'created_at': '2025-10-09T19:45:18Z', 'profit_potential': {'score': 4, 'reasons': ['High stars (285294)', 'Actively maintained'], 'verdict': 'MEDIUM'}, 'product_idea': [{'type': 'template', 'title': 'superpowers - Production-Ready Template', 'description': 'A polished, documented, production-ready version of superpowers with best practices, tests, and deployment config included.', 'price_suggestion': '$29-99', 'platform': 'Gumroad', 'effort_estimate': '4-8 hours'}, {'type': 'tutorial', 'title': 'How to Build superpowers: Complete Guide', 'description': 'A step-by-step video course or ebook teaching how to use and extend superpowers for real-world projects.', 'price_suggestion': '$19-49', 'platform': 'Gumroad + YouTube', 'effort_estimate': '6-12 hours'}], 'content_idea': [{'type': 'video', 'title': 'This superpowers Project is INSANE (GitHub Trending)', 'description': "Showcasing superpowers - An agentic skills framework & software development methodology that works.. This project has 285294 stars and is trending on GitHub. Let me show you why it's worth your attention.", 'format': 'showcase/review', 'duration_estimate': '5-8 minutes', 'monetization': ['adsense', 'affiliate']}, {'type': 'video', 'title': 'Build a Business with superpowers (Step by Step)', 'description': 'How to use superpowers to build something profitable. Complete walkthrough from setup to deployment.', 'format': 'tutorial', 'duration_estimate': '10-15 minutes', 'monetization': ['adsense', 'digital_product']}], 'timestamp': '2026-09-11T20:10:20.783455'}: 'AgentSwarm' object has no attribute '_generate_video'
2026-09-11 20:10:21,909 [INFO] Processing idea: hermes-agent
2026-09-11 20:10:21,910 [ERROR] Content production failed for {'type': 'github_repo', 'category': 'automation_ai', 'name': 'hermes-agent', 'full_name': 'NousResearch/hermes-agent', 'url': 'https://github.com/NousResearch/hermes-agent', 'description': 'The agent that grows with you', 'stars': 244556, 'language': 'Python', 'created_at': '2025-07-22T22:22:28Z', 'profit_potential': {'score': 4, 'reasons': ['High stars (244556)', 'Actively maintained'], 'verdict': 'MEDIUM'}, 'product_idea': [{'type': 'template', 'title': 'hermes-agent - Production-Ready Template', 'description': 'A polished, documented, production-ready version of hermes-agent with best practices, tests, and deployment config included.', 'price_suggestion': '$29-99', 'platform': 'Gumroad', 'effort_estimate': '4-8 hours'}, {'type': 'tutorial', 'title': 'How to Build hermes-agent: Complete Guide', 'description': 'A step-by-step video course or ebook teaching how to use and extend hermes-agent for real-world projects.', 'price_suggestion': '$19-49', 'platform': 'Gumroad + YouTube', 'effort_estimate': '6-12 hours'}], 'content_idea': [{'type': 'video', 'title': 'This hermes-agent Project is INSANE (GitHub Trending)', 'description': "Showcasing hermes-agent - The agent that grows with you. This project has 244556 stars and is trending on GitHub. Let me show you why it's worth your attention.", 'format': 'showcase/review', 'duration_estimate': '5-8 minutes', 'monetization': ['adsense', 'affiliate']}, {'type': 'video', 'title': 'Build a Business with hermes-agent (Step by Step)', 'description': 'How to use hermes-agent to build something profitable. Complete walkthrough from setup to deployment.', 'format': 'tutorial', 'duration_estimate': '10-15 minutes', 'monetization': ['adsense', 'digital_product']}], 'timestamp': '2026-09-11T20:10:20.783467'}: 'AgentSwarm' object has no attribute '_generate_video'
2026-09-11 20:10:21,910 [INFO] Total productions: 0
2026-09-11 20:10:21,910 [INFO] ============================================================
2026-09-11 20:10:21,910 [INFO] AGENT 4: PRODUCT CREATION
2026-09-11 20:10:21,910 [INFO] ============================================================
2026-09-11 20:10:21,910 [INFO] Creating product from: openclaw
2026-09-11 20:10:21,910 [INFO]   Product: openclaw - Production-Ready Template
2026-09-11 20:10:21,910 [INFO]   Platform: Gumroad
2026-09-11 20:10:21,910 [INFO] Creating product from: superpowers
2026-09-11 20:10:21,911 [INFO]   Product: superpowers - Production-Ready Template
2026-09-11 20:10:21,911 [INFO]   Platform: Gumroad
2026-09-11 20:10:21,911 [INFO] Created 2 products
2026-09-11 20:10:21,911 [INFO] ============================================================
2026-09-11 20:10:21,911 [INFO] AGENT 3: PUBLISHING
2026-09-11 20:10:21,911 [INFO] ============================================================
2026-09-11 20:10:21,912 [INFO] Published 0 pieces
2026-09-11 20:10:21,912 [INFO] ============================================================
2026-09-11 20:10:21,912 [INFO] AGENT 5: FINANCE TRACKING
2026-09-11 20:10:21,912 [INFO] ============================================================
2026-09-11 20:10:21,912 [INFO] Tracking revenue across platforms...
2026-09-11 20:10:21,912 [INFO]   YouTube AdSense: $0.00 (0 views)
2026-09-11 20:10:21,912 [INFO]   Gumroad Sales: $0.00 (0 sales)
2026-09-11 20:10:21,912 [INFO]   Affiliate: $0.00 (0 conversions)
2026-09-11 20:10:21,912 [INFO] Threshold check: $0.00 / $100.00 (need $100.00 more)
2026-09-11 20:10:21,912 [INFO] Total earnings tracked: $0.00
2026-09-11 20:10:21,912 [INFO] Goal: $10,000
2026-09-11 20:10:21,912 [INFO] Progress: 0.0%
2026-09-11 20:10:21,913 [INFO] ============================================================
2026-09-11 20:10:21,913 [INFO] SWARM RUN COMPLETE
2026-09-11 20:10:21,913 [INFO] ============================================================
2026-09-11 20:10:21,913 [INFO] Finished at: 2026-09-11T20:10:21.913174
2026-09-12 01:55:19,619 [INFO] ============================================================
2026-09-12 01:55:19,619 [INFO] AUTONOMOUS EARNINGS SWARM - STARTING
2026-09-12 01:55:19,619 [INFO] ============================================================
2026-09-12 01:55:19,620 [INFO] Started at: 2026-09-12T01:55:19.620017
2026-09-12 01:55:19,620 [INFO] ============================================================
2026-09-12 01:55:19,620 [INFO] AGENT 1: RESEARCH & IDEATION
2026-09-12 01:55:19,620 [INFO] ============================================================
2026-09-12 01:55:19,620 [INFO] Scanning GitHub trending repos...
2026-09-12 01:55:21,182 [INFO] Found 30 trending GitHub projects
2026-09-12 01:55:21,182 [INFO] Searching for trending topics...
2026-09-12 01:55:21,182 [INFO] Web trends found: 3
2026-09-12 01:55:21,182 [INFO] Found 3 web trends
2026-09-12 01:55:21,184 [INFO] Total ideas generated: 33
2026-09-12 01:55:21,184 [INFO] Backlog saved to data/backlog.json
2026-09-12 01:55:21,184 [INFO] ============================================================
2026-09-12 01:55:21,184 [INFO] AGENT 2: CONTENT PRODUCTION
2026-09-12 01:55:21,184 [INFO] ============================================================
2026-09-12 01:55:21,184 [INFO] Processing idea: openclaw
2026-09-12 01:55:21,184 [ERROR] Content production failed for {'type': 'github_repo', 'category': 'automation_ai', 'name': 'openclaw', 'full_name': 'openclaw/openclaw', 'url': 'https://github.com/openclaw/openclaw', 'description': 'The AI that really does things. Any OS. Any Platform. The lobster way. 🦞 ', 'stars': 389459, 'language': 'TypeScript', 'created_at': '2025-11-24T10:16:47Z', 'profit_potential': {'score': 6, 'reasons': ['High stars (389459)', 'Solves concrete problem', 'Actively maintained'], 'verdict': 'HIGH'}, 'product_idea': [{'type': 'template', 'title': 'openclaw - Production-Ready Template', 'description': 'A polished, documented, production-ready version of openclaw with best practices, tests, and deployment config included.', 'price_suggestion': '$29-99', 'platform': 'Gumroad', 'effort_estimate': '4-8 hours'}, {'type': 'tutorial', 'title': 'How to Build openclaw: Complete Guide', 'description': 'A step-by-step video course or ebook teaching how to use and extend openclaw for real-world projects.', 'price_suggestion': '$19-49', 'platform': 'Gumroad + YouTube', 'effort_estimate': '6-12 hours'}], 'content_idea': [{'type': 'video', 'title': 'This openclaw Project is INSANE (GitHub Trending)', 'description': "Showcasing openclaw - The AI that really does things. Any OS. Any Platform. The lobster way. 🦞 . This project has 389459 stars and is trending on GitHub. Let me show you why it's worth your attention.", 'format': 'showcase/review', 'duration_estimate': '5-8 minutes', 'monetization': ['adsense', 'affiliate']}, {'type': 'video', 'title': 'Build a Business with openclaw (Step by Step)', 'description': 'How to use openclaw to build something profitable. Complete walkthrough from setup to deployment.', 'format': 'tutorial', 'duration_estimate': '10-15 minutes', 'monetization': ['adsense', 'digital_product']}], 'timestamp': '2026-09-12T01:55:20.193662'}: 'AgentSwarm' object has no attribute '_generate_video'
2026-09-12 01:55:21,184 [INFO] Processing idea: superpowers
2026-09-12 01:55:21,184 [ERROR] Content production failed for {'type': 'github_repo', 'category': 'automation_ai', 'name': 'superpowers', 'full_name': 'obra/superpowers', 'url': 'https://github.com/obra/superpowers', 'description': 'An agentic skills framework & software development methodology that works.', 'stars': 285388, 'language': 'Shell', 'created_at': '2025-10-09T19:45:18Z', 'profit_potential': {'score': 4, 'reasons': ['High stars (285388)', 'Actively maintained'], 'verdict': 'MEDIUM'}, 'product_idea': [{'type': 'template', 'title': 'superpowers - Production-Ready Template', 'description': 'A polished, documented, production-ready version of superpowers with best practices, tests, and deployment config included.', 'price_suggestion': '$29-99', 'platform': 'Gumroad', 'effort_estimate': '4-8 hours'}, {'type': 'tutorial', 'title': 'How to Build superpowers: Complete Guide', 'description': 'A step-by-step video course or ebook teaching how to use and extend superpowers for real-world projects.', 'price_suggestion': '$19-49', 'platform': 'Gumroad + YouTube', 'effort_estimate': '6-12 hours'}], 'content_idea': [{'type': 'video', 'title': 'This superpowers Project is INSANE (GitHub Trending)', 'description': "Showcasing superpowers - An agentic skills framework & software development methodology that works.. This project has 285388 stars and is trending on GitHub. Let me show you why it's worth your attention.", 'format': 'showcase/review', 'duration_estimate': '5-8 minutes', 'monetization': ['adsense', 'affiliate']}, {'type': 'video', 'title': 'Build a Business with superpowers (Step by Step)', 'description': 'How to use superpowers to build something profitable. Complete walkthrough from setup to deployment.', 'format': 'tutorial', 'duration_estimate': '10-15 minutes', 'monetization': ['adsense', 'digital_product']}], 'timestamp': '2026-09-12T01:55:20.193682'}: 'AgentSwarm' object has no attribute '_generate_video'
2026-09-12 01:55:21,184 [INFO] Processing idea: hermes-agent
2026-09-12 01:55:21,184 [ERROR] Content production failed for {'type': 'github_repo', 'category': 'automation_ai', 'name': 'hermes-agent', 'full_name': 'NousResearch/hermes-agent', 'url': 'https://github.com/NousResearch/hermes-agent', 'description': 'The agent that grows with you', 'stars': 244618, 'language': 'Python', 'created_at': '2025-07-22T22:22:28Z', 'profit_potential': {'score': 4, 'reasons': ['High stars (244618)', 'Actively maintained'], 'verdict': 'MEDIUM'}, 'product_idea': [{'type': 'template', 'title': 'hermes-agent - Production-Ready Template', 'description': 'A polished, documented, production-ready version of hermes-agent with best practices, tests, and deployment config included.', 'price_suggestion': '$29-99', 'platform': 'Gumroad', 'effort_estimate': '4-8 hours'}, {'type': 'tutorial', 'title': 'How to Build hermes-agent: Complete Guide', 'description': 'A step-by-step video course or ebook teaching how to use and extend hermes-agent for real-world projects.', 'price_suggestion': '$19-49', 'platform': 'Gumroad + YouTube', 'effort_estimate': '6-12 hours'}], 'content_idea': [{'type': 'video', 'title': 'This hermes-agent Project is INSANE (GitHub Trending)', 'description': "Showcasing hermes-agent - The agent that grows with you. This project has 244618 stars and is trending on GitHub. Let me show you why it's worth your attention.", 'format': 'showcase/review', 'duration_estimate': '5-8 minutes', 'monetization': ['adsense', 'affiliate']}, {'type': 'video', 'title': 'Build a Business with hermes-agent (Step by Step)', 'description': 'How to use hermes-agent to build something profitable. Complete walkthrough from setup to deployment.', 'format': 'tutorial', 'duration_estimate': '10-15 minutes', 'monetization': ['adsense', 'digital_product']}], 'timestamp': '2026-09-12T01:55:20.193689'}: 'AgentSwarm' object has no attribute '_generate_video'
2026-09-12 01:55:21,184 [INFO] Total productions: 0
2026-09-12 01:55:21,185 [INFO] ============================================================
2026-09-12 01:55:21,185 [INFO] AGENT 4: PRODUCT CREATION
2026-09-12 01:55:21,185 [INFO] ============================================================
2026-09-12 01:55:21,185 [INFO] Creating product from: openclaw
2026-09-12 01:55:21,185 [INFO]   Product: openclaw - Production-Ready Template
2026-09-12 01:55:21,185 [INFO]   Platform: Gumroad
2026-09-12 01:55:21,185 [INFO] Creating product from: superpowers
2026-09-12 01:55:21,185 [INFO]   Product: superpowers - Production-Ready Template
2026-09-12 01:55:21,185 [INFO]   Platform: Gumroad
2026-09-12 01:55:21,186 [INFO] Created 2 products
2026-09-12 01:55:21,186 [INFO] ============================================================
2026-09-12 01:55:21,186 [INFO] AGENT 3: PUBLISHING
2026-09-12 01:55:21,186 [INFO] ============================================================
2026-09-12 01:55:21,186 [INFO] Published 0 pieces
2026-09-12 01:55:21,186 [INFO] ============================================================
2026-09-12 01:55:21,186 [INFO] AGENT 5: FINANCE TRACKING
2026-09-12 01:55:21,186 [INFO] ============================================================
2026-09-12 01:55:21,186 [INFO] Tracking revenue across platforms...
2026-09-12 01:55:21,186 [INFO]   YouTube AdSense: $0.00 (0 views)
2026-09-12 01:55:21,186 [INFO]   Gumroad Sales: $0.00 (0 sales)
2026-09-12 01:55:21,186 [INFO]   Affiliate: $0.00 (0 conversions)
2026-09-12 01:55:21,186 [INFO] Threshold check: $0.00 / $100.00 (need $100.00 more)
2026-09-12 01:55:21,187 [INFO] Total earnings tracked: $0.00
2026-09-12 01:55:21,187 [INFO] Goal: $10,000
2026-09-12 01:55:21,187 [INFO] Progress: 0.0%
2026-09-12 01:55:21,187 [INFO] ============================================================
2026-09-12 01:55:21,187 [INFO] SWARM RUN COMPLETE
2026-09-12 01:55:21,187 [INFO] ============================================================
2026-09-12 01:55:21,187 [INFO] Finished at: 2026-09-12T01:55:21.187529
2026-09-12 09:43:27,327 [INFO] ============================================================
2026-09-12 09:43:27,327 [INFO] AUTONOMOUS EARNINGS SWARM - STARTING
2026-09-12 09:43:27,327 [INFO] ============================================================
2026-09-12 09:43:27,327 [INFO] Started at: 2026-09-12T09:43:27.327479
2026-09-12 09:43:27,327 [INFO] ============================================================
2026-09-12 09:43:27,327 [INFO] AGENT 1: RESEARCH & IDEATION
2026-09-12 09:43:27,327 [INFO] ============================================================
2026-09-12 09:43:27,327 [INFO] Scanning GitHub trending repos...
2026-09-12 09:43:28,934 [INFO] Found 30 trending GitHub projects
2026-09-12 09:43:28,935 [INFO] Searching for trending topics...
2026-09-12 09:43:28,935 [INFO] Web trends found: 3
2026-09-12 09:43:28,935 [INFO] Found 3 web trends
2026-09-12 09:43:28,937 [INFO] Total ideas generated: 33
2026-09-12 09:43:28,937 [INFO] Backlog saved to data/backlog.json
2026-09-12 09:43:28,937 [INFO] ============================================================
2026-09-12 09:43:28,937 [INFO] AGENT 2: CONTENT PRODUCTION
2026-09-12 09:43:28,937 [INFO] ============================================================
2026-09-12 09:43:28,937 [INFO] Processing idea: openclaw
2026-09-12 09:43:28,937 [ERROR] Content production failed for {'type': 'github_repo', 'category': 'automation_ai', 'name': 'openclaw', 'full_name': 'openclaw/openclaw', 'url': 'https://github.com/openclaw/openclaw', 'description': 'The AI that really does things. Any OS. Any Platform. The lobster way. 🦞 ', 'stars': 389485, 'language': 'TypeScript', 'created_at': '2025-11-24T10:16:47Z', 'profit_potential': {'score': 6, 'reasons': ['High stars (389485)', 'Solves concrete problem', 'Actively maintained'], 'verdict': 'HIGH'}, 'product_idea': [{'type': 'template', 'title': 'openclaw - Production-Ready Template', 'description': 'A polished, documented, production-ready version of openclaw with best practices, tests, and deployment config included.', 'price_suggestion': '$29-99', 'platform': 'Gumroad', 'effort_estimate': '4-8 hours'}, {'type': 'tutorial', 'title': 'How to Build openclaw: Complete Guide', 'description': 'A step-by-step video course or ebook teaching how to use and extend openclaw for real-world projects.', 'price_suggestion': '$19-49', 'platform': 'Gumroad + YouTube', 'effort_estimate': '6-12 hours'}], 'content_idea': [{'type': 'video', 'title': 'This openclaw Project is INSANE (GitHub Trending)', 'description': "Showcasing openclaw - The AI that really does things. Any OS. Any Platform. The lobster way. 🦞 . This project has 389485 stars and is trending on GitHub. Let me show you why it's worth your attention.", 'format': 'showcase/review', 'duration_estimate': '5-8 minutes', 'monetization': ['adsense', 'affiliate']}, {'type': 'video', 'title': 'Build a Business with openclaw (Step by Step)', 'description': 'How to use openclaw to build something profitable. Complete walkthrough from setup to deployment.', 'format': 'tutorial', 'duration_estimate': '10-15 minutes', 'monetization': ['adsense', 'digital_product']}], 'timestamp': '2026-09-12T09:43:27.986108'}: 'AgentSwarm' object has no attribute '_generate_video'
2026-09-12 09:43:28,937 [INFO] Processing idea: superpowers
2026-09-12 09:43:28,937 [ERROR] Content production failed for {'type': 'github_repo', 'category': 'automation_ai', 'name': 'superpowers', 'full_name': 'obra/superpowers', 'url': 'https://github.com/obra/superpowers', 'description': 'An agentic skills framework & software development methodology that works.', 'stars': 285545, 'language': 'Shell', 'created_at': '2025-10-09T19:45:18Z', 'profit_potential': {'score': 4, 'reasons': ['High stars (285545)', 'Actively maintained'], 'verdict': 'MEDIUM'}, 'product_idea': [{'type': 'template', 'title': 'superpowers - Production-Ready Template', 'description': 'A polished, documented, production-ready version of superpowers with best practices, tests, and deployment config included.', 'price_suggestion': '$29-99', 'platform': 'Gumroad', 'effort_estimate': '4-8 hours'}, {'type': 'tutorial', 'title': 'How to Build superpowers: Complete Guide', 'description': 'A step-by-step video course or ebook teaching how to use and extend superpowers for real-world projects.', 'price_suggestion': '$19-49', 'platform': 'Gumroad + YouTube', 'effort_estimate': '6-12 hours'}], 'content_idea': [{'type': 'video', 'title': 'This superpowers Project is INSANE (GitHub Trending)', 'description': "Showcasing superpowers - An agentic skills framework & software development methodology that works.. This project has 285545 stars and is trending on GitHub. Let me show you why it's worth your attention.", 'format': 'showcase/review', 'duration_estimate': '5-8 minutes', 'monetization': ['adsense', 'affiliate']}, {'type': 'video', 'title': 'Build a Business with superpowers (Step by Step)', 'description': 'How to use superpowers to build something profitable. Complete walkthrough from setup to deployment.', 'format': 'tutorial', 'duration_estimate': '10-15 minutes', 'monetization': ['adsense', 'digital_product']}], 'timestamp': '2026-09-12T09:43:27.986132'}: 'AgentSwarm' object has no attribute '_generate_video'
2026-09-12 09:43:28,938 [INFO] Processing idea: hermes-agent
2026-09-12 09:43:28,938 [ERROR] Content production failed for {'type': 'github_repo', 'category': 'automation_ai', 'name': 'hermes-agent', 'full_name': 'NousResearch/hermes-agent', 'url': 'https://github.com/NousResearch/hermes-agent', 'description': 'The agent that grows with you', 'stars': 244740, 'language': 'Python', 'created_at': '2025-07-22T22:22:28Z', 'profit_potential': {'score': 4, 'reasons': ['High stars (244740)', 'Actively maintained'], 'verdict': 'MEDIUM'}, 'product_idea': [{'type': 'template', 'title': 'hermes-agent - Production-Ready Template', 'description': 'A polished, documented, production-ready version of hermes-agent with best practices, tests, and deployment config included.', 'price_suggestion': '$29-99', 'platform': 'Gumroad', 'effort_estimate': '4-8 hours'}, {'type': 'tutorial', 'title': 'How to Build hermes-agent: Complete Guide', 'description': 'A step-by-step video course or ebook teaching how to use and extend hermes-agent for real-world projects.', 'price_suggestion': '$19-49', 'platform': 'Gumroad + YouTube', 'effort_estimate': '6-12 hours'}], 'content_idea': [{'type': 'video', 'title': 'This hermes-agent Project is INSANE (GitHub Trending)', 'description': "Showcasing hermes-agent - The agent that grows with you. This project has 244740 stars and is trending on GitHub. Let me show you why it's worth your attention.", 'format': 'showcase/review', 'duration_estimate': '5-8 minutes', 'monetization': ['adsense', 'affiliate']}, {'type': 'video', 'title': 'Build a Business with hermes-agent (Step by Step)', 'description': 'How to use hermes-agent to build something profitable. Complete walkthrough from setup to deployment.', 'format': 'tutorial', 'duration_estimate': '10-15 minutes', 'monetization': ['adsense', 'digital_product']}], 'timestamp': '2026-09-12T09:43:27.986142'}: 'AgentSwarm' object has no attribute '_generate_video'
2026-09-12 09:43:28,938 [INFO] Total productions: 0
2026-09-12 09:43:28,938 [INFO] ============================================================
2026-09-12 09:43:28,938 [INFO] AGENT 4: PRODUCT CREATION
2026-09-12 09:43:28,938 [INFO] ============================================================
2026-09-12 09:43:28,938 [INFO] Creating product from: openclaw
2026-09-12 09:43:28,938 [INFO]   Product: openclaw - Production-Ready Template
2026-09-12 09:43:28,938 [INFO]   Platform: Gumroad
2026-09-12 09:43:28,939 [INFO] Creating product from: superpowers
2026-09-12 09:43:28,939 [INFO]   Product: superpowers - Production-Ready Template
2026-09-12 09:43:28,939 [INFO]   Platform: Gumroad
2026-09-12 09:43:28,939 [INFO] Created 2 products
2026-09-12 09:43:28,939 [INFO] ============================================================
2026-09-12 09:43:28,939 [INFO] AGENT 3: PUBLISHING
2026-09-12 09:43:28,939 [INFO] ============================================================
2026-09-12 09:43:28,939 [INFO] Published 0 pieces
2026-09-12 09:43:28,939 [INFO] ============================================================
2026-09-12 09:43:28,940 [INFO] AGENT 5: FINANCE TRACKING
2026-09-12 09:43:28,940 [INFO] ============================================================
2026-09-12 09:43:28,940 [INFO] Tracking revenue across platforms...
2026-09-12 09:43:28,940 [INFO]   YouTube AdSense: $0.00 (0 views)
2026-09-12 09:43:28,940 [INFO]   Gumroad Sales: $0.00 (0 sales)
2026-09-12 09:43:28,940 [INFO]   Affiliate: $0.00 (0 conversions)
2026-09-12 09:43:28,940 [INFO] Threshold check: $0.00 / $100.00 (need $100.00 more)
2026-09-12 09:43:28,940 [INFO] Total earnings tracked: $0.00
2026-09-12 09:43:28,940 [INFO] Goal: $10,000
2026-09-12 09:43:28,940 [INFO] Progress: 0.0%
2026-09-12 09:43:28,941 [INFO] ============================================================
2026-09-12 09:43:28,941 [INFO] SWARM RUN COMPLETE
2026-09-12 09:43:28,941 [INFO] ============================================================
2026-09-12 09:43:28,941 [INFO] Finished at: 2026-09-12T09:43:28.941408
2026-09-12 14:32:32,948 [INFO] ============================================================
2026-09-12 14:32:32,948 [INFO] AUTONOMOUS EARNINGS SWARM - STARTING
2026-09-12 14:32:32,948 [INFO] ============================================================
2026-09-12 14:32:32,948 [INFO] Started at: 2026-09-12T14:32:32.948275
2026-09-12 14:32:32,948 [INFO] ============================================================
2026-09-12 14:32:32,948 [INFO] AGENT 1: RESEARCH & IDEATION
2026-09-12 14:32:32,948 [INFO] ============================================================
2026-09-12 14:32:32,948 [INFO] Scanning GitHub trending repos...
2026-09-12 14:32:34,182 [INFO] Found 30 trending GitHub projects
2026-09-12 14:32:34,182 [INFO] Searching for trending topics...
2026-09-12 14:32:34,182 [INFO] Web trends found: 3
2026-09-12 14:32:34,182 [INFO] Found 3 web trends
2026-09-12 14:32:34,184 [INFO] Total ideas generated: 33
2026-09-12 14:32:34,184 [INFO] Backlog saved to data/backlog.json
2026-09-12 14:32:34,184 [INFO] ============================================================
2026-09-12 14:32:34,184 [INFO] AGENT 2: CONTENT PRODUCTION
2026-09-12 14:32:34,184 [INFO] ============================================================
2026-09-12 14:32:34,184 [INFO] Processing idea: openclaw
2026-09-12 14:32:34,185 [ERROR] Content production failed for {'type': 'github_repo', 'category': 'automation_ai', 'name': 'openclaw', 'full_name': 'openclaw/openclaw', 'url': 'https://github.com/openclaw/openclaw', 'description': 'The AI that really does things. Any OS. Any Platform. The lobster way. 🦞 ', 'stars': 389490, 'language': 'TypeScript', 'created_at': '2025-11-24T10:16:47Z', 'profit_potential': {'score': 6, 'reasons': ['High stars (389490)', 'Solves concrete problem', 'Actively maintained'], 'verdict': 'HIGH'}, 'product_idea': [{'type': 'template', 'title': 'openclaw - Production-Ready Template', 'description': 'A polished, documented, production-ready version of openclaw with best practices, tests, and deployment config included.', 'price_suggestion': '$29-99', 'platform': 'Gumroad', 'effort_estimate': '4-8 hours'}, {'type': 'tutorial', 'title': 'How to Build openclaw: Complete Guide', 'description': 'A step-by-step video course or ebook teaching how to use and extend openclaw for real-world projects.', 'price_suggestion': '$19-49', 'platform': 'Gumroad + YouTube', 'effort_estimate': '6-12 hours'}], 'content_idea': [{'type': 'video', 'title': 'This openclaw Project is INSANE (GitHub Trending)', 'description': "Showcasing openclaw - The AI that really does things. Any OS. Any Platform. The lobster way. 🦞 . This project has 389490 stars and is trending on GitHub. Let me show you why it's worth your attention.", 'format': 'showcase/review', 'duration_estimate': '5-8 minutes', 'monetization': ['adsense', 'affiliate']}, {'type': 'video', 'title': 'Build a Business with openclaw (Step by Step)', 'description': 'How to use openclaw to build something profitable. Complete walkthrough from setup to deployment.', 'format': 'tutorial', 'duration_estimate': '10-15 minutes', 'monetization': ['adsense', 'digital_product']}], 'timestamp': '2026-09-12T14:32:33.422896'}: 'AgentSwarm' object has no attribute '_generate_video'
2026-09-12 14:32:34,185 [INFO] Processing idea: superpowers
2026-09-12 14:32:34,185 [ERROR] Content production failed for {'type': 'github_repo', 'category': 'automation_ai', 'name': 'superpowers', 'full_name': 'obra/superpowers', 'url': 'https://github.com/obra/superpowers', 'description': 'An agentic skills framework & software development methodology that works.', 'stars': 285639, 'language': 'Shell', 'created_at': '2025-10-09T19:45:18Z', 'profit_potential': {'score': 4, 'reasons': ['High stars (285639)', 'Actively maintained'], 'verdict': 'MEDIUM'}, 'product_idea': [{'type': 'template', 'title': 'superpowers - Production-Ready Template', 'description': 'A polished, documented, production-ready version of superpowers with best practices, tests, and deployment config included.', 'price_suggestion': '$29-99', 'platform': 'Gumroad', 'effort_estimate': '4-8 hours'}, {'type': 'tutorial', 'title': 'How to Build superpowers: Complete Guide', 'description': 'A step-by-step video course or ebook teaching how to use and extend superpowers for real-world projects.', 'price_suggestion': '$19-49', 'platform': 'Gumroad + YouTube', 'effort_estimate': '6-12 hours'}], 'content_idea': [{'type': 'video', 'title': 'This superpowers Project is INSANE (GitHub Trending)', 'description': "Showcasing superpowers - An agentic skills framework & software development methodology that works.. This project has 285639 stars and is trending on GitHub. Let me show you why it's worth your attention.", 'format': 'showcase/review', 'duration_estimate': '5-8 minutes', 'monetization': ['adsense', 'affiliate']}, {'type': 'video', 'title': 'Build a Business with superpowers (Step by Step)', 'description': 'How to use superpowers to build something profitable. Complete walkthrough from setup to deployment.', 'format': 'tutorial', 'duration_estimate': '10-15 minutes', 'monetization': ['adsense', 'digital_product']}], 'timestamp': '2026-09-12T14:32:33.422917'}: 'AgentSwarm' object has no attribute '_generate_video'
2026-09-12 14:32:34,185 [INFO] Processing idea: hermes-agent
2026-09-12 14:32:34,185 [ERROR] Content production failed for {'type': 'github_repo', 'category': 'automation_ai', 'name': 'hermes-agent', 'full_name': 'NousResearch/hermes-agent', 'url': 'https://github.com/NousResearch/hermes-agent', 'description': 'The agent that grows with you', 'stars': 244798, 'language': 'Python', 'created_at': '2025-07-22T22:22:28Z', 'profit_potential': {'score': 4, 'reasons': ['High stars (244798)', 'Actively maintained'], 'verdict': 'MEDIUM'}, 'product_idea': [{'type': 'template', 'title': 'hermes-agent - Production-Ready Template', 'description': 'A polished, documented, production-ready version of hermes-agent with best practices, tests, and deployment config included.', 'price_suggestion': '$29-99', 'platform': 'Gumroad', 'effort_estimate': '4-8 hours'}, {'type': 'tutorial', 'title': 'How to Build hermes-agent: Complete Guide', 'description': 'A step-by-step video course or ebook teaching how to use and extend hermes-agent for real-world projects.', 'price_suggestion': '$19-49', 'platform': 'Gumroad + YouTube', 'effort_estimate': '6-12 hours'}], 'content_idea': [{'type': 'video', 'title': 'This hermes-agent Project is INSANE (GitHub Trending)', 'description': "Showcasing hermes-agent - The agent that grows with you. This project has 244798 stars and is trending on GitHub. Let me show you why it's worth your attention.", 'format': 'showcase/review', 'duration_estimate': '5-8 minutes', 'monetization': ['adsense', 'affiliate']}, {'type': 'video', 'title': 'Build a Business with hermes-agent (Step by Step)', 'description': 'How to use hermes-agent to build something profitable. Complete walkthrough from setup to deployment.', 'format': 'tutorial', 'duration_estimate': '10-15 minutes', 'monetization': ['adsense', 'digital_product']}], 'timestamp': '2026-09-12T14:32:33.422926'}: 'AgentSwarm' object has no attribute '_generate_video'
2026-09-12 14:32:34,185 [INFO] Total productions: 0
2026-09-12 14:32:34,185 [INFO] ============================================================
2026-09-12 14:32:34,185 [INFO] AGENT 4: PRODUCT CREATION
2026-09-12 14:32:34,185 [INFO] ============================================================
2026-09-12 14:32:34,185 [INFO] Creating product from: openclaw
2026-09-12 14:32:34,186 [INFO]   Product: openclaw - Production-Ready Template
2026-09-12 14:32:34,186 [INFO]   Platform: Gumroad
2026-09-12 14:32:34,186 [INFO] Creating product from: superpowers
2026-09-12 14:32:34,186 [INFO]   Product: superpowers - Production-Ready Template
2026-09-12 14:32:34,186 [INFO]   Platform: Gumroad
2026-09-12 14:32:34,187 [INFO] Created 2 products
2026-09-12 14:32:34,187 [INFO] ============================================================
2026-09-12 14:32:34,187 [INFO] AGENT 3: PUBLISHING
2026-09-12 14:32:34,187 [INFO] ============================================================
2026-09-12 14:32:34,187 [INFO] Published 0 pieces
2026-09-12 14:32:34,187 [INFO] ============================================================
2026-09-12 14:32:34,187 [INFO] AGENT 5: FINANCE TRACKING
2026-09-12 14:32:34,187 [INFO] ============================================================
2026-09-12 14:32:34,187 [INFO] Tracking revenue across platforms...
2026-09-12 14:32:34,187 [INFO]   YouTube AdSense: $0.00 (0 views)
2026-09-12 14:32:34,187 [INFO]   Gumroad Sales: $0.00 (0 sales)
2026-09-12 14:32:34,187 [INFO]   Affiliate: $0.00 (0 conversions)
2026-09-12 14:32:34,187 [INFO] Threshold check: $0.00 / $100.00 (need $100.00 more)
2026-09-12 14:32:34,188 [INFO] Total earnings tracked: $0.00
2026-09-12 14:32:34,188 [INFO] Goal: $10,000
2026-09-12 14:32:34,188 [INFO] Progress: 0.0%
2026-09-12 14:32:34,188 [INFO] ============================================================
2026-09-12 14:32:34,188 [INFO] SWARM RUN COMPLETE
2026-09-12 14:32:34,188 [INFO] ============================================================
2026-09-12 14:32:34,188 [INFO] Finished at: 2026-09-12T14:32:34.188698
2026-09-12 19:48:03,941 [INFO] ============================================================
2026-09-12 19:48:03,941 [INFO] AUTONOMOUS EARNINGS SWARM - STARTING
2026-09-12 19:48:03,941 [INFO] ============================================================
2026-09-12 19:48:03,941 [INFO] Started at: 2026-09-12T19:48:03.941734
2026-09-12 19:48:03,941 [INFO] ============================================================
2026-09-12 19:48:03,941 [INFO] AGENT 1: RESEARCH & IDEATION
2026-09-12 19:48:03,941 [INFO] ============================================================
2026-09-12 19:48:03,941 [INFO] Scanning GitHub trending repos...
2026-09-12 19:48:04,875 [INFO] Found 10 trending GitHub projects
2026-09-12 19:48:04,875 [INFO] Searching for trending topics...
2026-09-12 19:48:04,875 [INFO] Web trends found: 3
2026-09-12 19:48:04,875 [INFO] Found 3 web trends
2026-09-12 19:48:04,876 [INFO] Total ideas generated: 13
2026-09-12 19:48:04,876 [INFO] Backlog saved to data/backlog.json
2026-09-12 19:48:04,876 [INFO] ============================================================
2026-09-12 19:48:04,876 [INFO] AGENT 2: CONTENT PRODUCTION
2026-09-12 19:48:04,876 [INFO] ============================================================
2026-09-12 19:48:04,876 [INFO] Processing idea: openclaw
2026-09-12 19:48:04,876 [ERROR] Content production failed for {'type': 'github_repo', 'category': 'automation_ai', 'name': 'openclaw', 'full_name': 'openclaw/openclaw', 'url': 'https://github.com/openclaw/openclaw', 'description': 'The AI that really does things. Any OS. Any Platform. The lobster way. 🦞 ', 'stars': 389509, 'language': 'TypeScript', 'created_at': '2025-11-24T10:16:47Z', 'profit_potential': {'score': 6, 'reasons': ['High stars (389509)', 'Solves concrete problem', 'Actively maintained'], 'verdict': 'HIGH'}, 'product_idea': [{'type': 'template', 'title': 'openclaw - Production-Ready Template', 'description': 'A polished, documented, production-ready version of openclaw with best practices, tests, and deployment config included.', 'price_suggestion': '$29-99', 'platform': 'Gumroad', 'effort_estimate': '4-8 hours'}, {'type': 'tutorial', 'title': 'How to Build openclaw: Complete Guide', 'description': 'A step-by-step video course or ebook teaching how to use and extend openclaw for real-world projects.', 'price_suggestion': '$19-49', 'platform': 'Gumroad + YouTube', 'effort_estimate': '6-12 hours'}], 'content_idea': [{'type': 'video', 'title': 'This openclaw Project is INSANE (GitHub Trending)', 'description': "Showcasing openclaw - The AI that really does things. Any OS. Any Platform. The lobster way. 🦞 . This project has 389509 stars and is trending on GitHub. Let me show you why it's worth your attention.", 'format': 'showcase/review', 'duration_estimate': '5-8 minutes', 'monetization': ['adsense', 'affiliate']}, {'type': 'video', 'title': 'Build a Business with openclaw (Step by Step)', 'description': 'How to use openclaw to build something profitable. Complete walkthrough from setup to deployment.', 'format': 'tutorial', 'duration_estimate': '10-15 minutes', 'monetization': ['adsense', 'digital_product']}], 'timestamp': '2026-09-12T19:48:04.530471'}: 'AgentSwarm' object has no attribute '_generate_video'
2026-09-12 19:48:04,876 [INFO] Processing idea: superpowers
2026-09-12 19:48:04,876 [ERROR] Content production failed for {'type': 'github_repo', 'category': 'automation_ai', 'name': 'superpowers', 'full_name': 'obra/superpowers', 'url': 'https://github.com/obra/superpowers', 'description': 'An agentic skills framework & software development methodology that works.', 'stars': 285742, 'language': 'Shell', 'created_at': '2025-10-09T19:45:18Z', 'profit_potential': {'score': 4, 'reasons': ['High stars (285742)', 'Actively maintained'], 'verdict': 'MEDIUM'}, 'product_idea': [{'type': 'template', 'title': 'superpowers - Production-Ready Template', 'description': 'A polished, documented, production-ready version of superpowers with best practices, tests, and deployment config included.', 'price_suggestion': '$29-99', 'platform': 'Gumroad', 'effort_estimate': '4-8 hours'}, {'type': 'tutorial', 'title': 'How to Build superpowers: Complete Guide', 'description': 'A step-by-step video course or ebook teaching how to use and extend superpowers for real-world projects.', 'price_suggestion': '$19-49', 'platform': 'Gumroad + YouTube', 'effort_estimate': '6-12 hours'}], 'content_idea': [{'type': 'video', 'title': 'This superpowers Project is INSANE (GitHub Trending)', 'description': "Showcasing superpowers - An agentic skills framework & software development methodology that works.. This project has 285742 stars and is trending on GitHub. Let me show you why it's worth your attention.", 'format': 'showcase/review', 'duration_estimate': '5-8 minutes', 'monetization': ['adsense', 'affiliate']}, {'type': 'video', 'title': 'Build a Business with superpowers (Step by Step)', 'description': 'How to use superpowers to build something profitable. Complete walkthrough from setup to deployment.', 'format': 'tutorial', 'duration_estimate': '10-15 minutes', 'monetization': ['adsense', 'digital_product']}], 'timestamp': '2026-09-12T19:48:04.530489'}: 'AgentSwarm' object has no attribute '_generate_video'
2026-09-12 19:48:04,876 [INFO] Processing idea: hermes-agent
2026-09-12 19:48:04,876 [ERROR] Content production failed for {'type': 'github_repo', 'category': 'automation_ai', 'name': 'hermes-agent', 'full_name': 'NousResearch/hermes-agent', 'url': 'https://github.com/NousResearch/hermes-agent', 'description': 'The agent that grows with you', 'stars': 244865, 'language': 'Python', 'created_at': '2025-07-22T22:22:28Z', 'profit_potential': {'score': 4, 'reasons': ['High stars (244865)', 'Actively maintained'], 'verdict': 'MEDIUM'}, 'product_idea': [{'type': 'template', 'title': 'hermes-agent - Production-Ready Template', 'description': 'A polished, documented, production-ready version of hermes-agent with best practices, tests, and deployment config included.', 'price_suggestion': '$29-99', 'platform': 'Gumroad', 'effort_estimate': '4-8 hours'}, {'type': 'tutorial', 'title': 'How to Build hermes-agent: Complete Guide', 'description': 'A step-by-step video course or ebook teaching how to use and extend hermes-agent for real-world projects.', 'price_suggestion': '$19-49', 'platform': 'Gumroad + YouTube', 'effort_estimate': '6-12 hours'}], 'content_idea': [{'type': 'video', 'title': 'This hermes-agent Project is INSANE (GitHub Trending)', 'description': "Showcasing hermes-agent - The agent that grows with you. This project has 244865 stars and is trending on GitHub. Let me show you why it's worth your attention.", 'format': 'showcase/review', 'duration_estimate': '5-8 minutes', 'monetization': ['adsense', 'affiliate']}, {'type': 'video', 'title': 'Build a Business with hermes-agent (Step by Step)', 'description': 'How to use hermes-agent to build something profitable. Complete walkthrough from setup to deployment.', 'format': 'tutorial', 'duration_estimate': '10-15 minutes', 'monetization': ['adsense', 'digital_product']}], 'timestamp': '2026-09-12T19:48:04.530497'}: 'AgentSwarm' object has no attribute '_generate_video'
2026-09-12 19:48:04,877 [INFO] Total productions: 0
2026-09-12 19:48:04,877 [INFO] ============================================================
2026-09-12 19:48:04,877 [INFO] AGENT 4: PRODUCT CREATION
2026-09-12 19:48:04,877 [INFO] ============================================================
2026-09-12 19:48:04,877 [INFO] Creating product from: openclaw
2026-09-12 19:48:04,877 [INFO]   Product: openclaw - Production-Ready Template
2026-09-12 19:48:04,877 [INFO]   Platform: Gumroad
2026-09-12 19:48:04,877 [INFO] Creating product from: superpowers
2026-09-12 19:48:04,877 [INFO]   Product: superpowers - Production-Ready Template
2026-09-12 19:48:04,877 [INFO]   Platform: Gumroad
2026-09-12 19:48:04,877 [INFO] Created 2 products
2026-09-12 19:48:04,877 [INFO] ============================================================
2026-09-12 19:48:04,877 [INFO] AGENT 3: PUBLISHING
2026-09-12 19:48:04,878 [INFO] ============================================================
2026-09-12 19:48:04,878 [INFO] Published 0 pieces
2026-09-12 19:48:04,878 [INFO] ============================================================
2026-09-12 19:48:04,878 [INFO] AGENT 5: FINANCE TRACKING
2026-09-12 19:48:04,878 [INFO] ============================================================
2026-09-12 19:48:04,878 [INFO] Tracking revenue across platforms...
2026-09-12 19:48:04,878 [INFO]   YouTube AdSense: $0.00 (0 views)
2026-09-12 19:48:04,878 [INFO]   Gumroad Sales: $0.00 (0 sales)
2026-09-12 19:48:04,878 [INFO]   Affiliate: $0.00 (0 conversions)
2026-09-12 19:48:04,878 [INFO] Threshold check: $0.00 / $100.00 (need $100.00 more)
2026-09-12 19:48:04,878 [INFO] Total earnings tracked: $0.00
2026-09-12 19:48:04,878 [INFO] Goal: $10,000
2026-09-12 19:48:04,878 [INFO] Progress: 0.0%
2026-09-12 19:48:04,878 [INFO] ============================================================
2026-09-12 19:48:04,878 [INFO] SWARM RUN COMPLETE
2026-09-12 19:48:04,878 [INFO] ============================================================
2026-09-12 19:48:04,878 [INFO] Finished at: 2026-09-12T19:48:04.878975
2026-09-13 01:47:58,507 [INFO] ============================================================
2026-09-13 01:47:58,507 [INFO] AUTONOMOUS EARNINGS SWARM - STARTING
2026-09-13 01:47:58,507 [INFO] ============================================================
2026-09-13 01:47:58,507 [INFO] Started at: 2026-09-13T01:47:58.507896
2026-09-13 01:47:58,507 [INFO] ============================================================
2026-09-13 01:47:58,507 [INFO] AGENT 1: RESEARCH & IDEATION
2026-09-13 01:47:58,508 [INFO] ============================================================
2026-09-13 01:47:58,508 [INFO] Scanning GitHub trending repos...
2026-09-13 01:47:59,844 [INFO] Found 30 trending GitHub projects
2026-09-13 01:47:59,844 [INFO] Searching for trending topics...
2026-09-13 01:47:59,844 [INFO] Web trends found: 3
2026-09-13 01:47:59,844 [INFO] Found 3 web trends
2026-09-13 01:47:59,845 [INFO] Total ideas generated: 33
2026-09-13 01:47:59,845 [INFO] Backlog saved to data/backlog.json
2026-09-13 01:47:59,846 [INFO] ============================================================
2026-09-13 01:47:59,846 [INFO] AGENT 2: CONTENT PRODUCTION
2026-09-13 01:47:59,846 [INFO] ============================================================
2026-09-13 01:47:59,846 [INFO] Processing idea: openclaw
2026-09-13 01:47:59,846 [ERROR] Content production failed for {'type': 'github_repo', 'category': 'automation_ai', 'name': 'openclaw', 'full_name': 'openclaw/openclaw', 'url': 'https://github.com/openclaw/openclaw', 'description': 'The AI that really does things. Any OS. Any Platform. The lobster way. 🦞 ', 'stars': 389532, 'language': 'TypeScript', 'created_at': '2025-11-24T10:16:47Z', 'profit_potential': {'score': 6, 'reasons': ['High stars (389532)', 'Solves concrete problem', 'Actively maintained'], 'verdict': 'HIGH'}, 'product_idea': [{'type': 'template', 'title': 'openclaw - Production-Ready Template', 'description': 'A polished, documented, production-ready version of openclaw with best practices, tests, and deployment config included.', 'price_suggestion': '$29-99', 'platform': 'Gumroad', 'effort_estimate': '4-8 hours'}, {'type': 'tutorial', 'title': 'How to Build openclaw: Complete Guide', 'description': 'A step-by-step video course or ebook teaching how to use and extend openclaw for real-world projects.', 'price_suggestion': '$19-49', 'platform': 'Gumroad + YouTube', 'effort_estimate': '6-12 hours'}], 'content_idea': [{'type': 'video', 'title': 'This openclaw Project is INSANE (GitHub Trending)', 'description': "Showcasing openclaw - The AI that really does things. Any OS. Any Platform. The lobster way. 🦞 . This project has 389532 stars and is trending on GitHub. Let me show you why it's worth your attention.", 'format': 'showcase/review', 'duration_estimate': '5-8 minutes', 'monetization': ['adsense', 'affiliate']}, {'type': 'video', 'title': 'Build a Business with openclaw (Step by Step)', 'description': 'How to use openclaw to build something profitable. Complete walkthrough from setup to deployment.', 'format': 'tutorial', 'duration_estimate': '10-15 minutes', 'monetization': ['adsense', 'digital_product']}], 'timestamp': '2026-09-13T01:47:58.980989'}: 'AgentSwarm' object has no attribute '_generate_video'
2026-09-13 01:47:59,846 [INFO] Processing idea: superpowers
2026-09-13 01:47:59,846 [ERROR] Content production failed for {'type': 'github_repo', 'category': 'automation_ai', 'name': 'superpowers', 'full_name': 'obra/superpowers', 'url': 'https://github.com/obra/superpowers', 'description': 'An agentic skills framework & software development methodology that works.', 'stars': 285825, 'language': 'Shell', 'created_at': '2025-10-09T19:45:18Z', 'profit_potential': {'score': 4, 'reasons': ['High stars (285825)', 'Actively maintained'], 'verdict': 'MEDIUM'}, 'product_idea': [{'type': 'template', 'title': 'superpowers - Production-Ready Template', 'description': 'A polished, documented, production-ready version of superpowers with best practices, tests, and deployment config included.', 'price_suggestion': '$29-99', 'platform': 'Gumroad', 'effort_estimate': '4-8 hours'}, {'type': 'tutorial', 'title': 'How to Build superpowers: Complete Guide', 'description': 'A step-by-step video course or ebook teaching how to use and extend superpowers for real-world projects.', 'price_suggestion': '$19-49', 'platform': 'Gumroad + YouTube', 'effort_estimate': '6-12 hours'}], 'content_idea': [{'type': 'video', 'title': 'This superpowers Project is INSANE (GitHub Trending)', 'description': "Showcasing superpowers - An agentic skills framework & software development methodology that works.. This project has 285825 stars and is trending on GitHub. Let me show you why it's worth your attention.", 'format': 'showcase/review', 'duration_estimate': '5-8 minutes', 'monetization': ['adsense', 'affiliate']}, {'type': 'video', 'title': 'Build a Business with superpowers (Step by Step)', 'description': 'How to use superpowers to build something profitable. Complete walkthrough from setup to deployment.', 'format': 'tutorial', 'duration_estimate': '10-15 minutes', 'monetization': ['adsense', 'digital_product']}], 'timestamp': '2026-09-13T01:47:58.981008'}: 'AgentSwarm' object has no attribute '_generate_video'
2026-09-13 01:47:59,846 [INFO] Processing idea: hermes-agent
2026-09-13 01:47:59,846 [ERROR] Content production failed for {'type': 'github_repo', 'category': 'automation_ai', 'name': 'hermes-agent', 'full_name': 'NousResearch/hermes-agent', 'url': 'https://github.com/NousResearch/hermes-agent', 'description': 'The agent that grows with you', 'stars': 244909, 'language': 'Python', 'created_at': '2025-07-22T22:22:28Z', 'profit_potential': {'score': 4, 'reasons': ['High stars (244909)', 'Actively maintained'], 'verdict': 'MEDIUM'}, 'product_idea': [{'type': 'template', 'title': 'hermes-agent - Production-Ready Template', 'description': 'A polished, documented, production-ready version of hermes-agent with best practices, tests, and deployment config included.', 'price_suggestion': '$29-99', 'platform': 'Gumroad', 'effort_estimate': '4-8 hours'}, {'type': 'tutorial', 'title': 'How to Build hermes-agent: Complete Guide', 'description': 'A step-by-step video course or ebook teaching how to use and extend hermes-agent for real-world projects.', 'price_suggestion': '$19-49', 'platform': 'Gumroad + YouTube', 'effort_estimate': '6-12 hours'}], 'content_idea': [{'type': 'video', 'title': 'This hermes-agent Project is INSANE (GitHub Trending)', 'description': "Showcasing hermes-agent - The agent that grows with you. This project has 244909 stars and is trending on GitHub. Let me show you why it's worth your attention.", 'format': 'showcase/review', 'duration_estimate': '5-8 minutes', 'monetization': ['adsense', 'affiliate']}, {'type': 'video', 'title': 'Build a Business with hermes-agent (Step by Step)', 'description': 'How to use hermes-agent to build something profitable. Complete walkthrough from setup to deployment.', 'format': 'tutorial', 'duration_estimate': '10-15 minutes', 'monetization': ['adsense', 'digital_product']}], 'timestamp': '2026-09-13T01:47:58.981015'}: 'AgentSwarm' object has no attribute '_generate_video'
2026-09-13 01:47:59,846 [INFO] Total productions: 0
2026-09-13 01:47:59,846 [INFO] ============================================================
2026-09-13 01:47:59,846 [INFO] AGENT 4: PRODUCT CREATION
2026-09-13 01:47:59,846 [INFO] ============================================================
2026-09-13 01:47:59,846 [INFO] Creating product from: openclaw
2026-09-13 01:47:59,846 [INFO]   Product: openclaw - Production-Ready Template
2026-09-13 01:47:59,846 [INFO]   Platform: Gumroad
2026-09-13 01:47:59,846 [INFO] Creating product from: superpowers
2026-09-13 01:47:59,846 [INFO]   Product: superpowers - Production-Ready Template
2026-09-13 01:47:59,846 [INFO]   Platform: Gumroad
2026-09-13 01:47:59,847 [INFO] Created 2 products
2026-09-13 01:47:59,847 [INFO] ============================================================
2026-09-13 01:47:59,847 [INFO] AGENT 3: PUBLISHING
2026-09-13 01:47:59,847 [INFO] ============================================================
2026-09-13 01:47:59,847 [INFO] Published 0 pieces
2026-09-13 01:47:59,847 [INFO] ============================================================
2026-09-13 01:47:59,847 [INFO] AGENT 5: FINANCE TRACKING
2026-09-13 01:47:59,849 [INFO] ============================================================
2026-09-13 01:47:59,849 [INFO] Tracking revenue across platforms...
2026-09-13 01:47:59,849 [INFO]   YouTube AdSense: $0.00 (0 views)
2026-09-13 01:47:59,849 [INFO]   Gumroad Sales: $0.00 (0 sales)
2026-09-13 01:47:59,849 [INFO]   Affiliate: $0.00 (0 conversions)
2026-09-13 01:47:59,849 [INFO] Threshold check: $0.00 / $100.00 (need $100.00 more)
2026-09-13 01:47:59,849 [INFO] Total earnings tracked: $0.00
2026-09-13 01:47:59,849 [INFO] Goal: $10,000
2026-09-13 01:47:59,849 [INFO] Progress: 0.0%
2026-09-13 01:47:59,849 [INFO] ============================================================
2026-09-13 01:47:59,849 [INFO] SWARM RUN COMPLETE
2026-09-13 01:47:59,849 [INFO] ============================================================
2026-09-13 01:47:59,849 [INFO] Finished at: 2026-09-13T01:47:59.849857
2026-09-13 10:44:24,820 [INFO] ============================================================
2026-09-13 10:44:24,820 [INFO] AUTONOMOUS EARNINGS SWARM - STARTING
2026-09-13 10:44:24,820 [INFO] ============================================================
2026-09-13 10:44:24,820 [INFO] Started at: 2026-09-13T10:44:24.820741
2026-09-13 10:44:24,820 [INFO] ============================================================
2026-09-13 10:44:24,820 [INFO] AGENT 1: RESEARCH & IDEATION
2026-09-13 10:44:24,820 [INFO] ============================================================
2026-09-13 10:44:24,821 [INFO] Scanning GitHub trending repos...
2026-09-13 10:44:26,078 [INFO] Found 30 trending GitHub projects
2026-09-13 10:44:26,078 [INFO] Searching for trending topics...
2026-09-13 10:44:26,078 [INFO] Web trends found: 3
2026-09-13 10:44:26,078 [INFO] Found 3 web trends
2026-09-13 10:44:26,080 [INFO] Total ideas generated: 33
2026-09-13 10:44:26,080 [INFO] Backlog saved to data/backlog.json
2026-09-13 10:44:26,081 [INFO] ============================================================
2026-09-13 10:44:26,081 [INFO] AGENT 2: CONTENT PRODUCTION
2026-09-13 10:44:26,081 [INFO] ============================================================
2026-09-13 10:44:26,081 [INFO] Processing idea: openclaw
2026-09-13 10:44:26,081 [ERROR] Content production failed for {'type': 'github_repo', 'category': 'automation_ai', 'name': 'openclaw', 'full_name': 'openclaw/openclaw', 'url': 'https://github.com/openclaw/openclaw', 'description': 'The AI that really does things. Any OS. Any Platform. The lobster way. 🦞 ', 'stars': 389563, 'language': 'TypeScript', 'created_at': '2025-11-24T10:16:47Z', 'profit_potential': {'score': 6, 'reasons': ['High stars (389563)', 'Solves concrete problem', 'Actively maintained'], 'verdict': 'HIGH'}, 'product_idea': [{'type': 'template', 'title': 'openclaw - Production-Ready Template', 'description': 'A polished, documented, production-ready version of openclaw with best practices, tests, and deployment config included.', 'price_suggestion': '$29-99', 'platform': 'Gumroad', 'effort_estimate': '4-8 hours'}, {'type': 'tutorial', 'title': 'How to Build openclaw: Complete Guide', 'description': 'A step-by-step video course or ebook teaching how to use and extend openclaw for real-world projects.', 'price_suggestion': '$19-49', 'platform': 'Gumroad + YouTube', 'effort_estimate': '6-12 hours'}], 'content_idea': [{'type': 'video', 'title': 'This openclaw Project is INSANE (GitHub Trending)', 'description': "Showcasing openclaw - The AI that really does things. Any OS. Any Platform. The lobster way. 🦞 . This project has 389563 stars and is trending on GitHub. Let me show you why it's worth your attention.", 'format': 'showcase/review', 'duration_estimate': '5-8 minutes', 'monetization': ['adsense', 'affiliate']}, {'type': 'video', 'title': 'Build a Business with openclaw (Step by Step)', 'description': 'How to use openclaw to build something profitable. Complete walkthrough from setup to deployment.', 'format': 'tutorial', 'duration_estimate': '10-15 minutes', 'monetization': ['adsense', 'digital_product']}], 'timestamp': '2026-09-13T10:44:25.332123'}: 'AgentSwarm' object has no attribute '_generate_video'
2026-09-13 10:44:26,081 [INFO] Processing idea: superpowers
2026-09-13 10:44:26,081 [ERROR] Content production failed for {'type': 'github_repo', 'category': 'automation_ai', 'name': 'superpowers', 'full_name': 'obra/superpowers', 'url': 'https://github.com/obra/superpowers', 'description': 'An agentic skills framework & software development methodology that works.', 'stars': 285962, 'language': 'Shell', 'created_at': '2025-10-09T19:45:18Z', 'profit_potential': {'score': 4, 'reasons': ['High stars (285962)', 'Actively maintained'], 'verdict': 'MEDIUM'}, 'product_idea': [{'type': 'template', 'title': 'superpowers - Production-Ready Template', 'description': 'A polished, documented, production-ready version of superpowers with best practices, tests, and deployment config included.', 'price_suggestion': '$29-99', 'platform': 'Gumroad', 'effort_estimate': '4-8 hours'}, {'type': 'tutorial', 'title': 'How to Build superpowers: Complete Guide', 'description': 'A step-by-step video course or ebook teaching how to use and extend superpowers for real-world projects.', 'price_suggestion': '$19-49', 'platform': 'Gumroad + YouTube', 'effort_estimate': '6-12 hours'}], 'content_idea': [{'type': 'video', 'title': 'This superpowers Project is INSANE (GitHub Trending)', 'description': "Showcasing superpowers - An agentic skills framework & software development methodology that works.. This project has 285962 stars and is trending on GitHub. Let me show you why it's worth your attention.", 'format': 'showcase/review', 'duration_estimate': '5-8 minutes', 'monetization': ['adsense', 'affiliate']}, {'type': 'video', 'title': 'Build a Business with superpowers (Step by Step)', 'description': 'How to use superpowers to build something profitable. Complete walkthrough from setup to deployment.', 'format': 'tutorial', 'duration_estimate': '10-15 minutes', 'monetization': ['adsense', 'digital_product']}], 'timestamp': '2026-09-13T10:44:25.332145'}: 'AgentSwarm' object has no attribute '_generate_video'
2026-09-13 10:44:26,081 [INFO] Processing idea: hermes-agent
2026-09-13 10:44:26,081 [ERROR] Content production failed for {'type': 'github_repo', 'category': 'automation_ai', 'name': 'hermes-agent', 'full_name': 'NousResearch/hermes-agent', 'url': 'https://github.com/NousResearch/hermes-agent', 'description': 'The agent that grows with you', 'stars': 245009, 'language': 'Python', 'created_at': '2025-07-22T22:22:28Z', 'profit_potential': {'score': 4, 'reasons': ['High stars (245009)', 'Actively maintained'], 'verdict': 'MEDIUM'}, 'product_idea': [{'type': 'template', 'title': 'hermes-agent - Production-Ready Template', 'description': 'A polished, documented, production-ready version of hermes-agent with best practices, tests, and deployment config included.', 'price_suggestion': '$29-99', 'platform': 'Gumroad', 'effort_estimate': '4-8 hours'}, {'type': 'tutorial', 'title': 'How to Build hermes-agent: Complete Guide', 'description': 'A step-by-step video course or ebook teaching how to use and extend hermes-agent for real-world projects.', 'price_suggestion': '$19-49', 'platform': 'Gumroad + YouTube', 'effort_estimate': '6-12 hours'}], 'content_idea': [{'type': 'video', 'title': 'This hermes-agent Project is INSANE (GitHub Trending)', 'description': "Showcasing hermes-agent - The agent that grows with you. This project has 245009 stars and is trending on GitHub. Let me show you why it's worth your attention.", 'format': 'showcase/review', 'duration_estimate': '5-8 minutes', 'monetization': ['adsense', 'affiliate']}, {'type': 'video', 'title': 'Build a Business with hermes-agent (Step by Step)', 'description': 'How to use hermes-agent to build something profitable. Complete walkthrough from setup to deployment.', 'format': 'tutorial', 'duration_estimate': '10-15 minutes', 'monetization': ['adsense', 'digital_product']}], 'timestamp': '2026-09-13T10:44:25.332154'}: 'AgentSwarm' object has no attribute '_generate_video'
2026-09-13 10:44:26,081 [INFO] Total productions: 0
2026-09-13 10:44:26,081 [INFO] ============================================================
2026-09-13 10:44:26,081 [INFO] AGENT 4: PRODUCT CREATION
2026-09-13 10:44:26,081 [INFO] ============================================================
2026-09-13 10:44:26,082 [INFO] Creating product from: openclaw
2026-09-13 10:44:26,082 [INFO]   Product: openclaw - Production-Ready Template
2026-09-13 10:44:26,082 [INFO]   Platform: Gumroad
2026-09-13 10:44:26,082 [INFO] Creating product from: superpowers
2026-09-13 10:44:26,082 [INFO]   Product: superpowers - Production-Ready Template
2026-09-13 10:44:26,082 [INFO]   Platform: Gumroad
2026-09-13 10:44:26,082 [INFO] Created 2 products
2026-09-13 10:44:26,083 [INFO] ============================================================
2026-09-13 10:44:26,083 [INFO] AGENT 3: PUBLISHING
2026-09-13 10:44:26,083 [INFO] ============================================================
2026-09-13 10:44:26,083 [INFO] Published 0 pieces
2026-09-13 10:44:26,083 [INFO] ============================================================
2026-09-13 10:44:26,083 [INFO] AGENT 5: FINANCE TRACKING
2026-09-13 10:44:26,083 [INFO] ============================================================
2026-09-13 10:44:26,083 [INFO] Tracking revenue across platforms...
2026-09-13 10:44:26,083 [INFO]   YouTube AdSense: $0.00 (0 views)
2026-09-13 10:44:26,083 [INFO]   Gumroad Sales: $0.00 (0 sales)
2026-09-13 10:44:26,083 [INFO]   Affiliate: $0.00 (0 conversions)
2026-09-13 10:44:26,083 [INFO] Threshold check: $0.00 / $100.00 (need $100.00 more)
2026-09-13 10:44:26,084 [INFO] Total earnings tracked: $0.00
2026-09-13 10:44:26,084 [INFO] Goal: $10,000
2026-09-13 10:44:26,084 [INFO] Progress: 0.0%
2026-09-13 10:44:26,084 [INFO] ============================================================
2026-09-13 10:44:26,084 [INFO] SWARM RUN COMPLETE
2026-09-13 10:44:26,084 [INFO] ============================================================
2026-09-13 10:44:26,084 [INFO] Finished at: 2026-09-13T10:44:26.084672
2026-09-13 15:12:52,191 [INFO] ============================================================
2026-09-13 15:12:52,191 [INFO] AUTONOMOUS EARNINGS SWARM - STARTING
2026-09-13 15:12:52,191 [INFO] ============================================================
2026-09-13 15:12:52,191 [INFO] Started at: 2026-09-13T15:12:52.191924
2026-09-13 15:12:52,191 [INFO] ============================================================
2026-09-13 15:12:52,192 [INFO] AGENT 1: RESEARCH & IDEATION
2026-09-13 15:12:52,192 [INFO] ============================================================
2026-09-13 15:12:52,192 [INFO] Scanning GitHub trending repos...
2026-09-13 15:12:53,900 [INFO] Found 30 trending GitHub projects
2026-09-13 15:12:53,901 [INFO] Searching for trending topics...
2026-09-13 15:12:53,901 [INFO] Web trends found: 3
2026-09-13 15:12:53,901 [INFO] Found 3 web trends
2026-09-13 15:12:53,903 [INFO] Total ideas generated: 33
2026-09-13 15:12:53,903 [INFO] Backlog saved to data/backlog.json
2026-09-13 15:12:53,903 [INFO] ============================================================
2026-09-13 15:12:53,903 [INFO] AGENT 2: CONTENT PRODUCTION
2026-09-13 15:12:53,903 [INFO] ============================================================
2026-09-13 15:12:53,903 [INFO] Processing idea: openclaw
2026-09-13 15:12:53,904 [ERROR] Content production failed for {'type': 'github_repo', 'category': 'automation_ai', 'name': 'openclaw', 'full_name': 'openclaw/openclaw', 'url': 'https://github.com/openclaw/openclaw', 'description': 'The AI that really does things. Any OS. Any Platform. The lobster way. 🦞 ', 'stars': 389582, 'language': 'TypeScript', 'created_at': '2025-11-24T10:16:47Z', 'profit_potential': {'score': 6, 'reasons': ['High stars (389582)', 'Solves concrete problem', 'Actively maintained'], 'verdict': 'HIGH'}, 'product_idea': [{'type': 'template', 'title': 'openclaw - Production-Ready Template', 'description': 'A polished, documented, production-ready version of openclaw with best practices, tests, and deployment config included.', 'price_suggestion': '$29-99', 'platform': 'Gumroad', 'effort_estimate': '4-8 hours'}, {'type': 'tutorial', 'title': 'How to Build openclaw: Complete Guide', 'description': 'A step-by-step video course or ebook teaching how to use and extend openclaw for real-world projects.', 'price_suggestion': '$19-49', 'platform': 'Gumroad + YouTube', 'effort_estimate': '6-12 hours'}], 'content_idea': [{'type': 'video', 'title': 'This openclaw Project is INSANE (GitHub Trending)', 'description': "Showcasing openclaw - The AI that really does things. Any OS. Any Platform. The lobster way. 🦞 . This project has 389582 stars and is trending on GitHub. Let me show you why it's worth your attention.", 'format': 'showcase/review', 'duration_estimate': '5-8 minutes', 'monetization': ['adsense', 'affiliate']}, {'type': 'video', 'title': 'Build a Business with openclaw (Step by Step)', 'description': 'How to use openclaw to build something profitable. Complete walkthrough from setup to deployment.', 'format': 'tutorial', 'duration_estimate': '10-15 minutes', 'monetization': ['adsense', 'digital_product']}], 'timestamp': '2026-09-13T15:12:52.875787'}: 'AgentSwarm' object has no attribute '_generate_video'
2026-09-13 15:12:53,904 [INFO] Processing idea: superpowers
2026-09-13 15:12:53,904 [ERROR] Content production failed for {'type': 'github_repo', 'category': 'automation_ai', 'name': 'superpowers', 'full_name': 'obra/superpowers', 'url': 'https://github.com/obra/superpowers', 'description': 'An agentic skills framework & software development methodology that works.', 'stars': 286065, 'language': 'Shell', 'created_at': '2025-10-09T19:45:18Z', 'profit_potential': {'score': 4, 'reasons': ['High stars (286065)', 'Actively maintained'], 'verdict': 'MEDIUM'}, 'product_idea': [{'type': 'template', 'title': 'superpowers - Production-Ready Template', 'description': 'A polished, documented, production-ready version of superpowers with best practices, tests, and deployment config included.', 'price_suggestion': '$29-99', 'platform': 'Gumroad', 'effort_estimate': '4-8 hours'}, {'type': 'tutorial', 'title': 'How to Build superpowers: Complete Guide', 'description': 'A step-by-step video course or ebook teaching how to use and extend superpowers for real-world projects.', 'price_suggestion': '$19-49', 'platform': 'Gumroad + YouTube', 'effort_estimate': '6-12 hours'}], 'content_idea': [{'type': 'video', 'title': 'This superpowers Project is INSANE (GitHub Trending)', 'description': "Showcasing superpowers - An agentic skills framework & software development methodology that works.. This project has 286065 stars and is trending on GitHub. Let me show you why it's worth your attention.", 'format': 'showcase/review', 'duration_estimate': '5-8 minutes', 'monetization': ['adsense', 'affiliate']}, {'type': 'video', 'title': 'Build a Business with superpowers (Step by Step)', 'description': 'How to use superpowers to build something profitable. Complete walkthrough from setup to deployment.', 'format': 'tutorial', 'duration_estimate': '10-15 minutes', 'monetization': ['adsense', 'digital_product']}], 'timestamp': '2026-09-13T15:12:52.875810'}: 'AgentSwarm' object has no attribute '_generate_video'
2026-09-13 15:12:53,904 [INFO] Processing idea: hermes-agent
2026-09-13 15:12:53,904 [ERROR] Content production failed for {'type': 'github_repo', 'category': 'automation_ai', 'name': 'hermes-agent', 'full_name': 'NousResearch/hermes-agent', 'url': 'https://github.com/NousResearch/hermes-agent', 'description': 'The agent that grows with you', 'stars': 245073, 'language': 'Python', 'created_at': '2025-07-22T22:22:28Z', 'profit_potential': {'score': 4, 'reasons': ['High stars (245073)', 'Actively maintained'], 'verdict': 'MEDIUM'}, 'product_idea': [{'type': 'template', 'title': 'hermes-agent - Production-Ready Template', 'description': 'A polished, documented, production-ready version of hermes-agent with best practices, tests, and deployment config included.', 'price_suggestion': '$29-99', 'platform': 'Gumroad', 'effort_estimate': '4-8 hours'}, {'type': 'tutorial', 'title': 'How to Build hermes-agent: Complete Guide', 'description': 'A step-by-step video course or ebook teaching how to use and extend hermes-agent for real-world projects.', 'price_suggestion': '$19-49', 'platform': 'Gumroad + YouTube', 'effort_estimate': '6-12 hours'}], 'content_idea': [{'type': 'video', 'title': 'This hermes-agent Project is INSANE (GitHub Trending)', 'description': "Showcasing hermes-agent - The agent that grows with you. This project has 245073 stars and is trending on GitHub. Let me show you why it's worth your attention.", 'format': 'showcase/review', 'duration_estimate': '5-8 minutes', 'monetization': ['adsense', 'affiliate']}, {'type': 'video', 'title': 'Build a Business with hermes-agent (Step by Step)', 'description': 'How to use hermes-agent to build something profitable. Complete walkthrough from setup to deployment.', 'format': 'tutorial', 'duration_estimate': '10-15 minutes', 'monetization': ['adsense', 'digital_product']}], 'timestamp': '2026-09-13T15:12:52.875821'}: 'AgentSwarm' object has no attribute '_generate_video'
2026-09-13 15:12:53,904 [INFO] Total productions: 0
2026-09-13 15:12:53,904 [INFO] ============================================================
2026-09-13 15:12:53,904 [INFO] AGENT 4: PRODUCT CREATION
2026-09-13 15:12:53,904 [INFO] ============================================================
2026-09-13 15:12:53,904 [INFO] Creating product from: openclaw
2026-09-13 15:12:53,904 [INFO]   Product: openclaw - Production-Ready Template
2026-09-13 15:12:53,905 [INFO]   Platform: Gumroad
2026-09-13 15:12:53,905 [INFO] Creating product from: superpowers
2026-09-13 15:12:53,905 [INFO]   Product: superpowers - Production-Ready Template
2026-09-13 15:12:53,905 [INFO]   Platform: Gumroad
2026-09-13 15:12:53,905 [INFO] Created 2 products
2026-09-13 15:12:53,905 [INFO] ============================================================
2026-09-13 15:12:53,905 [INFO] AGENT 3: PUBLISHING
2026-09-13 15:12:53,905 [INFO] ============================================================
2026-09-13 15:12:53,905 [INFO] Published 0 pieces
2026-09-13 15:12:53,905 [INFO] ============================================================
2026-09-13 15:12:53,906 [INFO] AGENT 5: FINANCE TRACKING
2026-09-13 15:12:53,906 [INFO] ============================================================
2026-09-13 15:12:53,906 [INFO] Tracking revenue across platforms...
2026-09-13 15:12:53,906 [INFO]   YouTube AdSense: $0.00 (0 views)
2026-09-13 15:12:53,906 [INFO]   Gumroad Sales: $0.00 (0 sales)
2026-09-13 15:12:53,906 [INFO]   Affiliate: $0.00 (0 conversions)
2026-09-13 15:12:53,906 [INFO] Threshold check: $0.00 / $100.00 (need $100.00 more)
2026-09-13 15:12:53,906 [INFO] Total earnings tracked: $0.00
2026-09-13 15:12:53,906 [INFO] Goal: $10,000
2026-09-13 15:12:53,906 [INFO] Progress: 0.0%
2026-09-13 15:12:53,906 [INFO] ============================================================
2026-09-13 15:12:53,906 [INFO] SWARM RUN COMPLETE
2026-09-13 15:12:53,906 [INFO] ============================================================
2026-09-13 15:12:53,906 [INFO] Finished at: 2026-09-13T15:12:53.906988
2026-09-13 19:57:38,743 [INFO] ============================================================
2026-09-13 19:57:38,743 [INFO] AUTONOMOUS EARNINGS SWARM - STARTING
2026-09-13 19:57:38,743 [INFO] ============================================================
2026-09-13 19:57:38,743 [INFO] Started at: 2026-09-13T19:57:38.743655
2026-09-13 19:57:38,743 [INFO] ============================================================
2026-09-13 19:57:38,743 [INFO] AGENT 1: RESEARCH & IDEATION
2026-09-13 19:57:38,743 [INFO] ============================================================
2026-09-13 19:57:38,743 [INFO] Scanning GitHub trending repos...
2026-09-13 19:57:40,453 [INFO] Found 30 trending GitHub projects
2026-09-13 19:57:40,454 [INFO] Searching for trending topics...
2026-09-13 19:57:40,454 [INFO] Web trends found: 3
2026-09-13 19:57:40,454 [INFO] Found 3 web trends
2026-09-13 19:57:40,455 [INFO] Total ideas generated: 33
2026-09-13 19:57:40,455 [INFO] Backlog saved to data/backlog.json
2026-09-13 19:57:40,455 [INFO] ============================================================
2026-09-13 19:57:40,455 [INFO] AGENT 2: CONTENT PRODUCTION
2026-09-13 19:57:40,455 [INFO] ============================================================
2026-09-13 19:57:40,455 [INFO] Processing idea: openclaw
2026-09-13 19:57:40,456 [ERROR] Content production failed for {'type': 'github_repo', 'category': 'automation_ai', 'name': 'openclaw', 'full_name': 'openclaw/openclaw', 'url': 'https://github.com/openclaw/openclaw', 'description': 'The AI that really does things. Any OS. Any Platform. The lobster way. 🦞 ', 'stars': 389613, 'language': 'TypeScript', 'created_at': '2025-11-24T10:16:47Z', 'profit_potential': {'score': 6, 'reasons': ['High stars (389613)', 'Solves concrete problem', 'Actively maintained'], 'verdict': 'HIGH'}, 'product_idea': [{'type': 'template', 'title': 'openclaw - Production-Ready Template', 'description': 'A polished, documented, production-ready version of openclaw with best practices, tests, and deployment config included.', 'price_suggestion': '$29-99', 'platform': 'Gumroad', 'effort_estimate': '4-8 hours'}, {'type': 'tutorial', 'title': 'How to Build openclaw: Complete Guide', 'description': 'A step-by-step video course or ebook teaching how to use and extend openclaw for real-world projects.', 'price_suggestion': '$19-49', 'platform': 'Gumroad + YouTube', 'effort_estimate': '6-12 hours'}], 'content_idea': [{'type': 'video', 'title': 'This openclaw Project is INSANE (GitHub Trending)', 'description': "Showcasing openclaw - The AI that really does things. Any OS. Any Platform. The lobster way. 🦞 . This project has 389613 stars and is trending on GitHub. Let me show you why it's worth your attention.", 'format': 'showcase/review', 'duration_estimate': '5-8 minutes', 'monetization': ['adsense', 'affiliate']}, {'type': 'video', 'title': 'Build a Business with openclaw (Step by Step)', 'description': 'How to use openclaw to build something profitable. Complete walkthrough from setup to deployment.', 'format': 'tutorial', 'duration_estimate': '10-15 minutes', 'monetization': ['adsense', 'digital_product']}], 'timestamp': '2026-09-13T19:57:39.518600'}: 'AgentSwarm' object has no attribute '_generate_video'
2026-09-13 19:57:40,456 [INFO] Processing idea: superpowers
2026-09-13 19:57:40,456 [ERROR] Content production failed for {'type': 'github_repo', 'category': 'automation_ai', 'name': 'superpowers', 'full_name': 'obra/superpowers', 'url': 'https://github.com/obra/superpowers', 'description': 'An agentic skills framework & software development methodology that works.', 'stars': 286132, 'language': 'Shell', 'created_at': '2025-10-09T19:45:18Z', 'profit_potential': {'score': 4, 'reasons': ['High stars (286132)', 'Actively maintained'], 'verdict': 'MEDIUM'}, 'product_idea': [{'type': 'template', 'title': 'superpowers - Production-Ready Template', 'description': 'A polished, documented, production-ready version of superpowers with best practices, tests, and deployment config included.', 'price_suggestion': '$29-99', 'platform': 'Gumroad', 'effort_estimate': '4-8 hours'}, {'type': 'tutorial', 'title': 'How to Build superpowers: Complete Guide', 'description': 'A step-by-step video course or ebook teaching how to use and extend superpowers for real-world projects.', 'price_suggestion': '$19-49', 'platform': 'Gumroad + YouTube', 'effort_estimate': '6-12 hours'}], 'content_idea': [{'type': 'video', 'title': 'This superpowers Project is INSANE (GitHub Trending)', 'description': "Showcasing superpowers - An agentic skills framework & software development methodology that works.. This project has 286132 stars and is trending on GitHub. Let me show you why it's worth your attention.", 'format': 'showcase/review', 'duration_estimate': '5-8 minutes', 'monetization': ['adsense', 'affiliate']}, {'type': 'video', 'title': 'Build a Business with superpowers (Step by Step)', 'description': 'How to use superpowers to build something profitable. Complete walkthrough from setup to deployment.', 'format': 'tutorial', 'duration_estimate': '10-15 minutes', 'monetization': ['adsense', 'digital_product']}], 'timestamp': '2026-09-13T19:57:39.518618'}: 'AgentSwarm' object has no attribute '_generate_video'
2026-09-13 19:57:40,456 [INFO] Processing idea: hermes-agent
2026-09-13 19:57:40,456 [ERROR] Content production failed for {'type': 'github_repo', 'category': 'automation_ai', 'name': 'hermes-agent', 'full_name': 'NousResearch/hermes-agent', 'url': 'https://github.com/NousResearch/hermes-agent', 'description': 'The agent that grows with you', 'stars': 245129, 'language': 'Python', 'created_at': '2025-07-22T22:22:28Z', 'profit_potential': {'score': 4, 'reasons': ['High stars (245129)', 'Actively maintained'], 'verdict': 'MEDIUM'}, 'product_idea': [{'type': 'template', 'title': 'hermes-agent - Production-Ready Template', 'description': 'A polished, documented, production-ready version of hermes-agent with best practices, tests, and deployment config included.', 'price_suggestion': '$29-99', 'platform': 'Gumroad', 'effort_estimate': '4-8 hours'}, {'type': 'tutorial', 'title': 'How to Build hermes-agent: Complete Guide', 'description': 'A step-by-step video course or ebook teaching how to use and extend hermes-agent for real-world projects.', 'price_suggestion': '$19-49', 'platform': 'Gumroad + YouTube', 'effort_estimate': '6-12 hours'}], 'content_idea': [{'type': 'video', 'title': 'This hermes-agent Project is INSANE (GitHub Trending)', 'description': "Showcasing hermes-agent - The agent that grows with you. This project has 245129 stars and is trending on GitHub. Let me show you why it's worth your attention.", 'format': 'showcase/review', 'duration_estimate': '5-8 minutes', 'monetization': ['adsense', 'affiliate']}, {'type': 'video', 'title': 'Build a Business with hermes-agent (Step by Step)', 'description': 'How to use hermes-agent to build something profitable. Complete walkthrough from setup to deployment.', 'format': 'tutorial', 'duration_estimate': '10-15 minutes', 'monetization': ['adsense', 'digital_product']}], 'timestamp': '2026-09-13T19:57:39.518626'}: 'AgentSwarm' object has no attribute '_generate_video'
2026-09-13 19:57:40,456 [INFO] Total productions: 0
2026-09-13 19:57:40,456 [INFO] ============================================================
2026-09-13 19:57:40,456 [INFO] AGENT 4: PRODUCT CREATION
2026-09-13 19:57:40,456 [INFO] ============================================================
2026-09-13 19:57:40,456 [INFO] Creating product from: openclaw
2026-09-13 19:57:40,456 [INFO]   Product: openclaw - Production-Ready Template
2026-09-13 19:57:40,456 [INFO]   Platform: Gumroad
2026-09-13 19:57:40,456 [INFO] Creating product from: superpowers
2026-09-13 19:57:40,457 [INFO]   Product: superpowers - Production-Ready Template
2026-09-13 19:57:40,457 [INFO]   Platform: Gumroad
2026-09-13 19:57:40,457 [INFO] Created 2 products
2026-09-13 19:57:40,457 [INFO] ============================================================
2026-09-13 19:57:40,457 [INFO] AGENT 3: PUBLISHING
2026-09-13 19:57:40,457 [INFO] ============================================================
2026-09-13 19:57:40,457 [INFO] Published 0 pieces
2026-09-13 19:57:40,457 [INFO] ============================================================
2026-09-13 19:57:40,457 [INFO] AGENT 5: FINANCE TRACKING
2026-09-13 19:57:40,457 [INFO] ============================================================
2026-09-13 19:57:40,457 [INFO] Tracking revenue across platforms...
2026-09-13 19:57:40,457 [INFO]   YouTube AdSense: $0.00 (0 views)
2026-09-13 19:57:40,457 [INFO]   Gumroad Sales: $0.00 (0 sales)
2026-09-13 19:57:40,457 [INFO]   Affiliate: $0.00 (0 conversions)
2026-09-13 19:57:40,457 [INFO] Threshold check: $0.00 / $100.00 (need $100.00 more)
2026-09-13 19:57:40,457 [INFO] Total earnings tracked: $0.00
2026-09-13 19:57:40,457 [INFO] Goal: $10,000
2026-09-13 19:57:40,457 [INFO] Progress: 0.0%
2026-09-13 19:57:40,458 [INFO] ============================================================
2026-09-13 19:57:40,458 [INFO] SWARM RUN COMPLETE
2026-09-13 19:57:40,458 [INFO] ============================================================
2026-09-13 19:57:40,458 [INFO] Finished at: 2026-09-13T19:57:40.458116
2026-09-14 02:05:11,611 [INFO] ============================================================
2026-09-14 02:05:11,611 [INFO] AUTONOMOUS EARNINGS SWARM - STARTING
2026-09-14 02:05:11,611 [INFO] ============================================================
2026-09-14 02:05:11,611 [INFO] Started at: 2026-09-14T02:05:11.611656
2026-09-14 02:05:11,611 [INFO] ============================================================
2026-09-14 02:05:11,611 [INFO] AGENT 1: RESEARCH & IDEATION
2026-09-14 02:05:11,611 [INFO] ============================================================
2026-09-14 02:05:11,611 [INFO] Scanning GitHub trending repos...
2026-09-14 02:05:12,185 [INFO] Found 0 trending GitHub projects
2026-09-14 02:05:12,185 [INFO] Searching for trending topics...
2026-09-14 02:05:12,185 [INFO] Web trends found: 3
2026-09-14 02:05:12,185 [INFO] Found 3 web trends
2026-09-14 02:05:12,185 [INFO] Total ideas generated: 3
2026-09-14 02:05:12,185 [INFO] Backlog saved to data/backlog.json
2026-09-14 02:05:12,185 [INFO] ============================================================
2026-09-14 02:05:12,185 [INFO] AGENT 2: CONTENT PRODUCTION
2026-09-14 02:05:12,185 [INFO] ============================================================
2026-09-14 02:05:12,185 [INFO] Processing idea: AI agents for automation
2026-09-14 02:05:12,185 [ERROR] Content production failed for {'type': 'web_trend', 'category': 'ai_agents', 'trend': 'AI agents for automation', 'search_volume': 'HIGH', 'profit_angle': "People want to build AI agents but don't know how - sell templates, courses, consultations", 'content_ideas': ['How to Build Your First AI Agent in 2024', '5 AI Agent Projects You Can Sell Today', 'AI Agent Framework Comparison 2024'], 'product_ideas': ['AI Agent Template Pack ($49)', 'AI Agent Starter Course ($99)', 'Custom AI Agent Building Service'], 'timestamp': '2026-09-14T02:05:12.185327'}: 'AgentSwarm' object has no attribute '_generate_video'
2026-09-14 02:05:12,185 [INFO] Processing idea: No-code automation tools
2026-09-14 02:05:12,186 [ERROR] Content production failed for {'type': 'web_trend', 'category': 'automation', 'trend': 'No-code automation tools', 'search_volume': 'HIGH', 'profit_angle': 'Business owners want to automate without coding - sell automation setups, templates, consulting', 'content_ideas': ['Automate Your Entire Business with No Code', '5 Automation Tools That Save 10 Hours/Week', 'Build an Automated Lead Generation System'], 'product_ideas': ['Automation Template Library ($29/month)', 'Business Automation Audit ($99 one-time)', 'Pre-built Automation Workflows'], 'timestamp': '2026-09-14T02:05:12.185336'}: 'AgentSwarm' object has no attribute '_generate_video'
2026-09-14 02:05:12,186 [INFO] Processing idea: Developer productivity tools
2026-09-14 02:05:12,186 [ERROR] Content production failed for {'type': 'web_trend', 'category': 'developer_tools', 'trend': 'Developer productivity tools', 'search_volume': 'MEDIUM', 'profit_angle': 'Developers spend money on tools that make them faster - sell IDE extensions, CLI tools, boilerplates', 'content_ideas': ['Tools That Make Me 10x Faster as a Developer', 'My Entire Developer Setup 2024', 'Build Your Own Developer Tools (and Sell Them)'], 'product_ideas': ['Developer Boilerplate Bundle ($79)', 'CLI Tool Collection ($29)', 'IDE Extension Template'], 'timestamp': '2026-09-14T02:05:12.185337'}: 'AgentSwarm' object has no attribute '_generate_video'
2026-09-14 02:05:12,186 [INFO] Total productions: 0
2026-09-14 02:05:12,186 [INFO] ============================================================
2026-09-14 02:05:12,186 [INFO] AGENT 4: PRODUCT CREATION
2026-09-14 02:05:12,186 [INFO] ============================================================
2026-09-14 02:05:12,186 [INFO] Creating product from: AI agents for automation
2026-09-14 02:05:12,186 [INFO]   Product: The Complete Guide to AI agents for automation
2026-09-14 02:05:12,186 [INFO]   Platform: Gumroad
2026-09-14 02:05:12,186 [INFO] Creating product from: No-code automation tools
2026-09-14 02:05:12,186 [INFO]   Product: The Complete Guide to No-code automation tools
2026-09-14 02:05:12,186 [INFO]   Platform: Gumroad
2026-09-14 02:05:12,186 [INFO] Created 2 products
2026-09-14 02:05:12,187 [INFO] ============================================================
2026-09-14 02:05:12,187 [INFO] AGENT 3: PUBLISHING
2026-09-14 02:05:12,187 [INFO] ============================================================
2026-09-14 02:05:12,187 [INFO] Published 0 pieces
2026-09-14 02:05:12,187 [INFO] ============================================================
2026-09-14 02:05:12,187 [INFO] AGENT 5: FINANCE TRACKING
2026-09-14 02:05:12,187 [INFO] ============================================================
2026-09-14 02:05:12,187 [INFO] Tracking revenue across platforms...
2026-09-14 02:05:12,187 [INFO]   YouTube AdSense: $0.00 (0 views)
2026-09-14 02:05:12,187 [INFO]   Gumroad Sales: $0.00 (0 sales)
2026-09-14 02:05:12,187 [INFO]   Affiliate: $0.00 (0 conversions)
2026-09-14 02:05:12,187 [INFO] Threshold check: $0.00 / $100.00 (need $100.00 more)
2026-09-14 02:05:12,187 [INFO] Total earnings tracked: $0.00
2026-09-14 02:05:12,187 [INFO] Goal: $10,000
2026-09-14 02:05:12,187 [INFO] Progress: 0.0%
2026-09-14 02:05:12,187 [INFO] ============================================================
2026-09-14 02:05:12,188 [INFO] SWARM RUN COMPLETE
2026-09-14 02:05:12,188 [INFO] ============================================================
2026-09-14 02:05:12,188 [INFO] Finished at: 2026-09-14T02:05:12.188049
2026-09-14 11:08:06,099 [INFO] ============================================================
2026-09-14 11:08:06,099 [INFO] AUTONOMOUS EARNINGS SWARM - STARTING
2026-09-14 11:08:06,099 [INFO] ============================================================
2026-09-14 11:08:06,100 [INFO] Started at: 2026-09-14T11:08:06.100038
2026-09-14 11:08:06,100 [INFO] ============================================================
2026-09-14 11:08:06,100 [INFO] AGENT 1: RESEARCH & IDEATION
2026-09-14 11:08:06,100 [INFO] ============================================================
2026-09-14 11:08:06,100 [INFO] Scanning GitHub trending repos...
2026-09-14 11:08:07,426 [INFO] Found 30 trending GitHub projects
2026-09-14 11:08:07,427 [INFO] Searching for trending topics...
2026-09-14 11:08:07,427 [INFO] Web trends found: 3
2026-09-14 11:08:07,427 [INFO] Found 3 web trends
2026-09-14 11:08:07,429 [INFO] Total ideas generated: 33
2026-09-14 11:08:07,429 [INFO] Backlog saved to data/backlog.json
2026-09-14 11:08:07,429 [INFO] ============================================================
2026-09-14 11:08:07,429 [INFO] AGENT 2: CONTENT PRODUCTION
2026-09-14 11:08:07,430 [INFO] ============================================================
2026-09-14 11:08:07,430 [INFO] Processing idea: openclaw
2026-09-14 11:08:07,430 [ERROR] Content production failed for {'type': 'github_repo', 'category': 'automation_ai', 'name': 'openclaw', 'full_name': 'openclaw/openclaw', 'url': 'https://github.com/openclaw/openclaw', 'description': 'The AI that really does things. Any OS. Any Platform. The lobster way. 🦞 ', 'stars': 389652, 'language': 'TypeScript', 'created_at': '2025-11-24T10:16:47Z', 'profit_potential': {'score': 6, 'reasons': ['High stars (389652)', 'Solves concrete problem', 'Actively maintained'], 'verdict': 'HIGH'}, 'product_idea': [{'type': 'template', 'title': 'openclaw - Production-Ready Template', 'description': 'A polished, documented, production-ready version of openclaw with best practices, tests, and deployment config included.', 'price_suggestion': '$29-99', 'platform': 'Gumroad', 'effort_estimate': '4-8 hours'}, {'type': 'tutorial', 'title': 'How to Build openclaw: Complete Guide', 'description': 'A step-by-step video course or ebook teaching how to use and extend openclaw for real-world projects.', 'price_suggestion': '$19-49', 'platform': 'Gumroad + YouTube', 'effort_estimate': '6-12 hours'}], 'content_idea': [{'type': 'video', 'title': 'This openclaw Project is INSANE (GitHub Trending)', 'description': "Showcasing openclaw - The AI that really does things. Any OS. Any Platform. The lobster way. 🦞 . This project has 389652 stars and is trending on GitHub. Let me show you why it's worth your attention.", 'format': 'showcase/review', 'duration_estimate': '5-8 minutes', 'monetization': ['adsense', 'affiliate']}, {'type': 'video', 'title': 'Build a Business with openclaw (Step by Step)', 'description': 'How to use openclaw to build something profitable. Complete walkthrough from setup to deployment.', 'format': 'tutorial', 'duration_estimate': '10-15 minutes', 'monetization': ['adsense', 'digital_product']}], 'timestamp': '2026-09-14T11:08:06.597805'}: 'AgentSwarm' object has no attribute '_generate_video'
2026-09-14 11:08:07,430 [INFO] Processing idea: superpowers
2026-09-14 11:08:07,430 [ERROR] Content production failed for {'type': 'github_repo', 'category': 'automation_ai', 'name': 'superpowers', 'full_name': 'obra/superpowers', 'url': 'https://github.com/obra/superpowers', 'description': 'An agentic skills framework & software development methodology that works.', 'stars': 286448, 'language': 'Shell', 'created_at': '2025-10-09T19:45:18Z', 'profit_potential': {'score': 4, 'reasons': ['High stars (286448)', 'Actively maintained'], 'verdict': 'MEDIUM'}, 'product_idea': [{'type': 'template', 'title': 'superpowers - Production-Ready Template', 'description': 'A polished, documented, production-ready version of superpowers with best practices, tests, and deployment config included.', 'price_suggestion': '$29-99', 'platform': 'Gumroad', 'effort_estimate': '4-8 hours'}, {'type': 'tutorial', 'title': 'How to Build superpowers: Complete Guide', 'description': 'A step-by-step video course or ebook teaching how to use and extend superpowers for real-world projects.', 'price_suggestion': '$19-49', 'platform': 'Gumroad + YouTube', 'effort_estimate': '6-12 hours'}], 'content_idea': [{'type': 'video', 'title': 'This superpowers Project is INSANE (GitHub Trending)', 'description': "Showcasing superpowers - An agentic skills framework & software development methodology that works.. This project has 286448 stars and is trending on GitHub. Let me show you why it's worth your attention.", 'format': 'showcase/review', 'duration_estimate': '5-8 minutes', 'monetization': ['adsense', 'affiliate']}, {'type': 'video', 'title': 'Build a Business with superpowers (Step by Step)', 'description': 'How to use superpowers to build something profitable. Complete walkthrough from setup to deployment.', 'format': 'tutorial', 'duration_estimate': '10-15 minutes', 'monetization': ['adsense', 'digital_product']}], 'timestamp': '2026-09-14T11:08:06.597853'}: 'AgentSwarm' object has no attribute '_generate_video'
2026-09-14 11:08:07,430 [INFO] Processing idea: hermes-agent
2026-09-14 11:08:07,430 [ERROR] Content production failed for {'type': 'github_repo', 'category': 'automation_ai', 'name': 'hermes-agent', 'full_name': 'NousResearch/hermes-agent', 'url': 'https://github.com/NousResearch/hermes-agent', 'description': 'The agent that grows with you', 'stars': 245317, 'language': 'Python', 'created_at': '2025-07-22T22:22:28Z', 'profit_potential': {'score': 4, 'reasons': ['High stars (245317)', 'Actively maintained'], 'verdict': 'MEDIUM'}, 'product_idea': [{'type': 'template', 'title': 'hermes-agent - Production-Ready Template', 'description': 'A polished, documented, production-ready version of hermes-agent with best practices, tests, and deployment config included.', 'price_suggestion': '$29-99', 'platform': 'Gumroad', 'effort_estimate': '4-8 hours'}, {'type': 'tutorial', 'title': 'How to Build hermes-agent: Complete Guide', 'description': 'A step-by-step video course or ebook teaching how to use and extend hermes-agent for real-world projects.', 'price_suggestion': '$19-49', 'platform': 'Gumroad + YouTube', 'effort_estimate': '6-12 hours'}], 'content_idea': [{'type': 'video', 'title': 'This hermes-agent Project is INSANE (GitHub Trending)', 'description': "Showcasing hermes-agent - The agent that grows with you. This project has 245317 stars and is trending on GitHub. Let me show you why it's worth your attention.", 'format': 'showcase/review', 'duration_estimate': '5-8 minutes', 'monetization': ['adsense', 'affiliate']}, {'type': 'video', 'title': 'Build a Business with hermes-agent (Step by Step)', 'description': 'How to use hermes-agent to build something profitable. Complete walkthrough from setup to deployment.', 'format': 'tutorial', 'duration_estimate': '10-15 minutes', 'monetization': ['adsense', 'digital_product']}], 'timestamp': '2026-09-14T11:08:06.597864'}: 'AgentSwarm' object has no attribute '_generate_video'
2026-09-14 11:08:07,430 [INFO] Total productions: 0
2026-09-14 11:08:07,430 [INFO] ============================================================
2026-09-14 11:08:07,430 [INFO] AGENT 4: PRODUCT CREATION
2026-09-14 11:08:07,431 [INFO] ============================================================
2026-09-14 11:08:07,431 [INFO] Creating product from: openclaw
2026-09-14 11:08:07,431 [INFO]   Product: openclaw - Production-Ready Template
2026-09-14 11:08:07,431 [INFO]   Platform: Gumroad
2026-09-14 11:08:07,431 [INFO] Creating product from: superpowers
2026-09-14 11:08:07,431 [INFO]   Product: superpowers - Production-Ready Template
2026-09-14 11:08:07,431 [INFO]   Platform: Gumroad
2026-09-14 11:08:07,432 [INFO] Created 2 products
2026-09-14 11:08:07,432 [INFO] ============================================================
2026-09-14 11:08:07,432 [INFO] AGENT 3: PUBLISHING
2026-09-14 11:08:07,432 [INFO] ============================================================
2026-09-14 11:08:07,432 [INFO] Published 0 pieces
2026-09-14 11:08:07,432 [INFO] ============================================================
2026-09-14 11:08:07,432 [INFO] AGENT 5: FINANCE TRACKING
2026-09-14 11:08:07,432 [INFO] ============================================================
2026-09-14 11:08:07,432 [INFO] Tracking revenue across platforms...
2026-09-14 11:08:07,432 [INFO]   YouTube AdSense: $0.00 (0 views)
2026-09-14 11:08:07,432 [INFO]   Gumroad Sales: $0.00 (0 sales)
2026-09-14 11:08:07,432 [INFO]   Affiliate: $0.00 (0 conversions)
2026-09-14 11:08:07,433 [INFO] Threshold check: $0.00 / $100.00 (need $100.00 more)
2026-09-14 11:08:07,433 [INFO] Total earnings tracked: $0.00
2026-09-14 11:08:07,433 [INFO] Goal: $10,000
2026-09-14 11:08:07,433 [INFO] Progress: 0.0%
2026-09-14 11:08:07,433 [INFO] ============================================================
2026-09-14 11:08:07,433 [INFO] SWARM RUN COMPLETE
2026-09-14 11:08:07,433 [INFO] ============================================================
2026-09-14 11:08:07,433 [INFO] Finished at: 2026-09-14T11:08:07.433948
2026-09-14 17:10:09,661 [INFO] ============================================================
2026-09-14 17:10:09,661 [INFO] AUTONOMOUS EARNINGS SWARM - STARTING
2026-09-14 17:10:09,661 [INFO] ============================================================
2026-09-14 17:10:09,661 [INFO] Started at: 2026-09-14T17:10:09.661292
2026-09-14 17:10:09,661 [INFO] ============================================================
2026-09-14 17:10:09,661 [INFO] AGENT 1: RESEARCH & IDEATION
2026-09-14 17:10:09,661 [INFO] ============================================================
2026-09-14 17:10:09,661 [INFO] Scanning GitHub trending repos...
2026-09-14 17:10:11,390 [INFO] Found 30 trending GitHub projects
2026-09-14 17:10:11,390 [INFO] Searching for trending topics...
2026-09-14 17:10:11,390 [INFO] Web trends found: 3
2026-09-14 17:10:11,390 [INFO] Found 3 web trends
2026-09-14 17:10:11,392 [INFO] Total ideas generated: 33
2026-09-14 17:10:11,392 [INFO] Backlog saved to data/backlog.json
2026-09-14 17:10:11,392 [INFO] ============================================================
2026-09-14 17:10:11,392 [INFO] AGENT 2: CONTENT PRODUCTION
2026-09-14 17:10:11,392 [INFO] ============================================================
2026-09-14 17:10:11,392 [INFO] Processing idea: openclaw
2026-09-14 17:10:11,392 [ERROR] Content production failed for {'type': 'github_repo', 'category': 'automation_ai', 'name': 'openclaw', 'full_name': 'openclaw/openclaw', 'url': 'https://github.com/openclaw/openclaw', 'description': 'The AI that really does things. Any OS. Any Platform. The lobster way. 🦞 ', 'stars': 389667, 'language': 'TypeScript', 'created_at': '2025-11-24T10:16:47Z', 'profit_potential': {'score': 6, 'reasons': ['High stars (389667)', 'Solves concrete problem', 'Actively maintained'], 'verdict': 'HIGH'}, 'product_idea': [{'type': 'template', 'title': 'openclaw - Production-Ready Template', 'description': 'A polished, documented, production-ready version of openclaw with best practices, tests, and deployment config included.', 'price_suggestion': '$29-99', 'platform': 'Gumroad', 'effort_estimate': '4-8 hours'}, {'type': 'tutorial', 'title': 'How to Build openclaw: Complete Guide', 'description': 'A step-by-step video course or ebook teaching how to use and extend openclaw for real-world projects.', 'price_suggestion': '$19-49', 'platform': 'Gumroad + YouTube', 'effort_estimate': '6-12 hours'}], 'content_idea': [{'type': 'video', 'title': 'This openclaw Project is INSANE (GitHub Trending)', 'description': "Showcasing openclaw - The AI that really does things. Any OS. Any Platform. The lobster way. 🦞 . This project has 389667 stars and is trending on GitHub. Let me show you why it's worth your attention.", 'format': 'showcase/review', 'duration_estimate': '5-8 minutes', 'monetization': ['adsense', 'affiliate']}, {'type': 'video', 'title': 'Build a Business with openclaw (Step by Step)', 'description': 'How to use openclaw to build something profitable. Complete walkthrough from setup to deployment.', 'format': 'tutorial', 'duration_estimate': '10-15 minutes', 'monetization': ['adsense', 'digital_product']}], 'timestamp': '2026-09-14T17:10:10.343596'}: 'AgentSwarm' object has no attribute '_generate_video'
2026-09-14 17:10:11,392 [INFO] Processing idea: superpowers
2026-09-14 17:10:11,392 [ERROR] Content production failed for {'type': 'github_repo', 'category': 'automation_ai', 'name': 'superpowers', 'full_name': 'obra/superpowers', 'url': 'https://github.com/obra/superpowers', 'description': 'An agentic skills framework & software development methodology that works.', 'stars': 286575, 'language': 'Shell', 'created_at': '2025-10-09T19:45:18Z', 'profit_potential': {'score': 4, 'reasons': ['High stars (286575)', 'Actively maintained'], 'verdict': 'MEDIUM'}, 'product_idea': [{'type': 'template', 'title': 'superpowers - Production-Ready Template', 'description': 'A polished, documented, production-ready version of superpowers with best practices, tests, and deployment config included.', 'price_suggestion': '$29-99', 'platform': 'Gumroad', 'effort_estimate': '4-8 hours'}, {'type': 'tutorial', 'title': 'How to Build superpowers: Complete Guide', 'description': 'A step-by-step video course or ebook teaching how to use and extend superpowers for real-world projects.', 'price_suggestion': '$19-49', 'platform': 'Gumroad + YouTube', 'effort_estimate': '6-12 hours'}], 'content_idea': [{'type': 'video', 'title': 'This superpowers Project is INSANE (GitHub Trending)', 'description': "Showcasing superpowers - An agentic skills framework & software development methodology that works.. This project has 286575 stars and is trending on GitHub. Let me show you why it's worth your attention.", 'format': 'showcase/review', 'duration_estimate': '5-8 minutes', 'monetization': ['adsense', 'affiliate']}, {'type': 'video', 'title': 'Build a Business with superpowers (Step by Step)', 'description': 'How to use superpowers to build something profitable. Complete walkthrough from setup to deployment.', 'format': 'tutorial', 'duration_estimate': '10-15 minutes', 'monetization': ['adsense', 'digital_product']}], 'timestamp': '2026-09-14T17:10:10.343616'}: 'AgentSwarm' object has no attribute '_generate_video'
2026-09-14 17:10:11,392 [INFO] Processing idea: hermes-agent
2026-09-14 17:10:11,392 [ERROR] Content production failed for {'type': 'github_repo', 'category': 'automation_ai', 'name': 'hermes-agent', 'full_name': 'NousResearch/hermes-agent', 'url': 'https://github.com/NousResearch/hermes-agent', 'description': 'The agent that grows with you', 'stars': 245412, 'language': 'Python', 'created_at': '2025-07-22T22:22:28Z', 'profit_potential': {'score': 4, 'reasons': ['High stars (245412)', 'Actively maintained'], 'verdict': 'MEDIUM'}, 'product_idea': [{'type': 'template', 'title': 'hermes-agent - Production-Ready Template', 'description': 'A polished, documented, production-ready version of hermes-agent with best practices, tests, and deployment config included.', 'price_suggestion': '$29-99', 'platform': 'Gumroad', 'effort_estimate': '4-8 hours'}, {'type': 'tutorial', 'title': 'How to Build hermes-agent: Complete Guide', 'description': 'A step-by-step video course or ebook teaching how to use and extend hermes-agent for real-world projects.', 'price_suggestion': '$19-49', 'platform': 'Gumroad + YouTube', 'effort_estimate': '6-12 hours'}], 'content_idea': [{'type': 'video', 'title': 'This hermes-agent Project is INSANE (GitHub Trending)', 'description': "Showcasing hermes-agent - The agent that grows with you. This project has 245412 stars and is trending on GitHub. Let me show you why it's worth your attention.", 'format': 'showcase/review', 'duration_estimate': '5-8 minutes', 'monetization': ['adsense', 'affiliate']}, {'type': 'video', 'title': 'Build a Business with hermes-agent (Step by Step)', 'description': 'How to use hermes-agent to build something profitable. Complete walkthrough from setup to deployment.', 'format': 'tutorial', 'duration_estimate': '10-15 minutes', 'monetization': ['adsense', 'digital_product']}], 'timestamp': '2026-09-14T17:10:10.343623'}: 'AgentSwarm' object has no attribute '_generate_video'
2026-09-14 17:10:11,392 [INFO] Total productions: 0
2026-09-14 17:10:11,392 [INFO] ============================================================
2026-09-14 17:10:11,392 [INFO] AGENT 4: PRODUCT CREATION
2026-09-14 17:10:11,392 [INFO] ============================================================
2026-09-14 17:10:11,392 [INFO] Creating product from: openclaw
2026-09-14 17:10:11,393 [INFO]   Product: openclaw - Production-Ready Template
2026-09-14 17:10:11,393 [INFO]   Platform: Gumroad
2026-09-14 17:10:11,393 [INFO] Creating product from: superpowers
2026-09-14 17:10:11,393 [INFO]   Product: superpowers - Production-Ready Template
2026-09-14 17:10:11,393 [INFO]   Platform: Gumroad
2026-09-14 17:10:11,393 [INFO] Created 2 products
2026-09-14 17:10:11,393 [INFO] ============================================================
2026-09-14 17:10:11,393 [INFO] AGENT 3: PUBLISHING
2026-09-14 17:10:11,393 [INFO] ============================================================
2026-09-14 17:10:11,393 [INFO] Published 0 pieces
2026-09-14 17:10:11,393 [INFO] ============================================================
2026-09-14 17:10:11,393 [INFO] AGENT 5: FINANCE TRACKING
2026-09-14 17:10:11,394 [INFO] ============================================================
2026-09-14 17:10:11,394 [INFO] Tracking revenue across platforms...
2026-09-14 17:10:11,394 [INFO]   YouTube AdSense: $0.00 (0 views)
2026-09-14 17:10:11,394 [INFO]   Gumroad Sales: $0.00 (0 sales)
2026-09-14 17:10:11,394 [INFO]   Affiliate: $0.00 (0 conversions)
2026-09-14 17:10:11,394 [INFO] Threshold check: $0.00 / $100.00 (need $100.00 more)
2026-09-14 17:10:11,394 [INFO] Total earnings tracked: $0.00
2026-09-14 17:10:11,394 [INFO] Goal: $10,000
2026-09-14 17:10:11,394 [INFO] Progress: 0.0%
2026-09-14 17:10:11,394 [INFO] ============================================================
2026-09-14 17:10:11,394 [INFO] SWARM RUN COMPLETE
2026-09-14 17:10:11,394 [INFO] ============================================================
2026-09-14 17:10:11,394 [INFO] Finished at: 2026-09-14T17:10:11.394586
2026-09-14 21:08:09,090 [INFO] ============================================================
2026-09-14 21:08:09,091 [INFO] AUTONOMOUS EARNINGS SWARM - STARTING
2026-09-14 21:08:09,091 [INFO] ============================================================
2026-09-14 21:08:09,091 [INFO] Started at: 2026-09-14T21:08:09.091124
2026-09-14 21:08:09,091 [INFO] ============================================================
2026-09-14 21:08:09,091 [INFO] AGENT 1: RESEARCH & IDEATION
2026-09-14 21:08:09,091 [INFO] ============================================================
2026-09-14 21:08:09,091 [INFO] Scanning GitHub trending repos...
2026-09-14 21:08:11,240 [INFO] Found 30 trending GitHub projects
2026-09-14 21:08:11,240 [INFO] Searching for trending topics...
2026-09-14 21:08:11,240 [INFO] Web trends found: 3
2026-09-14 21:08:11,240 [INFO] Found 3 web trends
2026-09-14 21:08:11,242 [INFO] Total ideas generated: 33
2026-09-14 21:08:11,242 [INFO] Backlog saved to data/backlog.json
2026-09-14 21:08:11,242 [INFO] ============================================================
2026-09-14 21:08:11,242 [INFO] AGENT 2: CONTENT PRODUCTION
2026-09-14 21:08:11,242 [INFO] ============================================================
2026-09-14 21:08:11,242 [INFO] Processing idea: openclaw
2026-09-14 21:08:11,242 [ERROR] Content production failed for {'type': 'github_repo', 'category': 'automation_ai', 'name': 'openclaw', 'full_name': 'openclaw/openclaw', 'url': 'https://github.com/openclaw/openclaw', 'description': 'The AI that really does things. Any OS. Any Platform. The lobster way. 🦞 ', 'stars': 389687, 'language': 'TypeScript', 'created_at': '2025-11-24T10:16:47Z', 'profit_potential': {'score': 6, 'reasons': ['High stars (389687)', 'Solves concrete problem', 'Actively maintained'], 'verdict': 'HIGH'}, 'product_idea': [{'type': 'template', 'title': 'openclaw - Production-Ready Template', 'description': 'A polished, documented, production-ready version of openclaw with best practices, tests, and deployment config included.', 'price_suggestion': '$29-99', 'platform': 'Gumroad', 'effort_estimate': '4-8 hours'}, {'type': 'tutorial', 'title': 'How to Build openclaw: Complete Guide', 'description': 'A step-by-step video course or ebook teaching how to use and extend openclaw for real-world projects.', 'price_suggestion': '$19-49', 'platform': 'Gumroad + YouTube', 'effort_estimate': '6-12 hours'}], 'content_idea': [{'type': 'video', 'title': 'This openclaw Project is INSANE (GitHub Trending)', 'description': "Showcasing openclaw - The AI that really does things. Any OS. Any Platform. The lobster way. 🦞 . This project has 389687 stars and is trending on GitHub. Let me show you why it's worth your attention.", 'format': 'showcase/review', 'duration_estimate': '5-8 minutes', 'monetization': ['adsense', 'affiliate']}, {'type': 'video', 'title': 'Build a Business with openclaw (Step by Step)', 'description': 'How to use openclaw to build something profitable. Complete walkthrough from setup to deployment.', 'format': 'tutorial', 'duration_estimate': '10-15 minutes', 'monetization': ['adsense', 'digital_product']}], 'timestamp': '2026-09-14T21:08:10.156867'}: 'AgentSwarm' object has no attribute '_generate_video'
2026-09-14 21:08:11,242 [INFO] Processing idea: superpowers
2026-09-14 21:08:11,242 [ERROR] Content production failed for {'type': 'github_repo', 'category': 'automation_ai', 'name': 'superpowers', 'full_name': 'obra/superpowers', 'url': 'https://github.com/obra/superpowers', 'description': 'An agentic skills framework & software development methodology that works.', 'stars': 286639, 'language': 'Shell', 'created_at': '2025-10-09T19:45:18Z', 'profit_potential': {'score': 4, 'reasons': ['High stars (286639)', 'Actively maintained'], 'verdict': 'MEDIUM'}, 'product_idea': [{'type': 'template', 'title': 'superpowers - Production-Ready Template', 'description': 'A polished, documented, production-ready version of superpowers with best practices, tests, and deployment config included.', 'price_suggestion': '$29-99', 'platform': 'Gumroad', 'effort_estimate': '4-8 hours'}, {'type': 'tutorial', 'title': 'How to Build superpowers: Complete Guide', 'description': 'A step-by-step video course or ebook teaching how to use and extend superpowers for real-world projects.', 'price_suggestion': '$19-49', 'platform': 'Gumroad + YouTube', 'effort_estimate': '6-12 hours'}], 'content_idea': [{'type': 'video', 'title': 'This superpowers Project is INSANE (GitHub Trending)', 'description': "Showcasing superpowers - An agentic skills framework & software development methodology that works.. This project has 286639 stars and is trending on GitHub. Let me show you why it's worth your attention.", 'format': 'showcase/review', 'duration_estimate': '5-8 minutes', 'monetization': ['adsense', 'affiliate']}, {'type': 'video', 'title': 'Build a Business with superpowers (Step by Step)', 'description': 'How to use superpowers to build something profitable. Complete walkthrough from setup to deployment.', 'format': 'tutorial', 'duration_estimate': '10-15 minutes', 'monetization': ['adsense', 'digital_product']}], 'timestamp': '2026-09-14T21:08:10.156888'}: 'AgentSwarm' object has no attribute '_generate_video'
2026-09-14 21:08:11,242 [INFO] Processing idea: hermes-agent
2026-09-14 21:08:11,243 [ERROR] Content production failed for {'type': 'github_repo', 'category': 'automation_ai', 'name': 'hermes-agent', 'full_name': 'NousResearch/hermes-agent', 'url': 'https://github.com/NousResearch/hermes-agent', 'description': 'The agent that grows with you', 'stars': 245467, 'language': 'Python', 'created_at': '2025-07-22T22:22:28Z', 'profit_potential': {'score': 4, 'reasons': ['High stars (245467)', 'Actively maintained'], 'verdict': 'MEDIUM'}, 'product_idea': [{'type': 'template', 'title': 'hermes-agent - Production-Ready Template', 'description': 'A polished, documented, production-ready version of hermes-agent with best practices, tests, and deployment config included.', 'price_suggestion': '$29-99', 'platform': 'Gumroad', 'effort_estimate': '4-8 hours'}, {'type': 'tutorial', 'title': 'How to Build hermes-agent: Complete Guide', 'description': 'A step-by-step video course or ebook teaching how to use and extend hermes-agent for real-world projects.', 'price_suggestion': '$19-49', 'platform': 'Gumroad + YouTube', 'effort_estimate': '6-12 hours'}], 'content_idea': [{'type': 'video', 'title': 'This hermes-agent Project is INSANE (GitHub Trending)', 'description': "Showcasing hermes-agent - The agent that grows with you. This project has 245467 stars and is trending on GitHub. Let me show you why it's worth your attention.", 'format': 'showcase/review', 'duration_estimate': '5-8 minutes', 'monetization': ['adsense', 'affiliate']}, {'type': 'video', 'title': 'Build a Business with hermes-agent (Step by Step)', 'description': 'How to use hermes-agent to build something profitable. Complete walkthrough from setup to deployment.', 'format': 'tutorial', 'duration_estimate': '10-15 minutes', 'monetization': ['adsense', 'digital_product']}], 'timestamp': '2026-09-14T21:08:10.156898'}: 'AgentSwarm' object has no attribute '_generate_video'
2026-09-14 21:08:11,243 [INFO] Total productions: 0
2026-09-14 21:08:11,243 [INFO] ============================================================
2026-09-14 21:08:11,243 [INFO] AGENT 4: PRODUCT CREATION
2026-09-14 21:08:11,243 [INFO] ============================================================
2026-09-14 21:08:11,243 [INFO] Creating product from: openclaw
2026-09-14 21:08:11,243 [INFO]   Product: openclaw - Production-Ready Template
2026-09-14 21:08:11,243 [INFO]   Platform: Gumroad
2026-09-14 21:08:11,243 [INFO] Creating product from: superpowers
2026-09-14 21:08:11,243 [INFO]   Product: superpowers - Production-Ready Template
2026-09-14 21:08:11,243 [INFO]   Platform: Gumroad
2026-09-14 21:08:11,243 [INFO] Created 2 products
2026-09-14 21:08:11,244 [INFO] ============================================================
2026-09-14 21:08:11,244 [INFO] AGENT 3: PUBLISHING
2026-09-14 21:08:11,244 [INFO] ============================================================
2026-09-14 21:08:11,244 [INFO] Published 0 pieces
2026-09-14 21:08:11,244 [INFO] ============================================================
2026-09-14 21:08:11,244 [INFO] AGENT 5: FINANCE TRACKING
2026-09-14 21:08:11,244 [INFO] ============================================================
2026-09-14 21:08:11,244 [INFO] Tracking revenue across platforms...
2026-09-14 21:08:11,244 [INFO]   YouTube AdSense: $0.00 (0 views)
2026-09-14 21:08:11,244 [INFO]   Gumroad Sales: $0.00 (0 sales)
2026-09-14 21:08:11,244 [INFO]   Affiliate: $0.00 (0 conversions)
2026-09-14 21:08:11,244 [INFO] Threshold check: $0.00 / $100.00 (need $100.00 more)
2026-09-14 21:08:11,244 [INFO] Total earnings tracked: $0.00
2026-09-14 21:08:11,244 [INFO] Goal: $10,000
2026-09-14 21:08:11,244 [INFO] Progress: 0.0%
2026-09-14 21:08:11,244 [INFO] ============================================================
2026-09-14 21:08:11,244 [INFO] SWARM RUN COMPLETE
2026-09-14 21:08:11,244 [INFO] ============================================================
2026-09-14 21:08:11,244 [INFO] Finished at: 2026-09-14T21:08:11.244729
2026-09-15 02:12:43,602 [INFO] ============================================================
2026-09-15 02:12:43,602 [INFO] AUTONOMOUS EARNINGS SWARM - STARTING
2026-09-15 02:12:43,602 [INFO] ============================================================
2026-09-15 02:12:43,602 [INFO] Started at: 2026-09-15T02:12:43.602477
2026-09-15 02:12:43,602 [INFO] ============================================================
2026-09-15 02:12:43,602 [INFO] AGENT 1: RESEARCH & IDEATION
2026-09-15 02:12:43,602 [INFO] ============================================================
2026-09-15 02:12:43,602 [INFO] Scanning GitHub trending repos...
2026-09-15 02:12:44,894 [INFO] Found 30 trending GitHub projects
2026-09-15 02:12:44,894 [INFO] Searching for trending topics...
2026-09-15 02:12:44,894 [INFO] Web trends found: 3
2026-09-15 02:12:44,894 [INFO] Found 3 web trends
2026-09-15 02:12:44,896 [INFO] Total ideas generated: 33
2026-09-15 02:12:44,896 [INFO] Backlog saved to data/backlog.json
2026-09-15 02:12:44,896 [INFO] ============================================================
2026-09-15 02:12:44,896 [INFO] AGENT 2: CONTENT PRODUCTION
2026-09-15 02:12:44,896 [INFO] ============================================================
2026-09-15 02:12:44,896 [INFO] Processing idea: openclaw
2026-09-15 02:12:44,896 [ERROR] Content production failed for {'type': 'github_repo', 'category': 'automation_ai', 'name': 'openclaw', 'full_name': 'openclaw/openclaw', 'url': 'https://github.com/openclaw/openclaw', 'description': 'The AI that really does things. Any OS. Any Platform. The lobster way. 🦞 ', 'stars': 389711, 'language': 'TypeScript', 'created_at': '2025-11-24T10:16:47Z', 'profit_potential': {'score': 6, 'reasons': ['High stars (389711)', 'Solves concrete problem', 'Actively maintained'], 'verdict': 'HIGH'}, 'product_idea': [{'type': 'template', 'title': 'openclaw - Production-Ready Template', 'description': 'A polished, documented, production-ready version of openclaw with best practices, tests, and deployment config included.', 'price_suggestion': '$29-99', 'platform': 'Gumroad', 'effort_estimate': '4-8 hours'}, {'type': 'tutorial', 'title': 'How to Build openclaw: Complete Guide', 'description': 'A step-by-step video course or ebook teaching how to use and extend openclaw for real-world projects.', 'price_suggestion': '$19-49', 'platform': 'Gumroad + YouTube', 'effort_estimate': '6-12 hours'}], 'content_idea': [{'type': 'video', 'title': 'This openclaw Project is INSANE (GitHub Trending)', 'description': "Showcasing openclaw - The AI that really does things. Any OS. Any Platform. The lobster way. 🦞 . This project has 389711 stars and is trending on GitHub. Let me show you why it's worth your attention.", 'format': 'showcase/review', 'duration_estimate': '5-8 minutes', 'monetization': ['adsense', 'affiliate']}, {'type': 'video', 'title': 'Build a Business with openclaw (Step by Step)', 'description': 'How to use openclaw to build something profitable. Complete walkthrough from setup to deployment.', 'format': 'tutorial', 'duration_estimate': '10-15 minutes', 'monetization': ['adsense', 'digital_product']}], 'timestamp': '2026-09-15T02:12:44.039641'}: 'AgentSwarm' object has no attribute '_generate_video'
2026-09-15 02:12:44,896 [INFO] Processing idea: superpowers
2026-09-15 02:12:44,896 [ERROR] Content production failed for {'type': 'github_repo', 'category': 'automation_ai', 'name': 'superpowers', 'full_name': 'obra/superpowers', 'url': 'https://github.com/obra/superpowers', 'description': 'An agentic skills framework & software development methodology that works.', 'stars': 286715, 'language': 'Shell', 'created_at': '2025-10-09T19:45:18Z', 'profit_potential': {'score': 4, 'reasons': ['High stars (286715)', 'Actively maintained'], 'verdict': 'MEDIUM'}, 'product_idea': [{'type': 'template', 'title': 'superpowers - Production-Ready Template', 'description': 'A polished, documented, production-ready version of superpowers with best practices, tests, and deployment config included.', 'price_suggestion': '$29-99', 'platform': 'Gumroad', 'effort_estimate': '4-8 hours'}, {'type': 'tutorial', 'title': 'How to Build superpowers: Complete Guide', 'description': 'A step-by-step video course or ebook teaching how to use and extend superpowers for real-world projects.', 'price_suggestion': '$19-49', 'platform': 'Gumroad + YouTube', 'effort_estimate': '6-12 hours'}], 'content_idea': [{'type': 'video', 'title': 'This superpowers Project is INSANE (GitHub Trending)', 'description': "Showcasing superpowers - An agentic skills framework & software development methodology that works.. This project has 286715 stars and is trending on GitHub. Let me show you why it's worth your attention.", 'format': 'showcase/review', 'duration_estimate': '5-8 minutes', 'monetization': ['adsense', 'affiliate']}, {'type': 'video', 'title': 'Build a Business with superpowers (Step by Step)', 'description': 'How to use superpowers to build something profitable. Complete walkthrough from setup to deployment.', 'format': 'tutorial', 'duration_estimate': '10-15 minutes', 'monetization': ['adsense', 'digital_product']}], 'timestamp': '2026-09-15T02:12:44.039654'}: 'AgentSwarm' object has no attribute '_generate_video'
2026-09-15 02:12:44,896 [INFO] Processing idea: hermes-agent
2026-09-15 02:12:44,896 [ERROR] Content production failed for {'type': 'github_repo', 'category': 'automation_ai', 'name': 'hermes-agent', 'full_name': 'NousResearch/hermes-agent', 'url': 'https://github.com/NousResearch/hermes-agent', 'description': 'The agent that grows with you', 'stars': 245539, 'language': 'Python', 'created_at': '2025-07-22T22:22:28Z', 'profit_potential': {'score': 4, 'reasons': ['High stars (245539)', 'Actively maintained'], 'verdict': 'MEDIUM'}, 'product_idea': [{'type': 'template', 'title': 'hermes-agent - Production-Ready Template', 'description': 'A polished, documented, production-ready version of hermes-agent with best practices, tests, and deployment config included.', 'price_suggestion': '$29-99', 'platform': 'Gumroad', 'effort_estimate': '4-8 hours'}, {'type': 'tutorial', 'title': 'How to Build hermes-agent: Complete Guide', 'description': 'A step-by-step video course or ebook teaching how to use and extend hermes-agent for real-world projects.', 'price_suggestion': '$19-49', 'platform': 'Gumroad + YouTube', 'effort_estimate': '6-12 hours'}], 'content_idea': [{'type': 'video', 'title': 'This hermes-agent Project is INSANE (GitHub Trending)', 'description': "Showcasing hermes-agent - The agent that grows with you. This project has 245539 stars and is trending on GitHub. Let me show you why it's worth your attention.", 'format': 'showcase/review', 'duration_estimate': '5-8 minutes', 'monetization': ['adsense', 'affiliate']}, {'type': 'video', 'title': 'Build a Business with hermes-agent (Step by Step)', 'description': 'How to use hermes-agent to build something profitable. Complete walkthrough from setup to deployment.', 'format': 'tutorial', 'duration_estimate': '10-15 minutes', 'monetization': ['adsense', 'digital_product']}], 'timestamp': '2026-09-15T02:12:44.039660'}: 'AgentSwarm' object has no attribute '_generate_video'
2026-09-15 02:12:44,896 [INFO] Total productions: 0
2026-09-15 02:12:44,896 [INFO] ============================================================
2026-09-15 02:12:44,896 [INFO] AGENT 4: PRODUCT CREATION
2026-09-15 02:12:44,896 [INFO] ============================================================
2026-09-15 02:12:44,896 [INFO] Creating product from: openclaw
2026-09-15 02:12:44,896 [INFO]   Product: openclaw - Production-Ready Template
2026-09-15 02:12:44,896 [INFO]   Platform: Gumroad
2026-09-15 02:12:44,896 [INFO] Creating product from: superpowers
2026-09-15 02:12:44,896 [INFO]   Product: superpowers - Production-Ready Template
2026-09-15 02:12:44,896 [INFO]   Platform: Gumroad
2026-09-15 02:12:44,897 [INFO] Created 2 products
2026-09-15 02:12:44,897 [INFO] ============================================================
2026-09-15 02:12:44,897 [INFO] AGENT 3: PUBLISHING
2026-09-15 02:12:44,897 [INFO] ============================================================
2026-09-15 02:12:44,897 [INFO] Published 0 pieces
2026-09-15 02:12:44,897 [INFO] ============================================================
2026-09-15 02:12:44,897 [INFO] AGENT 5: FINANCE TRACKING
2026-09-15 02:12:44,897 [INFO] ============================================================
2026-09-15 02:12:44,897 [INFO] Tracking revenue across platforms...
2026-09-15 02:12:44,897 [INFO]   YouTube AdSense: $0.00 (0 views)
2026-09-15 02:12:44,897 [INFO]   Gumroad Sales: $0.00 (0 sales)
2026-09-15 02:12:44,897 [INFO]   Affiliate: $0.00 (0 conversions)
2026-09-15 02:12:44,897 [INFO] Threshold check: $0.00 / $100.00 (need $100.00 more)
2026-09-15 02:12:44,897 [INFO] Total earnings tracked: $0.00
2026-09-15 02:12:44,897 [INFO] Goal: $10,000
2026-09-15 02:12:44,897 [INFO] Progress: 0.0%
2026-09-15 02:12:44,898 [INFO] ============================================================
2026-09-15 02:12:44,898 [INFO] SWARM RUN COMPLETE
2026-09-15 02:12:44,898 [INFO] ============================================================
2026-09-15 02:12:44,898 [INFO] Finished at: 2026-09-15T02:12:44.898193
2026-09-15 10:36:23,231 [INFO] ============================================================
2026-09-15 10:36:23,231 [INFO] AUTONOMOUS EARNINGS SWARM - STARTING
2026-09-15 10:36:23,231 [INFO] ============================================================
2026-09-15 10:36:23,231 [INFO] Started at: 2026-09-15T10:36:23.231979
2026-09-15 10:36:23,232 [INFO] ============================================================
2026-09-15 10:36:23,232 [INFO] AGENT 1: RESEARCH & IDEATION
2026-09-15 10:36:23,232 [INFO] ============================================================
2026-09-15 10:36:23,232 [INFO] Scanning GitHub trending repos...
2026-09-15 10:36:24,602 [INFO] Found 30 trending GitHub projects
2026-09-15 10:36:24,602 [INFO] Searching for trending topics...
2026-09-15 10:36:24,602 [INFO] Web trends found: 3
2026-09-15 10:36:24,602 [INFO] Found 3 web trends
2026-09-15 10:36:24,604 [INFO] Total ideas generated: 33
2026-09-15 10:36:24,604 [INFO] Backlog saved to data/backlog.json
2026-09-15 10:36:24,604 [INFO] ============================================================
2026-09-15 10:36:24,604 [INFO] AGENT 2: CONTENT PRODUCTION
2026-09-15 10:36:24,604 [INFO] ============================================================
2026-09-15 10:36:24,605 [INFO] Processing idea: openclaw
2026-09-15 10:36:24,605 [ERROR] Content production failed for {'type': 'github_repo', 'category': 'automation_ai', 'name': 'openclaw', 'full_name': 'openclaw/openclaw', 'url': 'https://github.com/openclaw/openclaw', 'description': 'The AI that really does things. Any OS. Any Platform. The lobster way. 🦞 ', 'stars': 389737, 'language': 'TypeScript', 'created_at': '2025-11-24T10:16:47Z', 'profit_potential': {'score': 6, 'reasons': ['High stars (389737)', 'Solves concrete problem', 'Actively maintained'], 'verdict': 'HIGH'}, 'product_idea': [{'type': 'template', 'title': 'openclaw - Production-Ready Template', 'description': 'A polished, documented, production-ready version of openclaw with best practices, tests, and deployment config included.', 'price_suggestion': '$29-99', 'platform': 'Gumroad', 'effort_estimate': '4-8 hours'}, {'type': 'tutorial', 'title': 'How to Build openclaw: Complete Guide', 'description': 'A step-by-step video course or ebook teaching how to use and extend openclaw for real-world projects.', 'price_suggestion': '$19-49', 'platform': 'Gumroad + YouTube', 'effort_estimate': '6-12 hours'}], 'content_idea': [{'type': 'video', 'title': 'This openclaw Project is INSANE (GitHub Trending)', 'description': "Showcasing openclaw - The AI that really does things. Any OS. Any Platform. The lobster way. 🦞 . This project has 389737 stars and is trending on GitHub. Let me show you why it's worth your attention.", 'format': 'showcase/review', 'duration_estimate': '5-8 minutes', 'monetization': ['adsense', 'affiliate']}, {'type': 'video', 'title': 'Build a Business with openclaw (Step by Step)', 'description': 'How to use openclaw to build something profitable. Complete walkthrough from setup to deployment.', 'format': 'tutorial', 'duration_estimate': '10-15 minutes', 'monetization': ['adsense', 'digital_product']}], 'timestamp': '2026-09-15T10:36:23.791190'}: 'AgentSwarm' object has no attribute '_generate_video'
2026-09-15 10:36:24,605 [INFO] Processing idea: superpowers
2026-09-15 10:36:24,605 [ERROR] Content production failed for {'type': 'github_repo', 'category': 'automation_ai', 'name': 'superpowers', 'full_name': 'obra/superpowers', 'url': 'https://github.com/obra/superpowers', 'description': 'An agentic skills framework & software development methodology that works.', 'stars': 286913, 'language': 'Shell', 'created_at': '2025-10-09T19:45:18Z', 'profit_potential': {'score': 4, 'reasons': ['High stars (286913)', 'Actively maintained'], 'verdict': 'MEDIUM'}, 'product_idea': [{'type': 'template', 'title': 'superpowers - Production-Ready Template', 'description': 'A polished, documented, production-ready version of superpowers with best practices, tests, and deployment config included.', 'price_suggestion': '$29-99', 'platform': 'Gumroad', 'effort_estimate': '4-8 hours'}, {'type': 'tutorial', 'title': 'How to Build superpowers: Complete Guide', 'description': 'A step-by-step video course or ebook teaching how to use and extend superpowers for real-world projects.', 'price_suggestion': '$19-49', 'platform': 'Gumroad + YouTube', 'effort_estimate': '6-12 hours'}], 'content_idea': [{'type': 'video', 'title': 'This superpowers Project is INSANE (GitHub Trending)', 'description': "Showcasing superpowers - An agentic skills framework & software development methodology that works.. This project has 286913 stars and is trending on GitHub. Let me show you why it's worth your attention.", 'format': 'showcase/review', 'duration_estimate': '5-8 minutes', 'monetization': ['adsense', 'affiliate']}, {'type': 'video', 'title': 'Build a Business with superpowers (Step by Step)', 'description': 'How to use superpowers to build something profitable. Complete walkthrough from setup to deployment.', 'format': 'tutorial', 'duration_estimate': '10-15 minutes', 'monetization': ['adsense', 'digital_product']}], 'timestamp': '2026-09-15T10:36:23.791216'}: 'AgentSwarm' object has no attribute '_generate_video'
2026-09-15 10:36:24,605 [INFO] Processing idea: hermes-agent
2026-09-15 10:36:24,605 [ERROR] Content production failed for {'type': 'github_repo', 'category': 'automation_ai', 'name': 'hermes-agent', 'full_name': 'NousResearch/hermes-agent', 'url': 'https://github.com/NousResearch/hermes-agent', 'description': 'The agent that grows with you', 'stars': 245682, 'language': 'Python', 'created_at': '2025-07-22T22:22:28Z', 'profit_potential': {'score': 4, 'reasons': ['High stars (245682)', 'Actively maintained'], 'verdict': 'MEDIUM'}, 'product_idea': [{'type': 'template', 'title': 'hermes-agent - Production-Ready Template', 'description': 'A polished, documented, production-ready version of hermes-agent with best practices, tests, and deployment config included.', 'price_suggestion': '$29-99', 'platform': 'Gumroad', 'effort_estimate': '4-8 hours'}, {'type': 'tutorial', 'title': 'How to Build hermes-agent: Complete Guide', 'description': 'A step-by-step video course or ebook teaching how to use and extend hermes-agent for real-world projects.', 'price_suggestion': '$19-49', 'platform': 'Gumroad + YouTube', 'effort_estimate': '6-12 hours'}], 'content_idea': [{'type': 'video', 'title': 'This hermes-agent Project is INSANE (GitHub Trending)', 'description': "Showcasing hermes-agent - The agent that grows with you. This project has 245682 stars and is trending on GitHub. Let me show you why it's worth your attention.", 'format': 'showcase/review', 'duration_estimate': '5-8 minutes', 'monetization': ['adsense', 'affiliate']}, {'type': 'video', 'title': 'Build a Business with hermes-agent (Step by Step)', 'description': 'How to use hermes-agent to build something profitable. Complete walkthrough from setup to deployment.', 'format': 'tutorial', 'duration_estimate': '10-15 minutes', 'monetization': ['adsense', 'digital_product']}], 'timestamp': '2026-09-15T10:36:23.791225'}: 'AgentSwarm' object has no attribute '_generate_video'
2026-09-15 10:36:24,605 [INFO] Total productions: 0
2026-09-15 10:36:24,605 [INFO] ============================================================
2026-09-15 10:36:24,605 [INFO] AGENT 4: PRODUCT CREATION
2026-09-15 10:36:24,605 [INFO] ============================================================
2026-09-15 10:36:24,605 [INFO] Creating product from: openclaw
2026-09-15 10:36:24,606 [INFO]   Product: openclaw - Production-Ready Template
2026-09-15 10:36:24,606 [INFO]   Platform: Gumroad
2026-09-15 10:36:24,606 [INFO] Creating product from: superpowers
2026-09-15 10:36:24,606 [INFO]   Product: superpowers - Production-Ready Template
2026-09-15 10:36:24,606 [INFO]   Platform: Gumroad
2026-09-15 10:36:24,606 [INFO] Created 2 products
2026-09-15 10:36:24,606 [INFO] ============================================================
2026-09-15 10:36:24,606 [INFO] AGENT 3: PUBLISHING
2026-09-15 10:36:24,606 [INFO] ============================================================
2026-09-15 10:36:24,606 [INFO] Published 0 pieces
2026-09-15 10:36:24,606 [INFO] ============================================================
2026-09-15 10:36:24,606 [INFO] AGENT 5: FINANCE TRACKING
2026-09-15 10:36:24,606 [INFO] ============================================================
2026-09-15 10:36:24,607 [INFO] Tracking revenue across platforms...
2026-09-15 10:36:24,607 [INFO]   YouTube AdSense: $0.00 (0 views)
2026-09-15 10:36:24,607 [INFO]   Gumroad Sales: $0.00 (0 sales)
2026-09-15 10:36:24,607 [INFO]   Affiliate: $0.00 (0 conversions)
2026-09-15 10:36:24,607 [INFO] Threshold check: $0.00 / $100.00 (need $100.00 more)
2026-09-15 10:36:24,607 [INFO] Total earnings tracked: $0.00
2026-09-15 10:36:24,607 [INFO] Goal: $10,000
2026-09-15 10:36:24,607 [INFO] Progress: 0.0%
2026-09-15 10:36:24,607 [INFO] ============================================================
2026-09-15 10:36:24,608 [INFO] SWARM RUN COMPLETE
2026-09-15 10:36:24,608 [INFO] ============================================================
2026-09-15 10:36:24,608 [INFO] Finished at: 2026-09-15T10:36:24.608059
2026-09-15 15:49:57,719 [INFO] ============================================================
2026-09-15 15:49:57,719 [INFO] AUTONOMOUS EARNINGS SWARM - STARTING
2026-09-15 15:49:57,719 [INFO] ============================================================
2026-09-15 15:49:57,719 [INFO] Started at: 2026-09-15T15:49:57.719970
2026-09-15 15:49:57,720 [INFO] ============================================================
2026-09-15 15:49:57,720 [INFO] AGENT 1: RESEARCH & IDEATION
2026-09-15 15:49:57,720 [INFO] ============================================================
2026-09-15 15:49:57,720 [INFO] Scanning GitHub trending repos...
2026-09-15 15:49:59,225 [INFO] Found 30 trending GitHub projects
2026-09-15 15:49:59,225 [INFO] Searching for trending topics...
2026-09-15 15:49:59,225 [INFO] Web trends found: 3
2026-09-15 15:49:59,225 [INFO] Found 3 web trends
2026-09-15 15:49:59,227 [INFO] Total ideas generated: 33
2026-09-15 15:49:59,227 [INFO] Backlog saved to data/backlog.json
2026-09-15 15:49:59,227 [INFO] ============================================================
2026-09-15 15:49:59,227 [INFO] AGENT 2: CONTENT PRODUCTION
2026-09-15 15:49:59,227 [INFO] ============================================================
2026-09-15 15:49:59,227 [INFO] Processing idea: openclaw
2026-09-15 15:49:59,228 [ERROR] Content production failed for {'type': 'github_repo', 'category': 'automation_ai', 'name': 'openclaw', 'full_name': 'openclaw/openclaw', 'url': 'https://github.com/openclaw/openclaw', 'description': 'The AI that really does things. Any OS. Any Platform. The lobster way. 🦞 ', 'stars': 389756, 'language': 'TypeScript', 'created_at': '2025-11-24T10:16:47Z', 'profit_potential': {'score': 6, 'reasons': ['High stars (389756)', 'Solves concrete problem', 'Actively maintained'], 'verdict': 'HIGH'}, 'product_idea': [{'type': 'template', 'title': 'openclaw - Production-Ready Template', 'description': 'A polished, documented, production-ready version of openclaw with best practices, tests, and deployment config included.', 'price_suggestion': '$29-99', 'platform': 'Gumroad', 'effort_estimate': '4-8 hours'}, {'type': 'tutorial', 'title': 'How to Build openclaw: Complete Guide', 'description': 'A step-by-step video course or ebook teaching how to use and extend openclaw for real-world projects.', 'price_suggestion': '$19-49', 'platform': 'Gumroad + YouTube', 'effort_estimate': '6-12 hours'}], 'content_idea': [{'type': 'video', 'title': 'This openclaw Project is INSANE (GitHub Trending)', 'description': "Showcasing openclaw - The AI that really does things. Any OS. Any Platform. The lobster way. 🦞 . This project has 389756 stars and is trending on GitHub. Let me show you why it's worth your attention.", 'format': 'showcase/review', 'duration_estimate': '5-8 minutes', 'monetization': ['adsense', 'affiliate']}, {'type': 'video', 'title': 'Build a Business with openclaw (Step by Step)', 'description': 'How to use openclaw to build something profitable. Complete walkthrough from setup to deployment.', 'format': 'tutorial', 'duration_estimate': '10-15 minutes', 'monetization': ['adsense', 'digital_product']}], 'timestamp': '2026-09-15T15:49:58.312800'}: 'AgentSwarm' object has no attribute '_generate_video'
2026-09-15 15:49:59,228 [INFO] Processing idea: superpowers
2026-09-15 15:49:59,228 [ERROR] Content production failed for {'type': 'github_repo', 'category': 'automation_ai', 'name': 'superpowers', 'full_name': 'obra/superpowers', 'url': 'https://github.com/obra/superpowers', 'description': 'An agentic skills framework & software development methodology that works.', 'stars': 287035, 'language': 'Shell', 'created_at': '2025-10-09T19:45:18Z', 'profit_potential': {'score': 4, 'reasons': ['High stars (287035)', 'Actively maintained'], 'verdict': 'MEDIUM'}, 'product_idea': [{'type': 'template', 'title': 'superpowers - Production-Ready Template', 'description': 'A polished, documented, production-ready version of superpowers with best practices, tests, and deployment config included.', 'price_suggestion': '$29-99', 'platform': 'Gumroad', 'effort_estimate': '4-8 hours'}, {'type': 'tutorial', 'title': 'How to Build superpowers: Complete Guide', 'description': 'A step-by-step video course or ebook teaching how to use and extend superpowers for real-world projects.', 'price_suggestion': '$19-49', 'platform': 'Gumroad + YouTube', 'effort_estimate': '6-12 hours'}], 'content_idea': [{'type': 'video', 'title': 'This superpowers Project is INSANE (GitHub Trending)', 'description': "Showcasing superpowers - An agentic skills framework & software development methodology that works.. This project has 287035 stars and is trending on GitHub. Let me show you why it's worth your attention.", 'format': 'showcase/review', 'duration_estimate': '5-8 minutes', 'monetization': ['adsense', 'affiliate']}, {'type': 'video', 'title': 'Build a Business with superpowers (Step by Step)', 'description': 'How to use superpowers to build something profitable. Complete walkthrough from setup to deployment.', 'format': 'tutorial', 'duration_estimate': '10-15 minutes', 'monetization': ['adsense', 'digital_product']}], 'timestamp': '2026-09-15T15:49:58.312820'}: 'AgentSwarm' object has no attribute '_generate_video'
2026-09-15 15:49:59,228 [INFO] Processing idea: hermes-agent
2026-09-15 15:49:59,228 [ERROR] Content production failed for {'type': 'github_repo', 'category': 'automation_ai', 'name': 'hermes-agent', 'full_name': 'NousResearch/hermes-agent', 'url': 'https://github.com/NousResearch/hermes-agent', 'description': 'The agent that grows with you', 'stars': 245777, 'language': 'Python', 'created_at': '2025-07-22T22:22:28Z', 'profit_potential': {'score': 4, 'reasons': ['High stars (245777)', 'Actively maintained'], 'verdict': 'MEDIUM'}, 'product_idea': [{'type': 'template', 'title': 'hermes-agent - Production-Ready Template', 'description': 'A polished, documented, production-ready version of hermes-agent with best practices, tests, and deployment config included.', 'price_suggestion': '$29-99', 'platform': 'Gumroad', 'effort_estimate': '4-8 hours'}, {'type': 'tutorial', 'title': 'How to Build hermes-agent: Complete Guide', 'description': 'A step-by-step video course or ebook teaching how to use and extend hermes-agent for real-world projects.', 'price_suggestion': '$19-49', 'platform': 'Gumroad + YouTube', 'effort_estimate': '6-12 hours'}], 'content_idea': [{'type': 'video', 'title': 'This hermes-agent Project is INSANE (GitHub Trending)', 'description': "Showcasing hermes-agent - The agent that grows with you. This project has 245777 stars and is trending on GitHub. Let me show you why it's worth your attention.", 'format': 'showcase/review', 'duration_estimate': '5-8 minutes', 'monetization': ['adsense', 'affiliate']}, {'type': 'video', 'title': 'Build a Business with hermes-agent (Step by Step)', 'description': 'How to use hermes-agent to build something profitable. Complete walkthrough from setup to deployment.', 'format': 'tutorial', 'duration_estimate': '10-15 minutes', 'monetization': ['adsense', 'digital_product']}], 'timestamp': '2026-09-15T15:49:58.312828'}: 'AgentSwarm' object has no attribute '_generate_video'
2026-09-15 15:49:59,228 [INFO] Total productions: 0
2026-09-15 15:49:59,228 [INFO] ============================================================
2026-09-15 15:49:59,228 [INFO] AGENT 4: PRODUCT CREATION
2026-09-15 15:49:59,228 [INFO] ============================================================
2026-09-15 15:49:59,228 [INFO] Creating product from: openclaw
2026-09-15 15:49:59,229 [INFO]   Product: openclaw - Production-Ready Template
2026-09-15 15:49:59,229 [INFO]   Platform: Gumroad
2026-09-15 15:49:59,229 [INFO] Creating product from: superpowers
2026-09-15 15:49:59,229 [INFO]   Product: superpowers - Production-Ready Template
2026-09-15 15:49:59,229 [INFO]   Platform: Gumroad
2026-09-15 15:49:59,230 [INFO] Created 2 products
2026-09-15 15:49:59,230 [INFO] ============================================================
2026-09-15 15:49:59,230 [INFO] AGENT 3: PUBLISHING
2026-09-15 15:49:59,230 [INFO] ============================================================
2026-09-15 15:49:59,230 [INFO] Published 0 pieces
2026-09-15 15:49:59,230 [INFO] ============================================================
2026-09-15 15:49:59,230 [INFO] AGENT 5: FINANCE TRACKING
2026-09-15 15:49:59,230 [INFO] ============================================================
2026-09-15 15:49:59,230 [INFO] Tracking revenue across platforms...
2026-09-15 15:49:59,230 [INFO]   YouTube AdSense: $0.00 (0 views)
2026-09-15 15:49:59,231 [INFO]   Gumroad Sales: $0.00 (0 sales)
2026-09-15 15:49:59,231 [INFO]   Affiliate: $0.00 (0 conversions)
2026-09-15 15:49:59,231 [INFO] Threshold check: $0.00 / $100.00 (need $100.00 more)
2026-09-15 15:49:59,231 [INFO] Total earnings tracked: $0.00
2026-09-15 15:49:59,231 [INFO] Goal: $10,000
2026-09-15 15:49:59,231 [INFO] Progress: 0.0%
2026-09-15 15:49:59,231 [INFO] ============================================================
2026-09-15 15:49:59,231 [INFO] SWARM RUN COMPLETE
2026-09-15 15:49:59,231 [INFO] ============================================================
2026-09-15 15:49:59,231 [INFO] Finished at: 2026-09-15T15:49:59.231902
2026-09-15 20:34:26,820 [INFO] ============================================================
2026-09-15 20:34:26,821 [INFO] AUTONOMOUS EARNINGS SWARM - STARTING
2026-09-15 20:34:26,821 [INFO] ============================================================
2026-09-15 20:34:26,821 [INFO] Started at: 2026-09-15T20:34:26.821275
2026-09-15 20:34:26,821 [INFO] ============================================================
2026-09-15 20:34:26,821 [INFO] AGENT 1: RESEARCH & IDEATION
2026-09-15 20:34:26,821 [INFO] ============================================================
2026-09-15 20:34:26,821 [INFO] Scanning GitHub trending repos...
2026-09-15 20:34:28,245 [INFO] Found 30 trending GitHub projects
2026-09-15 20:34:28,246 [INFO] Searching for trending topics...
2026-09-15 20:34:28,246 [INFO] Web trends found: 3
2026-09-15 20:34:28,246 [INFO] Found 3 web trends
2026-09-15 20:34:28,248 [INFO] Total ideas generated: 33
2026-09-15 20:34:28,248 [INFO] Backlog saved to data/backlog.json
2026-09-15 20:34:28,248 [INFO] ============================================================
2026-09-15 20:34:28,248 [INFO] AGENT 2: CONTENT PRODUCTION
2026-09-15 20:34:28,248 [INFO] ============================================================
2026-09-15 20:34:28,248 [INFO] Processing idea: openclaw
2026-09-15 20:34:28,248 [ERROR] Content production failed for {'type': 'github_repo', 'category': 'automation_ai', 'name': 'openclaw', 'full_name': 'openclaw/openclaw', 'url': 'https://github.com/openclaw/openclaw', 'description': 'The AI that really does things. Any OS. Any Platform. The lobster way. 🦞 ', 'stars': 389779, 'language': 'TypeScript', 'created_at': '2025-11-24T10:16:47Z', 'profit_potential': {'score': 6, 'reasons': ['High stars (389779)', 'Solves concrete problem', 'Actively maintained'], 'verdict': 'HIGH'}, 'product_idea': [{'type': 'template', 'title': 'openclaw - Production-Ready Template', 'description': 'A polished, documented, production-ready version of openclaw with best practices, tests, and deployment config included.', 'price_suggestion': '$29-99', 'platform': 'Gumroad', 'effort_estimate': '4-8 hours'}, {'type': 'tutorial', 'title': 'How to Build openclaw: Complete Guide', 'description': 'A step-by-step video course or ebook teaching how to use and extend openclaw for real-world projects.', 'price_suggestion': '$19-49', 'platform': 'Gumroad + YouTube', 'effort_estimate': '6-12 hours'}], 'content_idea': [{'type': 'video', 'title': 'This openclaw Project is INSANE (GitHub Trending)', 'description': "Showcasing openclaw - The AI that really does things. Any OS. Any Platform. The lobster way. 🦞 . This project has 389779 stars and is trending on GitHub. Let me show you why it's worth your attention.", 'format': 'showcase/review', 'duration_estimate': '5-8 minutes', 'monetization': ['adsense', 'affiliate']}, {'type': 'video', 'title': 'Build a Business with openclaw (Step by Step)', 'description': 'How to use openclaw to build something profitable. Complete walkthrough from setup to deployment.', 'format': 'tutorial', 'duration_estimate': '10-15 minutes', 'monetization': ['adsense', 'digital_product']}], 'timestamp': '2026-09-15T20:34:27.483393'}: 'AgentSwarm' object has no attribute '_generate_video'
2026-09-15 20:34:28,248 [INFO] Processing idea: superpowers
2026-09-15 20:34:28,249 [ERROR] Content production failed for {'type': 'github_repo', 'category': 'automation_ai', 'name': 'superpowers', 'full_name': 'obra/superpowers', 'url': 'https://github.com/obra/superpowers', 'description': 'An agentic skills framework & software development methodology that works.', 'stars': 287112, 'language': 'Shell', 'created_at': '2025-10-09T19:45:18Z', 'profit_potential': {'score': 4, 'reasons': ['High stars (287112)', 'Actively maintained'], 'verdict': 'MEDIUM'}, 'product_idea': [{'type': 'template', 'title': 'superpowers - Production-Ready Template', 'description': 'A polished, documented, production-ready version of superpowers with best practices, tests, and deployment config included.', 'price_suggestion': '$29-99', 'platform': 'Gumroad', 'effort_estimate': '4-8 hours'}, {'type': 'tutorial', 'title': 'How to Build superpowers: Complete Guide', 'description': 'A step-by-step video course or ebook teaching how to use and extend superpowers for real-world projects.', 'price_suggestion': '$19-49', 'platform': 'Gumroad + YouTube', 'effort_estimate': '6-12 hours'}], 'content_idea': [{'type': 'video', 'title': 'This superpowers Project is INSANE (GitHub Trending)', 'description': "Showcasing superpowers - An agentic skills framework & software development methodology that works.. This project has 287112 stars and is trending on GitHub. Let me show you why it's worth your attention.", 'format': 'showcase/review', 'duration_estimate': '5-8 minutes', 'monetization': ['adsense', 'affiliate']}, {'type': 'video', 'title': 'Build a Business with superpowers (Step by Step)', 'description': 'How to use superpowers to build something profitable. Complete walkthrough from setup to deployment.', 'format': 'tutorial', 'duration_estimate': '10-15 minutes', 'monetization': ['adsense', 'digital_product']}], 'timestamp': '2026-09-15T20:34:27.483413'}: 'AgentSwarm' object has no attribute '_generate_video'
2026-09-15 20:34:28,249 [INFO] Processing idea: hermes-agent
2026-09-15 20:34:28,249 [ERROR] Content production failed for {'type': 'github_repo', 'category': 'automation_ai', 'name': 'hermes-agent', 'full_name': 'NousResearch/hermes-agent', 'url': 'https://github.com/NousResearch/hermes-agent', 'description': 'The agent that grows with you', 'stars': 245836, 'language': 'Python', 'created_at': '2025-07-22T22:22:28Z', 'profit_potential': {'score': 4, 'reasons': ['High stars (245836)', 'Actively maintained'], 'verdict': 'MEDIUM'}, 'product_idea': [{'type': 'template', 'title': 'hermes-agent - Production-Ready Template', 'description': 'A polished, documented, production-ready version of hermes-agent with best practices, tests, and deployment config included.', 'price_suggestion': '$29-99', 'platform': 'Gumroad', 'effort_estimate': '4-8 hours'}, {'type': 'tutorial', 'title': 'How to Build hermes-agent: Complete Guide', 'description': 'A step-by-step video course or ebook teaching how to use and extend hermes-agent for real-world projects.', 'price_suggestion': '$19-49', 'platform': 'Gumroad + YouTube', 'effort_estimate': '6-12 hours'}], 'content_idea': [{'type': 'video', 'title': 'This hermes-agent Project is INSANE (GitHub Trending)', 'description': "Showcasing hermes-agent - The agent that grows with you. This project has 245836 stars and is trending on GitHub. Let me show you why it's worth your attention.", 'format': 'showcase/review', 'duration_estimate': '5-8 minutes', 'monetization': ['adsense', 'affiliate']}, {'type': 'video', 'title': 'Build a Business with hermes-agent (Step by Step)', 'description': 'How to use hermes-agent to build something profitable. Complete walkthrough from setup to deployment.', 'format': 'tutorial', 'duration_estimate': '10-15 minutes', 'monetization': ['adsense', 'digital_product']}], 'timestamp': '2026-09-15T20:34:27.483422'}: 'AgentSwarm' object has no attribute '_generate_video'
2026-09-15 20:34:28,249 [INFO] Total productions: 0
2026-09-15 20:34:28,249 [INFO] ============================================================
2026-09-15 20:34:28,249 [INFO] AGENT 4: PRODUCT CREATION
2026-09-15 20:34:28,249 [INFO] ============================================================
2026-09-15 20:34:28,249 [INFO] Creating product from: openclaw
2026-09-15 20:34:28,249 [INFO]   Product: openclaw - Production-Ready Template
2026-09-15 20:34:28,250 [INFO]   Platform: Gumroad
2026-09-15 20:34:28,250 [INFO] Creating product from: superpowers
2026-09-15 20:34:28,250 [INFO]   Product: superpowers - Production-Ready Template
2026-09-15 20:34:28,250 [INFO]   Platform: Gumroad
2026-09-15 20:34:28,250 [INFO] Created 2 products
2026-09-15 20:34:28,250 [INFO] ============================================================
2026-09-15 20:34:28,250 [INFO] AGENT 3: PUBLISHING
2026-09-15 20:34:28,251 [INFO] ============================================================
2026-09-15 20:34:28,251 [INFO] Published 0 pieces
2026-09-15 20:34:28,251 [INFO] ============================================================
2026-09-15 20:34:28,251 [INFO] AGENT 5: FINANCE TRACKING
2026-09-15 20:34:28,251 [INFO] ============================================================
2026-09-15 20:34:28,251 [INFO] Tracking revenue across platforms...
2026-09-15 20:34:28,251 [INFO]   YouTube AdSense: $0.00 (0 views)
2026-09-15 20:34:28,251 [INFO]   Gumroad Sales: $0.00 (0 sales)
2026-09-15 20:34:28,251 [INFO]   Affiliate: $0.00 (0 conversions)
2026-09-15 20:34:28,251 [INFO] Threshold check: $0.00 / $100.00 (need $100.00 more)
2026-09-15 20:34:28,251 [INFO] Total earnings tracked: $0.00
2026-09-15 20:34:28,252 [INFO] Goal: $10,000
2026-09-15 20:34:28,252 [INFO] Progress: 0.0%
2026-09-15 20:34:28,252 [INFO] ============================================================
2026-09-15 20:34:28,252 [INFO] SWARM RUN COMPLETE
2026-09-15 20:34:28,252 [INFO] ============================================================
2026-09-15 20:34:28,252 [INFO] Finished at: 2026-09-15T20:34:28.252464
2026-09-16 02:05:21,389 [INFO] ============================================================
2026-09-16 02:05:21,389 [INFO] AUTONOMOUS EARNINGS SWARM - STARTING
2026-09-16 02:05:21,389 [INFO] ============================================================
2026-09-16 02:05:21,389 [INFO] Started at: 2026-09-16T02:05:21.389463
2026-09-16 02:05:21,389 [INFO] ============================================================
2026-09-16 02:05:21,389 [INFO] AGENT 1: RESEARCH & IDEATION
2026-09-16 02:05:21,389 [INFO] ============================================================
2026-09-16 02:05:21,389 [INFO] Scanning GitHub trending repos...
2026-09-16 02:05:23,016 [INFO] Found 30 trending GitHub projects
2026-09-16 02:05:23,016 [INFO] Searching for trending topics...
2026-09-16 02:05:23,016 [INFO] Web trends found: 3
2026-09-16 02:05:23,016 [INFO] Found 3 web trends
2026-09-16 02:05:23,018 [INFO] Total ideas generated: 33
2026-09-16 02:05:23,018 [INFO] Backlog saved to data/backlog.json
2026-09-16 02:05:23,018 [INFO] ============================================================
2026-09-16 02:05:23,018 [INFO] AGENT 2: CONTENT PRODUCTION
2026-09-16 02:05:23,018 [INFO] ============================================================
2026-09-16 02:05:23,018 [INFO] Processing idea: openclaw
2026-09-16 02:05:23,019 [ERROR] Content production failed for {'type': 'github_repo', 'category': 'automation_ai', 'name': 'openclaw', 'full_name': 'openclaw/openclaw', 'url': 'https://github.com/openclaw/openclaw', 'description': 'The AI that really does things. Any OS. Any Platform. The lobster way. 🦞 ', 'stars': 389797, 'language': 'TypeScript', 'created_at': '2025-11-24T10:16:47Z', 'profit_potential': {'score': 6, 'reasons': ['High stars (389797)', 'Solves concrete problem', 'Actively maintained'], 'verdict': 'HIGH'}, 'product_idea': [{'type': 'template', 'title': 'openclaw - Production-Ready Template', 'description': 'A polished, documented, production-ready version of openclaw with best practices, tests, and deployment config included.', 'price_suggestion': '$29-99', 'platform': 'Gumroad', 'effort_estimate': '4-8 hours'}, {'type': 'tutorial', 'title': 'How to Build openclaw: Complete Guide', 'description': 'A step-by-step video course or ebook teaching how to use and extend openclaw for real-world projects.', 'price_suggestion': '$19-49', 'platform': 'Gumroad + YouTube', 'effort_estimate': '6-12 hours'}], 'content_idea': [{'type': 'video', 'title': 'This openclaw Project is INSANE (GitHub Trending)', 'description': "Showcasing openclaw - The AI that really does things. Any OS. Any Platform. The lobster way. 🦞 . This project has 389797 stars and is trending on GitHub. Let me show you why it's worth your attention.", 'format': 'showcase/review', 'duration_estimate': '5-8 minutes', 'monetization': ['adsense', 'affiliate']}, {'type': 'video', 'title': 'Build a Business with openclaw (Step by Step)', 'description': 'How to use openclaw to build something profitable. Complete walkthrough from setup to deployment.', 'format': 'tutorial', 'duration_estimate': '10-15 minutes', 'monetization': ['adsense', 'digital_product']}], 'timestamp': '2026-09-16T02:05:22.050881'}: 'AgentSwarm' object has no attribute '_generate_video'
2026-09-16 02:05:23,019 [INFO] Processing idea: superpowers
2026-09-16 02:05:23,019 [ERROR] Content production failed for {'type': 'github_repo', 'category': 'automation_ai', 'name': 'superpowers', 'full_name': 'obra/superpowers', 'url': 'https://github.com/obra/superpowers', 'description': 'An agentic skills framework & software development methodology that works.', 'stars': 287187, 'language': 'Shell', 'created_at': '2025-10-09T19:45:18Z', 'profit_potential': {'score': 4, 'reasons': ['High stars (287187)', 'Actively maintained'], 'verdict': 'MEDIUM'}, 'product_idea': [{'type': 'template', 'title': 'superpowers - Production-Ready Template', 'description': 'A polished, documented, production-ready version of superpowers with best practices, tests, and deployment config included.', 'price_suggestion': '$29-99', 'platform': 'Gumroad', 'effort_estimate': '4-8 hours'}, {'type': 'tutorial', 'title': 'How to Build superpowers: Complete Guide', 'description': 'A step-by-step video course or ebook teaching how to use and extend superpowers for real-world projects.', 'price_suggestion': '$19-49', 'platform': 'Gumroad + YouTube', 'effort_estimate': '6-12 hours'}], 'content_idea': [{'type': 'video', 'title': 'This superpowers Project is INSANE (GitHub Trending)', 'description': "Showcasing superpowers - An agentic skills framework & software development methodology that works.. This project has 287187 stars and is trending on GitHub. Let me show you why it's worth your attention.", 'format': 'showcase/review', 'duration_estimate': '5-8 minutes', 'monetization': ['adsense', 'affiliate']}, {'type': 'video', 'title': 'Build a Business with superpowers (Step by Step)', 'description': 'How to use superpowers to build something profitable. Complete walkthrough from setup to deployment.', 'format': 'tutorial', 'duration_estimate': '10-15 minutes', 'monetization': ['adsense', 'digital_product']}], 'timestamp': '2026-09-16T02:05:22.050898'}: 'AgentSwarm' object has no attribute '_generate_video'
2026-09-16 02:05:23,019 [INFO] Processing idea: hermes-agent
2026-09-16 02:05:23,019 [ERROR] Content production failed for {'type': 'github_repo', 'category': 'automation_ai', 'name': 'hermes-agent', 'full_name': 'NousResearch/hermes-agent', 'url': 'https://github.com/NousResearch/hermes-agent', 'description': 'The agent that grows with you', 'stars': 245889, 'language': 'Python', 'created_at': '2025-07-22T22:22:28Z', 'profit_potential': {'score': 4, 'reasons': ['High stars (245889)', 'Actively maintained'], 'verdict': 'MEDIUM'}, 'product_idea': [{'type': 'template', 'title': 'hermes-agent - Production-Ready Template', 'description': 'A polished, documented, production-ready version of hermes-agent with best practices, tests, and deployment config included.', 'price_suggestion': '$29-99', 'platform': 'Gumroad', 'effort_estimate': '4-8 hours'}, {'type': 'tutorial', 'title': 'How to Build hermes-agent: Complete Guide', 'description': 'A step-by-step video course or ebook teaching how to use and extend hermes-agent for real-world projects.', 'price_suggestion': '$19-49', 'platform': 'Gumroad + YouTube', 'effort_estimate': '6-12 hours'}], 'content_idea': [{'type': 'video', 'title': 'This hermes-agent Project is INSANE (GitHub Trending)', 'description': "Showcasing hermes-agent - The agent that grows with you. This project has 245889 stars and is trending on GitHub. Let me show you why it's worth your attention.", 'format': 'showcase/review', 'duration_estimate': '5-8 minutes', 'monetization': ['adsense', 'affiliate']}, {'type': 'video', 'title': 'Build a Business with hermes-agent (Step by Step)', 'description': 'How to use hermes-agent to build something profitable. Complete walkthrough from setup to deployment.', 'format': 'tutorial', 'duration_estimate': '10-15 minutes', 'monetization': ['adsense', 'digital_product']}], 'timestamp': '2026-09-16T02:05:22.050907'}: 'AgentSwarm' object has no attribute '_generate_video'
2026-09-16 02:05:23,019 [INFO] Total productions: 0
2026-09-16 02:05:23,019 [INFO] ============================================================
2026-09-16 02:05:23,019 [INFO] AGENT 4: PRODUCT CREATION
2026-09-16 02:05:23,019 [INFO] ============================================================
2026-09-16 02:05:23,019 [INFO] Creating product from: openclaw
2026-09-16 02:05:23,020 [INFO]   Product: openclaw - Production-Ready Template
2026-09-16 02:05:23,020 [INFO]   Platform: Gumroad
2026-09-16 02:05:23,020 [INFO] Creating product from: superpowers
2026-09-16 02:05:23,020 [INFO]   Product: superpowers - Production-Ready Template
2026-09-16 02:05:23,020 [INFO]   Platform: Gumroad
2026-09-16 02:05:23,020 [INFO] Created 2 products
2026-09-16 02:05:23,020 [INFO] ============================================================
2026-09-16 02:05:23,020 [INFO] AGENT 3: PUBLISHING
2026-09-16 02:05:23,021 [INFO] ============================================================
2026-09-16 02:05:23,021 [INFO] Published 0 pieces
2026-09-16 02:05:23,021 [INFO] ============================================================
2026-09-16 02:05:23,021 [INFO] AGENT 5: FINANCE TRACKING
2026-09-16 02:05:23,021 [INFO] ============================================================
2026-09-16 02:05:23,021 [INFO] Tracking revenue across platforms...
2026-09-16 02:05:23,021 [INFO]   YouTube AdSense: $0.00 (0 views)
2026-09-16 02:05:23,021 [INFO]   Gumroad Sales: $0.00 (0 sales)
2026-09-16 02:05:23,021 [INFO]   Affiliate: $0.00 (0 conversions)
2026-09-16 02:05:23,021 [INFO] Threshold check: $0.00 / $100.00 (need $100.00 more)
2026-09-16 02:05:23,021 [INFO] Total earnings tracked: $0.00
2026-09-16 02:05:23,021 [INFO] Goal: $10,000
2026-09-16 02:05:23,021 [INFO] Progress: 0.0%
2026-09-16 02:05:23,022 [INFO] ============================================================
2026-09-16 02:05:23,022 [INFO] SWARM RUN COMPLETE
2026-09-16 02:05:23,022 [INFO] ============================================================
2026-09-16 02:05:23,022 [INFO] Finished at: 2026-09-16T02:05:23.022112
2026-09-16 10:25:17,922 [INFO] ============================================================
2026-09-16 10:25:17,922 [INFO] AUTONOMOUS EARNINGS SWARM - STARTING
2026-09-16 10:25:17,922 [INFO] ============================================================
2026-09-16 10:25:17,922 [INFO] Started at: 2026-09-16T10:25:17.922648
2026-09-16 10:25:17,922 [INFO] ============================================================
2026-09-16 10:25:17,922 [INFO] AGENT 1: RESEARCH & IDEATION
2026-09-16 10:25:17,922 [INFO] ============================================================
2026-09-16 10:25:17,922 [INFO] Scanning GitHub trending repos...
2026-09-16 10:25:19,324 [INFO] Found 30 trending GitHub projects
2026-09-16 10:25:19,325 [INFO] Searching for trending topics...
2026-09-16 10:25:19,325 [INFO] Web trends found: 3
2026-09-16 10:25:19,325 [INFO] Found 3 web trends
2026-09-16 10:25:19,327 [INFO] Total ideas generated: 33
2026-09-16 10:25:19,327 [INFO] Backlog saved to data/backlog.json
2026-09-16 10:25:19,327 [INFO] ============================================================
2026-09-16 10:25:19,327 [INFO] AGENT 2: CONTENT PRODUCTION
2026-09-16 10:25:19,327 [INFO] ============================================================
2026-09-16 10:25:19,327 [INFO] Processing idea: openclaw
2026-09-16 10:25:19,327 [ERROR] Content production failed for {'type': 'github_repo', 'category': 'automation_ai', 'name': 'openclaw', 'full_name': 'openclaw/openclaw', 'url': 'https://github.com/openclaw/openclaw', 'description': 'The AI that really does things. Any OS. Any Platform. The lobster way. 🦞 ', 'stars': 389828, 'language': 'TypeScript', 'created_at': '2025-11-24T10:16:47Z', 'profit_potential': {'score': 6, 'reasons': ['High stars (389828)', 'Solves concrete problem', 'Actively maintained'], 'verdict': 'HIGH'}, 'product_idea': [{'type': 'template', 'title': 'openclaw - Production-Ready Template', 'description': 'A polished, documented, production-ready version of openclaw with best practices, tests, and deployment config included.', 'price_suggestion': '$29-99', 'platform': 'Gumroad', 'effort_estimate': '4-8 hours'}, {'type': 'tutorial', 'title': 'How to Build openclaw: Complete Guide', 'description': 'A step-by-step video course or ebook teaching how to use and extend openclaw for real-world projects.', 'price_suggestion': '$19-49', 'platform': 'Gumroad + YouTube', 'effort_estimate': '6-12 hours'}], 'content_idea': [{'type': 'video', 'title': 'This openclaw Project is INSANE (GitHub Trending)', 'description': "Showcasing openclaw - The AI that really does things. Any OS. Any Platform. The lobster way. 🦞 . This project has 389828 stars and is trending on GitHub. Let me show you why it's worth your attention.", 'format': 'showcase/review', 'duration_estimate': '5-8 minutes', 'monetization': ['adsense', 'affiliate']}, {'type': 'video', 'title': 'Build a Business with openclaw (Step by Step)', 'description': 'How to use openclaw to build something profitable. Complete walkthrough from setup to deployment.', 'format': 'tutorial', 'duration_estimate': '10-15 minutes', 'monetization': ['adsense', 'digital_product']}], 'timestamp': '2026-09-16T10:25:18.471233'}: 'AgentSwarm' object has no attribute '_generate_video'
2026-09-16 10:25:19,327 [INFO] Processing idea: superpowers
2026-09-16 10:25:19,327 [ERROR] Content production failed for {'type': 'github_repo', 'category': 'automation_ai', 'name': 'superpowers', 'full_name': 'obra/superpowers', 'url': 'https://github.com/obra/superpowers', 'description': 'An agentic skills framework & software development methodology that works.', 'stars': 287393, 'language': 'Shell', 'created_at': '2025-10-09T19:45:18Z', 'profit_potential': {'score': 4, 'reasons': ['High stars (287393)', 'Actively maintained'], 'verdict': 'MEDIUM'}, 'product_idea': [{'type': 'template', 'title': 'superpowers - Production-Ready Template', 'description': 'A polished, documented, production-ready version of superpowers with best practices, tests, and deployment config included.', 'price_suggestion': '$29-99', 'platform': 'Gumroad', 'effort_estimate': '4-8 hours'}, {'type': 'tutorial', 'title': 'How to Build superpowers: Complete Guide', 'description': 'A step-by-step video course or ebook teaching how to use and extend superpowers for real-world projects.', 'price_suggestion': '$19-49', 'platform': 'Gumroad + YouTube', 'effort_estimate': '6-12 hours'}], 'content_idea': [{'type': 'video', 'title': 'This superpowers Project is INSANE (GitHub Trending)', 'description': "Showcasing superpowers - An agentic skills framework & software development methodology that works.. This project has 287393 stars and is trending on GitHub. Let me show you why it's worth your attention.", 'format': 'showcase/review', 'duration_estimate': '5-8 minutes', 'monetization': ['adsense', 'affiliate']}, {'type': 'video', 'title': 'Build a Business with superpowers (Step by Step)', 'description': 'How to use superpowers to build something profitable. Complete walkthrough from setup to deployment.', 'format': 'tutorial', 'duration_estimate': '10-15 minutes', 'monetization': ['adsense', 'digital_product']}], 'timestamp': '2026-09-16T10:25:18.471250'}: 'AgentSwarm' object has no attribute '_generate_video'
2026-09-16 10:25:19,327 [INFO] Processing idea: hermes-agent
2026-09-16 10:25:19,327 [ERROR] Content production failed for {'type': 'github_repo', 'category': 'automation_ai', 'name': 'hermes-agent', 'full_name': 'NousResearch/hermes-agent', 'url': 'https://github.com/NousResearch/hermes-agent', 'description': 'The agent that grows with you', 'stars': 246020, 'language': 'Python', 'created_at': '2025-07-22T22:22:28Z', 'profit_potential': {'score': 4, 'reasons': ['High stars (246020)', 'Actively maintained'], 'verdict': 'MEDIUM'}, 'product_idea': [{'type': 'template', 'title': 'hermes-agent - Production-Ready Template', 'description': 'A polished, documented, production-ready version of hermes-agent with best practices, tests, and deployment config included.', 'price_suggestion': '$29-99', 'platform': 'Gumroad', 'effort_estimate': '4-8 hours'}, {'type': 'tutorial', 'title': 'How to Build hermes-agent: Complete Guide', 'description': 'A step-by-step video course or ebook teaching how to use and extend hermes-agent for real-world projects.', 'price_suggestion': '$19-49', 'platform': 'Gumroad + YouTube', 'effort_estimate': '6-12 hours'}], 'content_idea': [{'type': 'video', 'title': 'This hermes-agent Project is INSANE (GitHub Trending)', 'description': "Showcasing hermes-agent - The agent that grows with you. This project has 246020 stars and is trending on GitHub. Let me show you why it's worth your attention.", 'format': 'showcase/review', 'duration_estimate': '5-8 minutes', 'monetization': ['adsense', 'affiliate']}, {'type': 'video', 'title': 'Build a Business with hermes-agent (Step by Step)', 'description': 'How to use hermes-agent to build something profitable. Complete walkthrough from setup to deployment.', 'format': 'tutorial', 'duration_estimate': '10-15 minutes', 'monetization': ['adsense', 'digital_product']}], 'timestamp': '2026-09-16T10:25:18.471258'}: 'AgentSwarm' object has no attribute '_generate_video'
2026-09-16 10:25:19,328 [INFO] Total productions: 0
2026-09-16 10:25:19,328 [INFO] ============================================================
2026-09-16 10:25:19,328 [INFO] AGENT 4: PRODUCT CREATION
2026-09-16 10:25:19,328 [INFO] ============================================================
2026-09-16 10:25:19,328 [INFO] Creating product from: openclaw
2026-09-16 10:25:19,328 [INFO]   Product: openclaw - Production-Ready Template
2026-09-16 10:25:19,328 [INFO]   Platform: Gumroad
2026-09-16 10:25:19,328 [INFO] Creating product from: superpowers
2026-09-16 10:25:19,328 [INFO]   Product: superpowers - Production-Ready Template
2026-09-16 10:25:19,328 [INFO]   Platform: Gumroad
2026-09-16 10:25:19,329 [INFO] Created 2 products
2026-09-16 10:25:19,329 [INFO] ============================================================
2026-09-16 10:25:19,329 [INFO] AGENT 3: PUBLISHING
2026-09-16 10:25:19,329 [INFO] ============================================================
2026-09-16 10:25:19,329 [INFO] Published 0 pieces
2026-09-16 10:25:19,329 [INFO] ============================================================
2026-09-16 10:25:19,329 [INFO] AGENT 5: FINANCE TRACKING
2026-09-16 10:25:19,329 [INFO] ============================================================
2026-09-16 10:25:19,329 [INFO] Tracking revenue across platforms...
2026-09-16 10:25:19,329 [INFO]   YouTube AdSense: $0.00 (0 views)
2026-09-16 10:25:19,329 [INFO]   Gumroad Sales: $0.00 (0 sales)
2026-09-16 10:25:19,329 [INFO]   Affiliate: $0.00 (0 conversions)
2026-09-16 10:25:19,329 [INFO] Threshold check: $0.00 / $100.00 (need $100.00 more)
2026-09-16 10:25:19,329 [INFO] Total earnings tracked: $0.00
2026-09-16 10:25:19,330 [INFO] Goal: $10,000
2026-09-16 10:25:19,330 [INFO] Progress: 0.0%
2026-09-16 10:25:19,330 [INFO] ============================================================
2026-09-16 10:25:19,330 [INFO] SWARM RUN COMPLETE
2026-09-16 10:25:19,330 [INFO] ============================================================
2026-09-16 10:25:19,330 [INFO] Finished at: 2026-09-16T10:25:19.330362
2026-09-16 15:41:41,252 [INFO] ============================================================
2026-09-16 15:41:41,252 [INFO] AUTONOMOUS EARNINGS SWARM - STARTING
2026-09-16 15:41:41,252 [INFO] ============================================================
2026-09-16 15:41:41,253 [INFO] Started at: 2026-09-16T15:41:41.252990
2026-09-16 15:41:41,253 [INFO] ============================================================
2026-09-16 15:41:41,253 [INFO] AGENT 1: RESEARCH & IDEATION
2026-09-16 15:41:41,253 [INFO] ============================================================
2026-09-16 15:41:41,253 [INFO] Scanning GitHub trending repos...
2026-09-16 15:41:42,872 [INFO] Found 30 trending GitHub projects
2026-09-16 15:41:42,872 [INFO] Searching for trending topics...
2026-09-16 15:41:42,872 [INFO] Web trends found: 3
2026-09-16 15:41:42,872 [INFO] Found 3 web trends
2026-09-16 15:41:42,874 [INFO] Total ideas generated: 33
2026-09-16 15:41:42,874 [INFO] Backlog saved to data/backlog.json
2026-09-16 15:41:42,874 [INFO] ============================================================
2026-09-16 15:41:42,874 [INFO] AGENT 2: CONTENT PRODUCTION
2026-09-16 15:41:42,874 [INFO] ============================================================
2026-09-16 15:41:42,874 [INFO] Processing idea: openclaw
2026-09-16 15:41:42,874 [ERROR] Content production failed for {'type': 'github_repo', 'category': 'automation_ai', 'name': 'openclaw', 'full_name': 'openclaw/openclaw', 'url': 'https://github.com/openclaw/openclaw', 'description': 'The AI that really does things. Any OS. Any Platform. The lobster way. 🦞 ', 'stars': 389844, 'language': 'TypeScript', 'created_at': '2025-11-24T10:16:47Z', 'profit_potential': {'score': 6, 'reasons': ['High stars (389844)', 'Solves concrete problem', 'Actively maintained'], 'verdict': 'HIGH'}, 'product_idea': [{'type': 'template', 'title': 'openclaw - Production-Ready Template', 'description': 'A polished, documented, production-ready version of openclaw with best practices, tests, and deployment config included.', 'price_suggestion': '$29-99', 'platform': 'Gumroad', 'effort_estimate': '4-8 hours'}, {'type': 'tutorial', 'title': 'How to Build openclaw: Complete Guide', 'description': 'A step-by-step video course or ebook teaching how to use and extend openclaw for real-world projects.', 'price_suggestion': '$19-49', 'platform': 'Gumroad + YouTube', 'effort_estimate': '6-12 hours'}], 'content_idea': [{'type': 'video', 'title': 'This openclaw Project is INSANE (GitHub Trending)', 'description': "Showcasing openclaw - The AI that really does things. Any OS. Any Platform. The lobster way. 🦞 . This project has 389844 stars and is trending on GitHub. Let me show you why it's worth your attention.", 'format': 'showcase/review', 'duration_estimate': '5-8 minutes', 'monetization': ['adsense', 'affiliate']}, {'type': 'video', 'title': 'Build a Business with openclaw (Step by Step)', 'description': 'How to use openclaw to build something profitable. Complete walkthrough from setup to deployment.', 'format': 'tutorial', 'duration_estimate': '10-15 minutes', 'monetization': ['adsense', 'digital_product']}], 'timestamp': '2026-09-16T15:41:41.846566'}: 'AgentSwarm' object has no attribute '_generate_video'
2026-09-16 15:41:42,874 [INFO] Processing idea: superpowers
2026-09-16 15:41:42,875 [ERROR] Content production failed for {'type': 'github_repo', 'category': 'automation_ai', 'name': 'superpowers', 'full_name': 'obra/superpowers', 'url': 'https://github.com/obra/superpowers', 'description': 'An agentic skills framework & software development methodology that works.', 'stars': 287519, 'language': 'Shell', 'created_at': '2025-10-09T19:45:18Z', 'profit_potential': {'score': 4, 'reasons': ['High stars (287519)', 'Actively maintained'], 'verdict': 'MEDIUM'}, 'product_idea': [{'type': 'template', 'title': 'superpowers - Production-Ready Template', 'description': 'A polished, documented, production-ready version of superpowers with best practices, tests, and deployment config included.', 'price_suggestion': '$29-99', 'platform': 'Gumroad', 'effort_estimate': '4-8 hours'}, {'type': 'tutorial', 'title': 'How to Build superpowers: Complete Guide', 'description': 'A step-by-step video course or ebook teaching how to use and extend superpowers for real-world projects.', 'price_suggestion': '$19-49', 'platform': 'Gumroad + YouTube', 'effort_estimate': '6-12 hours'}], 'content_idea': [{'type': 'video', 'title': 'This superpowers Project is INSANE (GitHub Trending)', 'description': "Showcasing superpowers - An agentic skills framework & software development methodology that works.. This project has 287519 stars and is trending on GitHub. Let me show you why it's worth your attention.", 'format': 'showcase/review', 'duration_estimate': '5-8 minutes', 'monetization': ['adsense', 'affiliate']}, {'type': 'video', 'title': 'Build a Business with superpowers (Step by Step)', 'description': 'How to use superpowers to build something profitable. Complete walkthrough from setup to deployment.', 'format': 'tutorial', 'duration_estimate': '10-15 minutes', 'monetization': ['adsense', 'digital_product']}], 'timestamp': '2026-09-16T15:41:41.846585'}: 'AgentSwarm' object has no attribute '_generate_video'
2026-09-16 15:41:42,875 [INFO] Processing idea: hermes-agent
2026-09-16 15:41:42,875 [ERROR] Content production failed for {'type': 'github_repo', 'category': 'automation_ai', 'name': 'hermes-agent', 'full_name': 'NousResearch/hermes-agent', 'url': 'https://github.com/NousResearch/hermes-agent', 'description': 'The agent that grows with you', 'stars': 246091, 'language': 'Python', 'created_at': '2025-07-22T22:22:28Z', 'profit_potential': {'score': 4, 'reasons': ['High stars (246091)', 'Actively maintained'], 'verdict': 'MEDIUM'}, 'product_idea': [{'type': 'template', 'title': 'hermes-agent - Production-Ready Template', 'description': 'A polished, documented, production-ready version of hermes-agent with best practices, tests, and deployment config included.', 'price_suggestion': '$29-99', 'platform': 'Gumroad', 'effort_estimate': '4-8 hours'}, {'type': 'tutorial', 'title': 'How to Build hermes-agent: Complete Guide', 'description': 'A step-by-step video course or ebook teaching how to use and extend hermes-agent for real-world projects.', 'price_suggestion': '$19-49', 'platform': 'Gumroad + YouTube', 'effort_estimate': '6-12 hours'}], 'content_idea': [{'type': 'video', 'title': 'This hermes-agent Project is INSANE (GitHub Trending)', 'description': "Showcasing hermes-agent - The agent that grows with you. This project has 246091 stars and is trending on GitHub. Let me show you why it's worth your attention.", 'format': 'showcase/review', 'duration_estimate': '5-8 minutes', 'monetization': ['adsense', 'affiliate']}, {'type': 'video', 'title': 'Build a Business with hermes-agent (Step by Step)', 'description': 'How to use hermes-agent to build something profitable. Complete walkthrough from setup to deployment.', 'format': 'tutorial', 'duration_estimate': '10-15 minutes', 'monetization': ['adsense', 'digital_product']}], 'timestamp': '2026-09-16T15:41:41.846593'}: 'AgentSwarm' object has no attribute '_generate_video'
2026-09-16 15:41:42,875 [INFO] Total productions: 0
2026-09-16 15:41:42,875 [INFO] ============================================================
2026-09-16 15:41:42,875 [INFO] AGENT 4: PRODUCT CREATION
2026-09-16 15:41:42,875 [INFO] ============================================================
2026-09-16 15:41:42,875 [INFO] Creating product from: openclaw
2026-09-16 15:41:42,875 [INFO]   Product: openclaw - Production-Ready Template
2026-09-16 15:41:42,875 [INFO]   Platform: Gumroad
2026-09-16 15:41:42,875 [INFO] Creating product from: superpowers
2026-09-16 15:41:42,876 [INFO]   Product: superpowers - Production-Ready Template
2026-09-16 15:41:42,876 [INFO]   Platform: Gumroad
2026-09-16 15:41:42,876 [INFO] Created 2 products
2026-09-16 15:41:42,876 [INFO] ============================================================
2026-09-16 15:41:42,876 [INFO] AGENT 3: PUBLISHING
2026-09-16 15:41:42,876 [INFO] ============================================================
2026-09-16 15:41:42,877 [INFO] Published 0 pieces
2026-09-16 15:41:42,877 [INFO] ============================================================
2026-09-16 15:41:42,877 [INFO] AGENT 5: FINANCE TRACKING
2026-09-16 15:41:42,877 [INFO] ============================================================
2026-09-16 15:41:42,877 [INFO] Tracking revenue across platforms...
2026-09-16 15:41:42,877 [INFO]   YouTube AdSense: $0.00 (0 views)
2026-09-16 15:41:42,877 [INFO]   Gumroad Sales: $0.00 (0 sales)
2026-09-16 15:41:42,877 [INFO]   Affiliate: $0.00 (0 conversions)
2026-09-16 15:41:42,877 [INFO] Threshold check: $0.00 / $100.00 (need $100.00 more)
2026-09-16 15:41:42,877 [INFO] Total earnings tracked: $0.00
2026-09-16 15:41:42,877 [INFO] Goal: $10,000
2026-09-16 15:41:42,877 [INFO] Progress: 0.0%
2026-09-16 15:41:42,878 [INFO] ============================================================
2026-09-16 15:41:42,878 [INFO] SWARM RUN COMPLETE
2026-09-16 15:41:42,878 [INFO] ============================================================
2026-09-16 15:41:42,878 [INFO] Finished at: 2026-09-16T15:41:42.878160
2026-09-16 20:33:55,429 [INFO] ============================================================
2026-09-16 20:33:55,429 [INFO] AUTONOMOUS EARNINGS SWARM - STARTING
2026-09-16 20:33:55,429 [INFO] ============================================================
2026-09-16 20:33:55,429 [INFO] Started at: 2026-09-16T20:33:55.429727
2026-09-16 20:33:55,429 [INFO] ============================================================
2026-09-16 20:33:55,429 [INFO] AGENT 1: RESEARCH & IDEATION
2026-09-16 20:33:55,429 [INFO] ============================================================
2026-09-16 20:33:55,429 [INFO] Scanning GitHub trending repos...
2026-09-16 20:33:57,303 [INFO] Found 30 trending GitHub projects
2026-09-16 20:33:57,303 [INFO] Searching for trending topics...
2026-09-16 20:33:57,303 [INFO] Web trends found: 3
2026-09-16 20:33:57,303 [INFO] Found 3 web trends
2026-09-16 20:33:57,305 [INFO] Total ideas generated: 33
2026-09-16 20:33:57,305 [INFO] Backlog saved to data/backlog.json
2026-09-16 20:33:57,305 [INFO] ============================================================
2026-09-16 20:33:57,305 [INFO] AGENT 2: CONTENT PRODUCTION
2026-09-16 20:33:57,305 [INFO] ============================================================
2026-09-16 20:33:57,305 [INFO] Processing idea: openclaw
2026-09-16 20:33:57,305 [ERROR] Content production failed for {'type': 'github_repo', 'category': 'automation_ai', 'name': 'openclaw', 'full_name': 'openclaw/openclaw', 'url': 'https://github.com/openclaw/openclaw', 'description': 'The AI that really does things. Any OS. Any Platform. The lobster way. 🦞 ', 'stars': 389870, 'language': 'TypeScript', 'created_at': '2025-11-24T10:16:47Z', 'profit_potential': {'score': 6, 'reasons': ['High stars (389870)', 'Solves concrete problem', 'Actively maintained'], 'verdict': 'HIGH'}, 'product_idea': [{'type': 'template', 'title': 'openclaw - Production-Ready Template', 'description': 'A polished, documented, production-ready version of openclaw with best practices, tests, and deployment config included.', 'price_suggestion': '$29-99', 'platform': 'Gumroad', 'effort_estimate': '4-8 hours'}, {'type': 'tutorial', 'title': 'How to Build openclaw: Complete Guide', 'description': 'A step-by-step video course or ebook teaching how to use and extend openclaw for real-world projects.', 'price_suggestion': '$19-49', 'platform': 'Gumroad + YouTube', 'effort_estimate': '6-12 hours'}], 'content_idea': [{'type': 'video', 'title': 'This openclaw Project is INSANE (GitHub Trending)', 'description': "Showcasing openclaw - The AI that really does things. Any OS. Any Platform. The lobster way. 🦞 . This project has 389870 stars and is trending on GitHub. Let me show you why it's worth your attention.", 'format': 'showcase/review', 'duration_estimate': '5-8 minutes', 'monetization': ['adsense', 'affiliate']}, {'type': 'video', 'title': 'Build a Business with openclaw (Step by Step)', 'description': 'How to use openclaw to build something profitable. Complete walkthrough from setup to deployment.', 'format': 'tutorial', 'duration_estimate': '10-15 minutes', 'monetization': ['adsense', 'digital_product']}], 'timestamp': '2026-09-16T20:33:56.140185'}: 'AgentSwarm' object has no attribute '_generate_video'
2026-09-16 20:33:57,306 [INFO] Processing idea: superpowers
2026-09-16 20:33:57,306 [ERROR] Content production failed for {'type': 'github_repo', 'category': 'automation_ai', 'name': 'superpowers', 'full_name': 'obra/superpowers', 'url': 'https://github.com/obra/superpowers', 'description': 'An agentic skills framework & software development methodology that works.', 'stars': 287591, 'language': 'Shell', 'created_at': '2025-10-09T19:45:18Z', 'profit_potential': {'score': 4, 'reasons': ['High stars (287591)', 'Actively maintained'], 'verdict': 'MEDIUM'}, 'product_idea': [{'type': 'template', 'title': 'superpowers - Production-Ready Template', 'description': 'A polished, documented, production-ready version of superpowers with best practices, tests, and deployment config included.', 'price_suggestion': '$29-99', 'platform': 'Gumroad', 'effort_estimate': '4-8 hours'}, {'type': 'tutorial', 'title': 'How to Build superpowers: Complete Guide', 'description': 'A step-by-step video course or ebook teaching how to use and extend superpowers for real-world projects.', 'price_suggestion': '$19-49', 'platform': 'Gumroad + YouTube', 'effort_estimate': '6-12 hours'}], 'content_idea': [{'type': 'video', 'title': 'This superpowers Project is INSANE (GitHub Trending)', 'description': "Showcasing superpowers - An agentic skills framework & software development methodology that works.. This project has 287591 stars and is trending on GitHub. Let me show you why it's worth your attention.", 'format': 'showcase/review', 'duration_estimate': '5-8 minutes', 'monetization': ['adsense', 'affiliate']}, {'type': 'video', 'title': 'Build a Business with superpowers (Step by Step)', 'description': 'How to use superpowers to build something profitable. Complete walkthrough from setup to deployment.', 'format': 'tutorial', 'duration_estimate': '10-15 minutes', 'monetization': ['adsense', 'digital_product']}], 'timestamp': '2026-09-16T20:33:56.140208'}: 'AgentSwarm' object has no attribute '_generate_video'
2026-09-16 20:33:57,306 [INFO] Processing idea: hermes-agent
2026-09-16 20:33:57,306 [ERROR] Content production failed for {'type': 'github_repo', 'category': 'automation_ai', 'name': 'hermes-agent', 'full_name': 'NousResearch/hermes-agent', 'url': 'https://github.com/NousResearch/hermes-agent', 'description': 'The agent that grows with you', 'stars': 246151, 'language': 'Python', 'created_at': '2025-07-22T22:22:28Z', 'profit_potential': {'score': 4, 'reasons': ['High stars (246151)', 'Actively maintained'], 'verdict': 'MEDIUM'}, 'product_idea': [{'type': 'template', 'title': 'hermes-agent - Production-Ready Template', 'description': 'A polished, documented, production-ready version of hermes-agent with best practices, tests, and deployment config included.', 'price_suggestion': '$29-99', 'platform': 'Gumroad', 'effort_estimate': '4-8 hours'}, {'type': 'tutorial', 'title': 'How to Build hermes-agent: Complete Guide', 'description': 'A step-by-step video course or ebook teaching how to use and extend hermes-agent for real-world projects.', 'price_suggestion': '$19-49', 'platform': 'Gumroad + YouTube', 'effort_estimate': '6-12 hours'}], 'content_idea': [{'type': 'video', 'title': 'This hermes-agent Project is INSANE (GitHub Trending)', 'description': "Showcasing hermes-agent - The agent that grows with you. This project has 246151 stars and is trending on GitHub. Let me show you why it's worth your attention.", 'format': 'showcase/review', 'duration_estimate': '5-8 minutes', 'monetization': ['adsense', 'affiliate']}, {'type': 'video', 'title': 'Build a Business with hermes-agent (Step by Step)', 'description': 'How to use hermes-agent to build something profitable. Complete walkthrough from setup to deployment.', 'format': 'tutorial', 'duration_estimate': '10-15 minutes', 'monetization': ['adsense', 'digital_product']}], 'timestamp': '2026-09-16T20:33:56.140216'}: 'AgentSwarm' object has no attribute '_generate_video'
2026-09-16 20:33:57,306 [INFO] Total productions: 0
2026-09-16 20:33:57,306 [INFO] ============================================================
2026-09-16 20:33:57,306 [INFO] AGENT 4: PRODUCT CREATION
2026-09-16 20:33:57,306 [INFO] ============================================================
2026-09-16 20:33:57,306 [INFO] Creating product from: openclaw
2026-09-16 20:33:57,306 [INFO]   Product: openclaw - Production-Ready Template
2026-09-16 20:33:57,306 [INFO]   Platform: Gumroad
2026-09-16 20:33:57,306 [INFO] Creating product from: superpowers
2026-09-16 20:33:57,307 [INFO]   Product: superpowers - Production-Ready Template
2026-09-16 20:33:57,307 [INFO]   Platform: Gumroad
2026-09-16 20:33:57,307 [INFO] Created 2 products
2026-09-16 20:33:57,307 [INFO] ============================================================
2026-09-16 20:33:57,307 [INFO] AGENT 3: PUBLISHING
2026-09-16 20:33:57,307 [INFO] ============================================================
2026-09-16 20:33:57,307 [INFO] Published 0 pieces
2026-09-16 20:33:57,307 [INFO] ============================================================
2026-09-16 20:33:57,307 [INFO] AGENT 5: FINANCE TRACKING
2026-09-16 20:33:57,307 [INFO] ============================================================
2026-09-16 20:33:57,308 [INFO] Tracking revenue across platforms...
2026-09-16 20:33:57,308 [INFO]   YouTube AdSense: $0.00 (0 views)
2026-09-16 20:33:57,308 [INFO]   Gumroad Sales: $0.00 (0 sales)
2026-09-16 20:33:57,308 [INFO]   Affiliate: $0.00 (0 conversions)
2026-09-16 20:33:57,308 [INFO] Threshold check: $0.00 / $100.00 (need $100.00 more)
2026-09-16 20:33:57,308 [INFO] Total earnings tracked: $0.00
2026-09-16 20:33:57,308 [INFO] Goal: $10,000
2026-09-16 20:33:57,308 [INFO] Progress: 0.0%
2026-09-16 20:33:57,308 [INFO] ============================================================
2026-09-16 20:33:57,308 [INFO] SWARM RUN COMPLETE
2026-09-16 20:33:57,308 [INFO] ============================================================
2026-09-16 20:33:57,308 [INFO] Finished at: 2026-09-16T20:33:57.308758
2026-09-17 02:08:56,499 [INFO] ============================================================
2026-09-17 02:08:56,499 [INFO] AUTONOMOUS EARNINGS SWARM - STARTING
2026-09-17 02:08:56,499 [INFO] ============================================================
2026-09-17 02:08:56,499 [INFO] Started at: 2026-09-17T02:08:56.499969
2026-09-17 02:08:56,500 [INFO] ============================================================
2026-09-17 02:08:56,500 [INFO] AGENT 1: RESEARCH & IDEATION
2026-09-17 02:08:56,500 [INFO] ============================================================
2026-09-17 02:08:56,500 [INFO] Scanning GitHub trending repos...
2026-09-17 02:08:58,057 [INFO] Found 30 trending GitHub projects
2026-09-17 02:08:58,057 [INFO] Searching for trending topics...
2026-09-17 02:08:58,057 [INFO] Web trends found: 3
2026-09-17 02:08:58,057 [INFO] Found 3 web trends
2026-09-17 02:08:58,059 [INFO] Total ideas generated: 33
2026-09-17 02:08:58,059 [INFO] Backlog saved to data/backlog.json
2026-09-17 02:08:58,059 [INFO] ============================================================
2026-09-17 02:08:58,059 [INFO] AGENT 2: CONTENT PRODUCTION
2026-09-17 02:08:58,059 [INFO] ============================================================
2026-09-17 02:08:58,059 [INFO] Processing idea: openclaw
2026-09-17 02:08:58,059 [ERROR] Content production failed for {'type': 'github_repo', 'category': 'automation_ai', 'name': 'openclaw', 'full_name': 'openclaw/openclaw', 'url': 'https://github.com/openclaw/openclaw', 'description': 'The AI that really does things. Any OS. Any Platform. The lobster way. 🦞 ', 'stars': 389908, 'language': 'TypeScript', 'created_at': '2025-11-24T10:16:47Z', 'profit_potential': {'score': 6, 'reasons': ['High stars (389908)', 'Solves concrete problem', 'Actively maintained'], 'verdict': 'HIGH'}, 'product_idea': [{'type': 'template', 'title': 'openclaw - Production-Ready Template', 'description': 'A polished, documented, production-ready version of openclaw with best practices, tests, and deployment config included.', 'price_suggestion': '$29-99', 'platform': 'Gumroad', 'effort_estimate': '4-8 hours'}, {'type': 'tutorial', 'title': 'How to Build openclaw: Complete Guide', 'description': 'A step-by-step video course or ebook teaching how to use and extend openclaw for real-world projects.', 'price_suggestion': '$19-49', 'platform': 'Gumroad + YouTube', 'effort_estimate': '6-12 hours'}], 'content_idea': [{'type': 'video', 'title': 'This openclaw Project is INSANE (GitHub Trending)', 'description': "Showcasing openclaw - The AI that really does things. Any OS. Any Platform. The lobster way. 🦞 . This project has 389908 stars and is trending on GitHub. Let me show you why it's worth your attention.", 'format': 'showcase/review', 'duration_estimate': '5-8 minutes', 'monetization': ['adsense', 'affiliate']}, {'type': 'video', 'title': 'Build a Business with openclaw (Step by Step)', 'description': 'How to use openclaw to build something profitable. Complete walkthrough from setup to deployment.', 'format': 'tutorial', 'duration_estimate': '10-15 minutes', 'monetization': ['adsense', 'digital_product']}], 'timestamp': '2026-09-17T02:08:57.031574'}: 'AgentSwarm' object has no attribute '_generate_video'
2026-09-17 02:08:58,060 [INFO] Processing idea: superpowers
2026-09-17 02:08:58,060 [ERROR] Content production failed for {'type': 'github_repo', 'category': 'automation_ai', 'name': 'superpowers', 'full_name': 'obra/superpowers', 'url': 'https://github.com/obra/superpowers', 'description': 'An agentic skills framework & software development methodology that works.', 'stars': 287650, 'language': 'Shell', 'created_at': '2025-10-09T19:45:18Z', 'profit_potential': {'score': 4, 'reasons': ['High stars (287650)', 'Actively maintained'], 'verdict': 'MEDIUM'}, 'product_idea': [{'type': 'template', 'title': 'superpowers - Production-Ready Template', 'description': 'A polished, documented, production-ready version of superpowers with best practices, tests, and deployment config included.', 'price_suggestion': '$29-99', 'platform': 'Gumroad', 'effort_estimate': '4-8 hours'}, {'type': 'tutorial', 'title': 'How to Build superpowers: Complete Guide', 'description': 'A step-by-step video course or ebook teaching how to use and extend superpowers for real-world projects.', 'price_suggestion': '$19-49', 'platform': 'Gumroad + YouTube', 'effort_estimate': '6-12 hours'}], 'content_idea': [{'type': 'video', 'title': 'This superpowers Project is INSANE (GitHub Trending)', 'description': "Showcasing superpowers - An agentic skills framework & software development methodology that works.. This project has 287650 stars and is trending on GitHub. Let me show you why it's worth your attention.", 'format': 'showcase/review', 'duration_estimate': '5-8 minutes', 'monetization': ['adsense', 'affiliate']}, {'type': 'video', 'title': 'Build a Business with superpowers (Step by Step)', 'description': 'How to use superpowers to build something profitable. Complete walkthrough from setup to deployment.', 'format': 'tutorial', 'duration_estimate': '10-15 minutes', 'monetization': ['adsense', 'digital_product']}], 'timestamp': '2026-09-17T02:08:57.031598'}: 'AgentSwarm' object has no attribute '_generate_video'
2026-09-17 02:08:58,060 [INFO] Processing idea: hermes-agent
2026-09-17 02:08:58,060 [ERROR] Content production failed for {'type': 'github_repo', 'category': 'automation_ai', 'name': 'hermes-agent', 'full_name': 'NousResearch/hermes-agent', 'url': 'https://github.com/NousResearch/hermes-agent', 'description': 'The agent that grows with you', 'stars': 246214, 'language': 'Python', 'created_at': '2025-07-22T22:22:28Z', 'profit_potential': {'score': 4, 'reasons': ['High stars (246214)', 'Actively maintained'], 'verdict': 'MEDIUM'}, 'product_idea': [{'type': 'template', 'title': 'hermes-agent - Production-Ready Template', 'description': 'A polished, documented, production-ready version of hermes-agent with best practices, tests, and deployment config included.', 'price_suggestion': '$29-99', 'platform': 'Gumroad', 'effort_estimate': '4-8 hours'}, {'type': 'tutorial', 'title': 'How to Build hermes-agent: Complete Guide', 'description': 'A step-by-step video course or ebook teaching how to use and extend hermes-agent for real-world projects.', 'price_suggestion': '$19-49', 'platform': 'Gumroad + YouTube', 'effort_estimate': '6-12 hours'}], 'content_idea': [{'type': 'video', 'title': 'This hermes-agent Project is INSANE (GitHub Trending)', 'description': "Showcasing hermes-agent - The agent that grows with you. This project has 246214 stars and is trending on GitHub. Let me show you why it's worth your attention.", 'format': 'showcase/review', 'duration_estimate': '5-8 minutes', 'monetization': ['adsense', 'affiliate']}, {'type': 'video', 'title': 'Build a Business with hermes-agent (Step by Step)', 'description': 'How to use hermes-agent to build something profitable. Complete walkthrough from setup to deployment.', 'format': 'tutorial', 'duration_estimate': '10-15 minutes', 'monetization': ['adsense', 'digital_product']}], 'timestamp': '2026-09-17T02:08:57.031607'}: 'AgentSwarm' object has no attribute '_generate_video'
2026-09-17 02:08:58,060 [INFO] Total productions: 0
2026-09-17 02:08:58,060 [INFO] ============================================================
2026-09-17 02:08:58,060 [INFO] AGENT 4: PRODUCT CREATION
2026-09-17 02:08:58,060 [INFO] ============================================================
2026-09-17 02:08:58,060 [INFO] Creating product from: openclaw
2026-09-17 02:08:58,060 [INFO]   Product: openclaw - Production-Ready Template
2026-09-17 02:08:58,060 [INFO]   Platform: Gumroad
2026-09-17 02:08:58,060 [INFO] Creating product from: superpowers
2026-09-17 02:08:58,060 [INFO]   Product: superpowers - Production-Ready Template
2026-09-17 02:08:58,060 [INFO]   Platform: Gumroad
2026-09-17 02:08:58,061 [INFO] Created 2 products
2026-09-17 02:08:58,061 [INFO] ============================================================
2026-09-17 02:08:58,061 [INFO] AGENT 3: PUBLISHING
2026-09-17 02:08:58,061 [INFO] ============================================================
2026-09-17 02:08:58,061 [INFO] Published 0 pieces
2026-09-17 02:08:58,061 [INFO] ============================================================
2026-09-17 02:08:58,061 [INFO] AGENT 5: FINANCE TRACKING
2026-09-17 02:08:58,061 [INFO] ============================================================
2026-09-17 02:08:58,061 [INFO] Tracking revenue across platforms...
2026-09-17 02:08:58,061 [INFO]   YouTube AdSense: $0.00 (0 views)
2026-09-17 02:08:58,061 [INFO]   Gumroad Sales: $0.00 (0 sales)
2026-09-17 02:08:58,061 [INFO]   Affiliate: $0.00 (0 conversions)
2026-09-17 02:08:58,061 [INFO] Threshold check: $0.00 / $100.00 (need $100.00 more)
2026-09-17 02:08:58,062 [INFO] Total earnings tracked: $0.00
2026-09-17 02:08:58,062 [INFO] Goal: $10,000
2026-09-17 02:08:58,062 [INFO] Progress: 0.0%
2026-09-17 02:08:58,062 [INFO] ============================================================
2026-09-17 02:08:58,062 [INFO] SWARM RUN COMPLETE
2026-09-17 02:08:58,062 [INFO] ============================================================
2026-09-17 02:08:58,062 [INFO] Finished at: 2026-09-17T02:08:58.062327
2026-09-17 10:34:23,710 [INFO] ============================================================
2026-09-17 10:34:23,710 [INFO] AUTONOMOUS EARNINGS SWARM - STARTING
2026-09-17 10:34:23,710 [INFO] ============================================================
2026-09-17 10:34:23,710 [INFO] Started at: 2026-09-17T10:34:23.710517
2026-09-17 10:34:23,710 [INFO] ============================================================
2026-09-17 10:34:23,710 [INFO] AGENT 1: RESEARCH & IDEATION
2026-09-17 10:34:23,710 [INFO] ============================================================
2026-09-17 10:34:23,710 [INFO] Scanning GitHub trending repos...
2026-09-17 10:34:25,137 [INFO] Found 30 trending GitHub projects
2026-09-17 10:34:25,138 [INFO] Searching for trending topics...
2026-09-17 10:34:25,138 [INFO] Web trends found: 3
2026-09-17 10:34:25,138 [INFO] Found 3 web trends
2026-09-17 10:34:25,139 [INFO] Total ideas generated: 33
2026-09-17 10:34:25,139 [INFO] Backlog saved to data/backlog.json
2026-09-17 10:34:25,139 [INFO] ============================================================
2026-09-17 10:34:25,139 [INFO] AGENT 2: CONTENT PRODUCTION
2026-09-17 10:34:25,139 [INFO] ============================================================
2026-09-17 10:34:25,139 [INFO] Processing idea: openclaw
2026-09-17 10:34:25,139 [ERROR] Content production failed for {'type': 'github_repo', 'category': 'automation_ai', 'name': 'openclaw', 'full_name': 'openclaw/openclaw', 'url': 'https://github.com/openclaw/openclaw', 'description': 'The AI that really does things. Any OS. Any Platform. The lobster way. 🦞 ', 'stars': 389944, 'language': 'TypeScript', 'created_at': '2025-11-24T10:16:47Z', 'profit_potential': {'score': 6, 'reasons': ['High stars (389944)', 'Solves concrete problem', 'Actively maintained'], 'verdict': 'HIGH'}, 'product_idea': [{'type': 'template', 'title': 'openclaw - Production-Ready Template', 'description': 'A polished, documented, production-ready version of openclaw with best practices, tests, and deployment config included.', 'price_suggestion': '$29-99', 'platform': 'Gumroad', 'effort_estimate': '4-8 hours'}, {'type': 'tutorial', 'title': 'How to Build openclaw: Complete Guide', 'description': 'A step-by-step video course or ebook teaching how to use and extend openclaw for real-world projects.', 'price_suggestion': '$19-49', 'platform': 'Gumroad + YouTube', 'effort_estimate': '6-12 hours'}], 'content_idea': [{'type': 'video', 'title': 'This openclaw Project is INSANE (GitHub Trending)', 'description': "Showcasing openclaw - The AI that really does things. Any OS. Any Platform. The lobster way. 🦞 . This project has 389944 stars and is trending on GitHub. Let me show you why it's worth your attention.", 'format': 'showcase/review', 'duration_estimate': '5-8 minutes', 'monetization': ['adsense', 'affiliate']}, {'type': 'video', 'title': 'Build a Business with openclaw (Step by Step)', 'description': 'How to use openclaw to build something profitable. Complete walkthrough from setup to deployment.', 'format': 'tutorial', 'duration_estimate': '10-15 minutes', 'monetization': ['adsense', 'digital_product']}], 'timestamp': '2026-09-17T10:34:24.250589'}: 'AgentSwarm' object has no attribute '_generate_video'
2026-09-17 10:34:25,140 [INFO] Processing idea: superpowers
2026-09-17 10:34:25,140 [ERROR] Content production failed for {'type': 'github_repo', 'category': 'automation_ai', 'name': 'superpowers', 'full_name': 'obra/superpowers', 'url': 'https://github.com/obra/superpowers', 'description': 'An agentic skills framework & software development methodology that works.', 'stars': 287855, 'language': 'Shell', 'created_at': '2025-10-09T19:45:18Z', 'profit_potential': {'score': 4, 'reasons': ['High stars (287855)', 'Actively maintained'], 'verdict': 'MEDIUM'}, 'product_idea': [{'type': 'template', 'title': 'superpowers - Production-Ready Template', 'description': 'A polished, documented, production-ready version of superpowers with best practices, tests, and deployment config included.', 'price_suggestion': '$29-99', 'platform': 'Gumroad', 'effort_estimate': '4-8 hours'}, {'type': 'tutorial', 'title': 'How to Build superpowers: Complete Guide', 'description': 'A step-by-step video course or ebook teaching how to use and extend superpowers for real-world projects.', 'price_suggestion': '$19-49', 'platform': 'Gumroad + YouTube', 'effort_estimate': '6-12 hours'}], 'content_idea': [{'type': 'video', 'title': 'This superpowers Project is INSANE (GitHub Trending)', 'description': "Showcasing superpowers - An agentic skills framework & software development methodology that works.. This project has 287855 stars and is trending on GitHub. Let me show you why it's worth your attention.", 'format': 'showcase/review', 'duration_estimate': '5-8 minutes', 'monetization': ['adsense', 'affiliate']}, {'type': 'video', 'title': 'Build a Business with superpowers (Step by Step)', 'description': 'How to use superpowers to build something profitable. Complete walkthrough from setup to deployment.', 'format': 'tutorial', 'duration_estimate': '10-15 minutes', 'monetization': ['adsense', 'digital_product']}], 'timestamp': '2026-09-17T10:34:24.250609'}: 'AgentSwarm' object has no attribute '_generate_video'
2026-09-17 10:34:25,140 [INFO] Processing idea: hermes-agent
2026-09-17 10:34:25,140 [ERROR] Content production failed for {'type': 'github_repo', 'category': 'automation_ai', 'name': 'hermes-agent', 'full_name': 'NousResearch/hermes-agent', 'url': 'https://github.com/NousResearch/hermes-agent', 'description': 'The agent that grows with you', 'stars': 246361, 'language': 'Python', 'created_at': '2025-07-22T22:22:28Z', 'profit_potential': {'score': 4, 'reasons': ['High stars (246361)', 'Actively maintained'], 'verdict': 'MEDIUM'}, 'product_idea': [{'type': 'template', 'title': 'hermes-agent - Production-Ready Template', 'description': 'A polished, documented, production-ready version of hermes-agent with best practices, tests, and deployment config included.', 'price_suggestion': '$29-99', 'platform': 'Gumroad', 'effort_estimate': '4-8 hours'}, {'type': 'tutorial', 'title': 'How to Build hermes-agent: Complete Guide', 'description': 'A step-by-step video course or ebook teaching how to use and extend hermes-agent for real-world projects.', 'price_suggestion': '$19-49', 'platform': 'Gumroad + YouTube', 'effort_estimate': '6-12 hours'}], 'content_idea': [{'type': 'video', 'title': 'This hermes-agent Project is INSANE (GitHub Trending)', 'description': "Showcasing hermes-agent - The agent that grows with you. This project has 246361 stars and is trending on GitHub. Let me show you why it's worth your attention.", 'format': 'showcase/review', 'duration_estimate': '5-8 minutes', 'monetization': ['adsense', 'affiliate']}, {'type': 'video', 'title': 'Build a Business with hermes-agent (Step by Step)', 'description': 'How to use hermes-agent to build something profitable. Complete walkthrough from setup to deployment.', 'format': 'tutorial', 'duration_estimate': '10-15 minutes', 'monetization': ['adsense', 'digital_product']}], 'timestamp': '2026-09-17T10:34:24.250617'}: 'AgentSwarm' object has no attribute '_generate_video'
2026-09-17 10:34:25,140 [INFO] Total productions: 0
2026-09-17 10:34:25,140 [INFO] ============================================================
2026-09-17 10:34:25,140 [INFO] AGENT 4: PRODUCT CREATION
2026-09-17 10:34:25,140 [INFO] ============================================================
2026-09-17 10:34:25,140 [INFO] Creating product from: openclaw
2026-09-17 10:34:25,140 [INFO]   Product: openclaw - Production-Ready Template
2026-09-17 10:34:25,140 [INFO]   Platform: Gumroad
2026-09-17 10:34:25,140 [INFO] Creating product from: superpowers
2026-09-17 10:34:25,140 [INFO]   Product: superpowers - Production-Ready Template
2026-09-17 10:34:25,140 [INFO]   Platform: Gumroad
2026-09-17 10:34:25,141 [INFO] Created 2 products
2026-09-17 10:34:25,141 [INFO] ============================================================
2026-09-17 10:34:25,141 [INFO] AGENT 3: PUBLISHING
2026-09-17 10:34:25,141 [INFO] ============================================================
2026-09-17 10:34:25,141 [INFO] Published 0 pieces
2026-09-17 10:34:25,141 [INFO] ============================================================
2026-09-17 10:34:25,141 [INFO] AGENT 5: FINANCE TRACKING
2026-09-17 10:34:25,141 [INFO] ============================================================
2026-09-17 10:34:25,141 [INFO] Tracking revenue across platforms...
2026-09-17 10:34:25,141 [INFO]   YouTube AdSense: $0.00 (0 views)
2026-09-17 10:34:25,141 [INFO]   Gumroad Sales: $0.00 (0 sales)
2026-09-17 10:34:25,141 [INFO]   Affiliate: $0.00 (0 conversions)
2026-09-17 10:34:25,141 [INFO] Threshold check: $0.00 / $100.00 (need $100.00 more)
2026-09-17 10:34:25,141 [INFO] Total earnings tracked: $0.00
2026-09-17 10:34:25,141 [INFO] Goal: $10,000
2026-09-17 10:34:25,141 [INFO] Progress: 0.0%
2026-09-17 10:34:25,141 [INFO] ============================================================
2026-09-17 10:34:25,141 [INFO] SWARM RUN COMPLETE
2026-09-17 10:34:25,141 [INFO] ============================================================
2026-09-17 10:34:25,142 [INFO] Finished at: 2026-09-17T10:34:25.142001
2026-09-17 15:47:54,099 [INFO] ============================================================
2026-09-17 15:47:54,099 [INFO] AUTONOMOUS EARNINGS SWARM - STARTING
2026-09-17 15:47:54,099 [INFO] ============================================================
2026-09-17 15:47:54,099 [INFO] Started at: 2026-09-17T15:47:54.099217
2026-09-17 15:47:54,099 [INFO] ============================================================
2026-09-17 15:47:54,099 [INFO] AGENT 1: RESEARCH & IDEATION
2026-09-17 15:47:54,099 [INFO] ============================================================
2026-09-17 15:47:54,099 [INFO] Scanning GitHub trending repos...
2026-09-17 15:47:55,660 [INFO] Found 30 trending GitHub projects
2026-09-17 15:47:55,660 [INFO] Searching for trending topics...
2026-09-17 15:47:55,660 [INFO] Web trends found: 3
2026-09-17 15:47:55,660 [INFO] Found 3 web trends
2026-09-17 15:47:55,662 [INFO] Total ideas generated: 33
2026-09-17 15:47:55,662 [INFO] Backlog saved to data/backlog.json
2026-09-17 15:47:55,662 [INFO] ============================================================
2026-09-17 15:47:55,662 [INFO] AGENT 2: CONTENT PRODUCTION
2026-09-17 15:47:55,662 [INFO] ============================================================
2026-09-17 15:47:55,662 [INFO] Processing idea: openclaw
2026-09-17 15:47:55,662 [ERROR] Content production failed for {'type': 'github_repo', 'category': 'automation_ai', 'name': 'openclaw', 'full_name': 'openclaw/openclaw', 'url': 'https://github.com/openclaw/openclaw', 'description': 'The AI that really does things. Any OS. Any Platform. The lobster way. 🦞 ', 'stars': 389972, 'language': 'TypeScript', 'created_at': '2025-11-24T10:16:47Z', 'profit_potential': {'score': 6, 'reasons': ['High stars (389972)', 'Solves concrete problem', 'Actively maintained'], 'verdict': 'HIGH'}, 'product_idea': [{'type': 'template', 'title': 'openclaw - Production-Ready Template', 'description': 'A polished, documented, production-ready version of openclaw with best practices, tests, and deployment config included.', 'price_suggestion': '$29-99', 'platform': 'Gumroad', 'effort_estimate': '4-8 hours'}, {'type': 'tutorial', 'title': 'How to Build openclaw: Complete Guide', 'description': 'A step-by-step video course or ebook teaching how to use and extend openclaw for real-world projects.', 'price_suggestion': '$19-49', 'platform': 'Gumroad + YouTube', 'effort_estimate': '6-12 hours'}], 'content_idea': [{'type': 'video', 'title': 'This openclaw Project is INSANE (GitHub Trending)', 'description': "Showcasing openclaw - The AI that really does things. Any OS. Any Platform. The lobster way. 🦞 . This project has 389972 stars and is trending on GitHub. Let me show you why it's worth your attention.", 'format': 'showcase/review', 'duration_estimate': '5-8 minutes', 'monetization': ['adsense', 'affiliate']}, {'type': 'video', 'title': 'Build a Business with openclaw (Step by Step)', 'description': 'How to use openclaw to build something profitable. Complete walkthrough from setup to deployment.', 'format': 'tutorial', 'duration_estimate': '10-15 minutes', 'monetization': ['adsense', 'digital_product']}], 'timestamp': '2026-09-17T15:47:54.772151'}: 'AgentSwarm' object has no attribute '_generate_video'
2026-09-17 15:47:55,662 [INFO] Processing idea: superpowers
2026-09-17 15:47:55,663 [ERROR] Content production failed for {'type': 'github_repo', 'category': 'automation_ai', 'name': 'superpowers', 'full_name': 'obra/superpowers', 'url': 'https://github.com/obra/superpowers', 'description': 'An agentic skills framework & software development methodology that works.', 'stars': 287987, 'language': 'Shell', 'created_at': '2025-10-09T19:45:18Z', 'profit_potential': {'score': 4, 'reasons': ['High stars (287987)', 'Actively maintained'], 'verdict': 'MEDIUM'}, 'product_idea': [{'type': 'template', 'title': 'superpowers - Production-Ready Template', 'description': 'A polished, documented, production-ready version of superpowers with best practices, tests, and deployment config included.', 'price_suggestion': '$29-99', 'platform': 'Gumroad', 'effort_estimate': '4-8 hours'}, {'type': 'tutorial', 'title': 'How to Build superpowers: Complete Guide', 'description': 'A step-by-step video course or ebook teaching how to use and extend superpowers for real-world projects.', 'price_suggestion': '$19-49', 'platform': 'Gumroad + YouTube', 'effort_estimate': '6-12 hours'}], 'content_idea': [{'type': 'video', 'title': 'This superpowers Project is INSANE (GitHub Trending)', 'description': "Showcasing superpowers - An agentic skills framework & software development methodology that works.. This project has 287987 stars and is trending on GitHub. Let me show you why it's worth your attention.", 'format': 'showcase/review', 'duration_estimate': '5-8 minutes', 'monetization': ['adsense', 'affiliate']}, {'type': 'video', 'title': 'Build a Business with superpowers (Step by Step)', 'description': 'How to use superpowers to build something profitable. Complete walkthrough from setup to deployment.', 'format': 'tutorial', 'duration_estimate': '10-15 minutes', 'monetization': ['adsense', 'digital_product']}], 'timestamp': '2026-09-17T15:47:54.772178'}: 'AgentSwarm' object has no attribute '_generate_video'
2026-09-17 15:47:55,663 [INFO] Processing idea: hermes-agent
2026-09-17 15:47:55,663 [ERROR] Content production failed for {'type': 'github_repo', 'category': 'automation_ai', 'name': 'hermes-agent', 'full_name': 'NousResearch/hermes-agent', 'url': 'https://github.com/NousResearch/hermes-agent', 'description': 'The agent that grows with you', 'stars': 246438, 'language': 'Python', 'created_at': '2025-07-22T22:22:28Z', 'profit_potential': {'score': 4, 'reasons': ['High stars (246438)', 'Actively maintained'], 'verdict': 'MEDIUM'}, 'product_idea': [{'type': 'template', 'title': 'hermes-agent - Production-Ready Template', 'description': 'A polished, documented, production-ready version of hermes-agent with best practices, tests, and deployment config included.', 'price_suggestion': '$29-99', 'platform': 'Gumroad', 'effort_estimate': '4-8 hours'}, {'type': 'tutorial', 'title': 'How to Build hermes-agent: Complete Guide', 'description': 'A step-by-step video course or ebook teaching how to use and extend hermes-agent for real-world projects.', 'price_suggestion': '$19-49', 'platform': 'Gumroad + YouTube', 'effort_estimate': '6-12 hours'}], 'content_idea': [{'type': 'video', 'title': 'This hermes-agent Project is INSANE (GitHub Trending)', 'description': "Showcasing hermes-agent - The agent that grows with you. This project has 246438 stars and is trending on GitHub. Let me show you why it's worth your attention.", 'format': 'showcase/review', 'duration_estimate': '5-8 minutes', 'monetization': ['adsense', 'affiliate']}, {'type': 'video', 'title': 'Build a Business with hermes-agent (Step by Step)', 'description': 'How to use hermes-agent to build something profitable. Complete walkthrough from setup to deployment.', 'format': 'tutorial', 'duration_estimate': '10-15 minutes', 'monetization': ['adsense', 'digital_product']}], 'timestamp': '2026-09-17T15:47:54.772186'}: 'AgentSwarm' object has no attribute '_generate_video'
2026-09-17 15:47:55,663 [INFO] Total productions: 0
2026-09-17 15:47:55,663 [INFO] ============================================================
2026-09-17 15:47:55,663 [INFO] AGENT 4: PRODUCT CREATION
2026-09-17 15:47:55,663 [INFO] ============================================================
2026-09-17 15:47:55,663 [INFO] Creating product from: openclaw
2026-09-17 15:47:55,663 [INFO]   Product: openclaw - Production-Ready Template
2026-09-17 15:47:55,663 [INFO]   Platform: Gumroad
2026-09-17 15:47:55,663 [INFO] Creating product from: superpowers
2026-09-17 15:47:55,663 [INFO]   Product: superpowers - Production-Ready Template
2026-09-17 15:47:55,663 [INFO]   Platform: Gumroad
2026-09-17 15:47:55,664 [INFO] Created 2 products
2026-09-17 15:47:55,664 [INFO] ============================================================
2026-09-17 15:47:55,664 [INFO] AGENT 3: PUBLISHING
2026-09-17 15:47:55,664 [INFO] ============================================================
2026-09-17 15:47:55,664 [INFO] Published 0 pieces
2026-09-17 15:47:55,664 [INFO] ============================================================
2026-09-17 15:47:55,664 [INFO] AGENT 5: FINANCE TRACKING
2026-09-17 15:47:55,664 [INFO] ============================================================
2026-09-17 15:47:55,664 [INFO] Tracking revenue across platforms...
2026-09-17 15:47:55,664 [INFO]   YouTube AdSense: $0.00 (0 views)
2026-09-17 15:47:55,664 [INFO]   Gumroad Sales: $0.00 (0 sales)
2026-09-17 15:47:55,664 [INFO]   Affiliate: $0.00 (0 conversions)
2026-09-17 15:47:55,664 [INFO] Threshold check: $0.00 / $100.00 (need $100.00 more)
2026-09-17 15:47:55,664 [INFO] Total earnings tracked: $0.00
2026-09-17 15:47:55,664 [INFO] Goal: $10,000
2026-09-17 15:47:55,664 [INFO] Progress: 0.0%
2026-09-17 15:47:55,664 [INFO] ============================================================
2026-09-17 15:47:55,664 [INFO] SWARM RUN COMPLETE
2026-09-17 15:47:55,664 [INFO] ============================================================
2026-09-17 15:47:55,664 [INFO] Finished at: 2026-09-17T15:47:55.664858
2026-09-17 20:41:04,002 [INFO] ============================================================
2026-09-17 20:41:04,002 [INFO] AUTONOMOUS EARNINGS SWARM - STARTING
2026-09-17 20:41:04,002 [INFO] ============================================================
2026-09-17 20:41:04,002 [INFO] Started at: 2026-09-17T20:41:04.002201
2026-09-17 20:41:04,002 [INFO] ============================================================
2026-09-17 20:41:04,002 [INFO] AGENT 1: RESEARCH & IDEATION
2026-09-17 20:41:04,002 [INFO] ============================================================
2026-09-17 20:41:04,002 [INFO] Scanning GitHub trending repos...
2026-09-17 20:41:05,623 [INFO] Found 30 trending GitHub projects
2026-09-17 20:41:05,624 [INFO] Searching for trending topics...
2026-09-17 20:41:05,624 [INFO] Web trends found: 3
2026-09-17 20:41:05,624 [INFO] Found 3 web trends
2026-09-17 20:41:05,626 [INFO] Total ideas generated: 33
2026-09-17 20:41:05,626 [INFO] Backlog saved to data/backlog.json
2026-09-17 20:41:05,626 [INFO] ============================================================
2026-09-17 20:41:05,626 [INFO] AGENT 2: CONTENT PRODUCTION
2026-09-17 20:41:05,626 [INFO] ============================================================
2026-09-17 20:41:05,626 [INFO] Processing idea: openclaw
2026-09-17 20:41:05,626 [ERROR] Content production failed for {'type': 'github_repo', 'category': 'automation_ai', 'name': 'openclaw', 'full_name': 'openclaw/openclaw', 'url': 'https://github.com/openclaw/openclaw', 'description': 'The AI that really does things. Any OS. Any Platform. The lobster way. 🦞 ', 'stars': 389984, 'language': 'TypeScript', 'created_at': '2025-11-24T10:16:47Z', 'profit_potential': {'score': 6, 'reasons': ['High stars (389984)', 'Solves concrete problem', 'Actively maintained'], 'verdict': 'HIGH'}, 'product_idea': [{'type': 'template', 'title': 'openclaw - Production-Ready Template', 'description': 'A polished, documented, production-ready version of openclaw with best practices, tests, and deployment config included.', 'price_suggestion': '$29-99', 'platform': 'Gumroad', 'effort_estimate': '4-8 hours'}, {'type': 'tutorial', 'title': 'How to Build openclaw: Complete Guide', 'description': 'A step-by-step video course or ebook teaching how to use and extend openclaw for real-world projects.', 'price_suggestion': '$19-49', 'platform': 'Gumroad + YouTube', 'effort_estimate': '6-12 hours'}], 'content_idea': [{'type': 'video', 'title': 'This openclaw Project is INSANE (GitHub Trending)', 'description': "Showcasing openclaw - The AI that really does things. Any OS. Any Platform. The lobster way. 🦞 . This project has 389984 stars and is trending on GitHub. Let me show you why it's worth your attention.", 'format': 'showcase/review', 'duration_estimate': '5-8 minutes', 'monetization': ['adsense', 'affiliate']}, {'type': 'video', 'title': 'Build a Business with openclaw (Step by Step)', 'description': 'How to use openclaw to build something profitable. Complete walkthrough from setup to deployment.', 'format': 'tutorial', 'duration_estimate': '10-15 minutes', 'monetization': ['adsense', 'digital_product']}], 'timestamp': '2026-09-17T20:41:04.701536'}: 'AgentSwarm' object has no attribute '_generate_video'
2026-09-17 20:41:05,626 [INFO] Processing idea: superpowers
2026-09-17 20:41:05,627 [ERROR] Content production failed for {'type': 'github_repo', 'category': 'automation_ai', 'name': 'superpowers', 'full_name': 'obra/superpowers', 'url': 'https://github.com/obra/superpowers', 'description': 'An agentic skills framework & software development methodology that works.', 'stars': 288068, 'language': 'Shell', 'created_at': '2025-10-09T19:45:18Z', 'profit_potential': {'score': 4, 'reasons': ['High stars (288068)', 'Actively maintained'], 'verdict': 'MEDIUM'}, 'product_idea': [{'type': 'template', 'title': 'superpowers - Production-Ready Template', 'description': 'A polished, documented, production-ready version of superpowers with best practices, tests, and deployment config included.', 'price_suggestion': '$29-99', 'platform': 'Gumroad', 'effort_estimate': '4-8 hours'}, {'type': 'tutorial', 'title': 'How to Build superpowers: Complete Guide', 'description': 'A step-by-step video course or ebook teaching how to use and extend superpowers for real-world projects.', 'price_suggestion': '$19-49', 'platform': 'Gumroad + YouTube', 'effort_estimate': '6-12 hours'}], 'content_idea': [{'type': 'video', 'title': 'This superpowers Project is INSANE (GitHub Trending)', 'description': "Showcasing superpowers - An agentic skills framework & software development methodology that works.. This project has 288068 stars and is trending on GitHub. Let me show you why it's worth your attention.", 'format': 'showcase/review', 'duration_estimate': '5-8 minutes', 'monetization': ['adsense', 'affiliate']}, {'type': 'video', 'title': 'Build a Business with superpowers (Step by Step)', 'description': 'How to use superpowers to build something profitable. Complete walkthrough from setup to deployment.', 'format': 'tutorial', 'duration_estimate': '10-15 minutes', 'monetization': ['adsense', 'digital_product']}], 'timestamp': '2026-09-17T20:41:04.701570'}: 'AgentSwarm' object has no attribute '_generate_video'
2026-09-17 20:41:05,627 [INFO] Processing idea: hermes-agent
2026-09-17 20:41:05,627 [ERROR] Content production failed for {'type': 'github_repo', 'category': 'automation_ai', 'name': 'hermes-agent', 'full_name': 'NousResearch/hermes-agent', 'url': 'https://github.com/NousResearch/hermes-agent', 'description': 'The agent that grows with you', 'stars': 246496, 'language': 'Python', 'created_at': '2025-07-22T22:22:28Z', 'profit_potential': {'score': 4, 'reasons': ['High stars (246496)', 'Actively maintained'], 'verdict': 'MEDIUM'}, 'product_idea': [{'type': 'template', 'title': 'hermes-agent - Production-Ready Template', 'description': 'A polished, documented, production-ready version of hermes-agent with best practices, tests, and deployment config included.', 'price_suggestion': '$29-99', 'platform': 'Gumroad', 'effort_estimate': '4-8 hours'}, {'type': 'tutorial', 'title': 'How to Build hermes-agent: Complete Guide', 'description': 'A step-by-step video course or ebook teaching how to use and extend hermes-agent for real-world projects.', 'price_suggestion': '$19-49', 'platform': 'Gumroad + YouTube', 'effort_estimate': '6-12 hours'}], 'content_idea': [{'type': 'video', 'title': 'This hermes-agent Project is INSANE (GitHub Trending)', 'description': "Showcasing hermes-agent - The agent that grows with you. This project has 246496 stars and is trending on GitHub. Let me show you why it's worth your attention.", 'format': 'showcase/review', 'duration_estimate': '5-8 minutes', 'monetization': ['adsense', 'affiliate']}, {'type': 'video', 'title': 'Build a Business with hermes-agent (Step by Step)', 'description': 'How to use hermes-agent to build something profitable. Complete walkthrough from setup to deployment.', 'format': 'tutorial', 'duration_estimate': '10-15 minutes', 'monetization': ['adsense', 'digital_product']}], 'timestamp': '2026-09-17T20:41:04.701580'}: 'AgentSwarm' object has no attribute '_generate_video'
2026-09-17 20:41:05,627 [INFO] Total productions: 0
2026-09-17 20:41:05,627 [INFO] ============================================================
2026-09-17 20:41:05,627 [INFO] AGENT 4: PRODUCT CREATION
2026-09-17 20:41:05,627 [INFO] ============================================================
2026-09-17 20:41:05,627 [INFO] Creating product from: openclaw
2026-09-17 20:41:05,627 [INFO]   Product: openclaw - Production-Ready Template
2026-09-17 20:41:05,627 [INFO]   Platform: Gumroad
2026-09-17 20:41:05,627 [INFO] Creating product from: superpowers
2026-09-17 20:41:05,628 [INFO]   Product: superpowers - Production-Ready Template
2026-09-17 20:41:05,628 [INFO]   Platform: Gumroad
2026-09-17 20:41:05,628 [INFO] Created 2 products
2026-09-17 20:41:05,628 [INFO] ============================================================
2026-09-17 20:41:05,628 [INFO] AGENT 3: PUBLISHING
2026-09-17 20:41:05,628 [INFO] ============================================================
2026-09-17 20:41:05,628 [INFO] Published 0 pieces
2026-09-17 20:41:05,628 [INFO] ============================================================
2026-09-17 20:41:05,628 [INFO] AGENT 5: FINANCE TRACKING
2026-09-17 20:41:05,628 [INFO] ============================================================
2026-09-17 20:41:05,629 [INFO] Tracking revenue across platforms...
2026-09-17 20:41:05,629 [INFO]   YouTube AdSense: $0.00 (0 views)
2026-09-17 20:41:05,629 [INFO]   Gumroad Sales: $0.00 (0 sales)
2026-09-17 20:41:05,629 [INFO]   Affiliate: $0.00 (0 conversions)
2026-09-17 20:41:05,629 [INFO] Threshold check: $0.00 / $100.00 (need $100.00 more)
2026-09-17 20:41:05,629 [INFO] Total earnings tracked: $0.00
2026-09-17 20:41:05,629 [INFO] Goal: $10,000
2026-09-17 20:41:05,629 [INFO] Progress: 0.0%
2026-09-17 20:41:05,629 [INFO] ============================================================
2026-09-17 20:41:05,629 [INFO] SWARM RUN COMPLETE
2026-09-17 20:41:05,629 [INFO] ============================================================
2026-09-17 20:41:05,629 [INFO] Finished at: 2026-09-17T20:41:05.629729
2026-09-18 01:56:07,968 [INFO] ============================================================
2026-09-18 01:56:07,968 [INFO] AUTONOMOUS EARNINGS SWARM - STARTING
2026-09-18 01:56:07,968 [INFO] ============================================================
2026-09-18 01:56:07,968 [INFO] Started at: 2026-09-18T01:56:07.968603
2026-09-18 01:56:07,968 [INFO] ============================================================
2026-09-18 01:56:07,968 [INFO] AGENT 1: RESEARCH & IDEATION
2026-09-18 01:56:07,968 [INFO] ============================================================
2026-09-18 01:56:07,968 [INFO] Scanning GitHub trending repos...
2026-09-18 01:56:09,459 [INFO] Found 30 trending GitHub projects
2026-09-18 01:56:09,460 [INFO] Searching for trending topics...
2026-09-18 01:56:09,460 [INFO] Web trends found: 3
2026-09-18 01:56:09,460 [INFO] Found 3 web trends
2026-09-18 01:56:09,461 [INFO] Total ideas generated: 33
2026-09-18 01:56:09,461 [INFO] Backlog saved to data/backlog.json
2026-09-18 01:56:09,461 [INFO] ============================================================
2026-09-18 01:56:09,461 [INFO] AGENT 2: CONTENT PRODUCTION
2026-09-18 01:56:09,461 [INFO] ============================================================
2026-09-18 01:56:09,461 [INFO] Processing idea: openclaw
2026-09-18 01:56:09,461 [ERROR] Content production failed for {'type': 'github_repo', 'category': 'automation_ai', 'name': 'openclaw', 'full_name': 'openclaw/openclaw', 'url': 'https://github.com/openclaw/openclaw', 'description': 'The AI that really does things. Any OS. Any Platform. The lobster way. 🦞 ', 'stars': 390013, 'language': 'TypeScript', 'created_at': '2025-11-24T10:16:47Z', 'profit_potential': {'score': 6, 'reasons': ['High stars (390013)', 'Solves concrete problem', 'Actively maintained'], 'verdict': 'HIGH'}, 'product_idea': [{'type': 'template', 'title': 'openclaw - Production-Ready Template', 'description': 'A polished, documented, production-ready version of openclaw with best practices, tests, and deployment config included.', 'price_suggestion': '$29-99', 'platform': 'Gumroad', 'effort_estimate': '4-8 hours'}, {'type': 'tutorial', 'title': 'How to Build openclaw: Complete Guide', 'description': 'A step-by-step video course or ebook teaching how to use and extend openclaw for real-world projects.', 'price_suggestion': '$19-49', 'platform': 'Gumroad + YouTube', 'effort_estimate': '6-12 hours'}], 'content_idea': [{'type': 'video', 'title': 'This openclaw Project is INSANE (GitHub Trending)', 'description': "Showcasing openclaw - The AI that really does things. Any OS. Any Platform. The lobster way. 🦞 . This project has 390013 stars and is trending on GitHub. Let me show you why it's worth your attention.", 'format': 'showcase/review', 'duration_estimate': '5-8 minutes', 'monetization': ['adsense', 'affiliate']}, {'type': 'video', 'title': 'Build a Business with openclaw (Step by Step)', 'description': 'How to use openclaw to build something profitable. Complete walkthrough from setup to deployment.', 'format': 'tutorial', 'duration_estimate': '10-15 minutes', 'monetization': ['adsense', 'digital_product']}], 'timestamp': '2026-09-18T01:56:08.477561'}: 'AgentSwarm' object has no attribute '_generate_video'
2026-09-18 01:56:09,462 [INFO] Processing idea: superpowers
2026-09-18 01:56:09,462 [ERROR] Content production failed for {'type': 'github_repo', 'category': 'automation_ai', 'name': 'superpowers', 'full_name': 'obra/superpowers', 'url': 'https://github.com/obra/superpowers', 'description': 'An agentic skills framework & software development methodology that works.', 'stars': 288145, 'language': 'Shell', 'created_at': '2025-10-09T19:45:18Z', 'profit_potential': {'score': 4, 'reasons': ['High stars (288145)', 'Actively maintained'], 'verdict': 'MEDIUM'}, 'product_idea': [{'type': 'template', 'title': 'superpowers - Production-Ready Template', 'description': 'A polished, documented, production-ready version of superpowers with best practices, tests, and deployment config included.', 'price_suggestion': '$29-99', 'platform': 'Gumroad', 'effort_estimate': '4-8 hours'}, {'type': 'tutorial', 'title': 'How to Build superpowers: Complete Guide', 'description': 'A step-by-step video course or ebook teaching how to use and extend superpowers for real-world projects.', 'price_suggestion': '$19-49', 'platform': 'Gumroad + YouTube', 'effort_estimate': '6-12 hours'}], 'content_idea': [{'type': 'video', 'title': 'This superpowers Project is INSANE (GitHub Trending)', 'description': "Showcasing superpowers - An agentic skills framework & software development methodology that works.. This project has 288145 stars and is trending on GitHub. Let me show you why it's worth your attention.", 'format': 'showcase/review', 'duration_estimate': '5-8 minutes', 'monetization': ['adsense', 'affiliate']}, {'type': 'video', 'title': 'Build a Business with superpowers (Step by Step)', 'description': 'How to use superpowers to build something profitable. Complete walkthrough from setup to deployment.', 'format': 'tutorial', 'duration_estimate': '10-15 minutes', 'monetization': ['adsense', 'digital_product']}], 'timestamp': '2026-09-18T01:56:08.477580'}: 'AgentSwarm' object has no attribute '_generate_video'
2026-09-18 01:56:09,462 [INFO] Processing idea: hermes-agent
2026-09-18 01:56:09,462 [ERROR] Content production failed for {'type': 'github_repo', 'category': 'automation_ai', 'name': 'hermes-agent', 'full_name': 'NousResearch/hermes-agent', 'url': 'https://github.com/NousResearch/hermes-agent', 'description': 'The agent that grows with you', 'stars': 246570, 'language': 'Python', 'created_at': '2025-07-22T22:22:28Z', 'profit_potential': {'score': 4, 'reasons': ['High stars (246570)', 'Actively maintained'], 'verdict': 'MEDIUM'}, 'product_idea': [{'type': 'template', 'title': 'hermes-agent - Production-Ready Template', 'description': 'A polished, documented, production-ready version of hermes-agent with best practices, tests, and deployment config included.', 'price_suggestion': '$29-99', 'platform': 'Gumroad', 'effort_estimate': '4-8 hours'}, {'type': 'tutorial', 'title': 'How to Build hermes-agent: Complete Guide', 'description': 'A step-by-step video course or ebook teaching how to use and extend hermes-agent for real-world projects.', 'price_suggestion': '$19-49', 'platform': 'Gumroad + YouTube', 'effort_estimate': '6-12 hours'}], 'content_idea': [{'type': 'video', 'title': 'This hermes-agent Project is INSANE (GitHub Trending)', 'description': "Showcasing hermes-agent - The agent that grows with you. This project has 246570 stars and is trending on GitHub. Let me show you why it's worth your attention.", 'format': 'showcase/review', 'duration_estimate': '5-8 minutes', 'monetization': ['adsense', 'affiliate']}, {'type': 'video', 'title': 'Build a Business with hermes-agent (Step by Step)', 'description': 'How to use hermes-agent to build something profitable. Complete walkthrough from setup to deployment.', 'format': 'tutorial', 'duration_estimate': '10-15 minutes', 'monetization': ['adsense', 'digital_product']}], 'timestamp': '2026-09-18T01:56:08.477586'}: 'AgentSwarm' object has no attribute '_generate_video'
2026-09-18 01:56:09,462 [INFO] Total productions: 0
2026-09-18 01:56:09,462 [INFO] ============================================================
2026-09-18 01:56:09,462 [INFO] AGENT 4: PRODUCT CREATION
2026-09-18 01:56:09,462 [INFO] ============================================================
2026-09-18 01:56:09,462 [INFO] Creating product from: openclaw
2026-09-18 01:56:09,462 [INFO]   Product: openclaw - Production-Ready Template
2026-09-18 01:56:09,462 [INFO]   Platform: Gumroad
2026-09-18 01:56:09,462 [INFO] Creating product from: superpowers
2026-09-18 01:56:09,462 [INFO]   Product: superpowers - Production-Ready Template
2026-09-18 01:56:09,462 [INFO]   Platform: Gumroad
2026-09-18 01:56:09,463 [INFO] Created 2 products
2026-09-18 01:56:09,463 [INFO] ============================================================
2026-09-18 01:56:09,463 [INFO] AGENT 3: PUBLISHING
2026-09-18 01:56:09,463 [INFO] ============================================================
2026-09-18 01:56:09,463 [INFO] Published 0 pieces
2026-09-18 01:56:09,463 [INFO] ============================================================
2026-09-18 01:56:09,463 [INFO] AGENT 5: FINANCE TRACKING
2026-09-18 01:56:09,463 [INFO] ============================================================
2026-09-18 01:56:09,463 [INFO] Tracking revenue across platforms...
2026-09-18 01:56:09,463 [INFO]   YouTube AdSense: $0.00 (0 views)
2026-09-18 01:56:09,463 [INFO]   Gumroad Sales: $0.00 (0 sales)
2026-09-18 01:56:09,463 [INFO]   Affiliate: $0.00 (0 conversions)
2026-09-18 01:56:09,463 [INFO] Threshold check: $0.00 / $100.00 (need $100.00 more)
2026-09-18 01:56:09,463 [INFO] Total earnings tracked: $0.00
2026-09-18 01:56:09,463 [INFO] Goal: $10,000
2026-09-18 01:56:09,463 [INFO] Progress: 0.0%
2026-09-18 01:56:09,463 [INFO] ============================================================
2026-09-18 01:56:09,463 [INFO] SWARM RUN COMPLETE
2026-09-18 01:56:09,463 [INFO] ============================================================
2026-09-18 01:56:09,463 [INFO] Finished at: 2026-09-18T01:56:09.463893
2026-09-18 10:10:58,908 [INFO] ============================================================
2026-09-18 10:10:58,908 [INFO] AUTONOMOUS EARNINGS SWARM - STARTING
2026-09-18 10:10:58,908 [INFO] ============================================================
2026-09-18 10:10:58,909 [INFO] Started at: 2026-09-18T10:10:58.909053
2026-09-18 10:10:58,909 [INFO] ============================================================
2026-09-18 10:10:58,909 [INFO] AGENT 1: RESEARCH & IDEATION
2026-09-18 10:10:58,909 [INFO] ============================================================
2026-09-18 10:10:58,909 [INFO] Scanning GitHub trending repos...
2026-09-18 10:11:00,372 [INFO] Found 30 trending GitHub projects
2026-09-18 10:11:00,372 [INFO] Searching for trending topics...
2026-09-18 10:11:00,372 [INFO] Web trends found: 3
2026-09-18 10:11:00,372 [INFO] Found 3 web trends
2026-09-18 10:11:00,374 [INFO] Total ideas generated: 33
2026-09-18 10:11:00,374 [INFO] Backlog saved to data/backlog.json
2026-09-18 10:11:00,374 [INFO] ============================================================
2026-09-18 10:11:00,374 [INFO] AGENT 2: CONTENT PRODUCTION
2026-09-18 10:11:00,374 [INFO] ============================================================
2026-09-18 10:11:00,374 [INFO] Processing idea: openclaw
2026-09-18 10:11:00,374 [ERROR] Content production failed for {'type': 'github_repo', 'category': 'automation_ai', 'name': 'openclaw', 'full_name': 'openclaw/openclaw', 'url': 'https://github.com/openclaw/openclaw', 'description': 'The AI that really does things. Any OS. Any Platform. The lobster way. 🦞 ', 'stars': 390027, 'language': 'TypeScript', 'created_at': '2025-11-24T10:16:47Z', 'profit_potential': {'score': 6, 'reasons': ['High stars (390027)', 'Solves concrete problem', 'Actively maintained'], 'verdict': 'HIGH'}, 'product_idea': [{'type': 'template', 'title': 'openclaw - Production-Ready Template', 'description': 'A polished, documented, production-ready version of openclaw with best practices, tests, and deployment config included.', 'price_suggestion': '$29-99', 'platform': 'Gumroad', 'effort_estimate': '4-8 hours'}, {'type': 'tutorial', 'title': 'How to Build openclaw: Complete Guide', 'description': 'A step-by-step video course or ebook teaching how to use and extend openclaw for real-world projects.', 'price_suggestion': '$19-49', 'platform': 'Gumroad + YouTube', 'effort_estimate': '6-12 hours'}], 'content_idea': [{'type': 'video', 'title': 'This openclaw Project is INSANE (GitHub Trending)', 'description': "Showcasing openclaw - The AI that really does things. Any OS. Any Platform. The lobster way. 🦞 . This project has 390027 stars and is trending on GitHub. Let me show you why it's worth your attention.", 'format': 'showcase/review', 'duration_estimate': '5-8 minutes', 'monetization': ['adsense', 'affiliate']}, {'type': 'video', 'title': 'Build a Business with openclaw (Step by Step)', 'description': 'How to use openclaw to build something profitable. Complete walkthrough from setup to deployment.', 'format': 'tutorial', 'duration_estimate': '10-15 minutes', 'monetization': ['adsense', 'digital_product']}], 'timestamp': '2026-09-18T10:10:59.633840'}: 'AgentSwarm' object has no attribute '_generate_video'
2026-09-18 10:11:00,374 [INFO] Processing idea: superpowers
2026-09-18 10:11:00,375 [ERROR] Content production failed for {'type': 'github_repo', 'category': 'automation_ai', 'name': 'superpowers', 'full_name': 'obra/superpowers', 'url': 'https://github.com/obra/superpowers', 'description': 'An agentic skills framework & software development methodology that works.', 'stars': 288311, 'language': 'Shell', 'created_at': '2025-10-09T19:45:18Z', 'profit_potential': {'score': 4, 'reasons': ['High stars (288311)', 'Actively maintained'], 'verdict': 'MEDIUM'}, 'product_idea': [{'type': 'template', 'title': 'superpowers - Production-Ready Template', 'description': 'A polished, documented, production-ready version of superpowers with best practices, tests, and deployment config included.', 'price_suggestion': '$29-99', 'platform': 'Gumroad', 'effort_estimate': '4-8 hours'}, {'type': 'tutorial', 'title': 'How to Build superpowers: Complete Guide', 'description': 'A step-by-step video course or ebook teaching how to use and extend superpowers for real-world projects.', 'price_suggestion': '$19-49', 'platform': 'Gumroad + YouTube', 'effort_estimate': '6-12 hours'}], 'content_idea': [{'type': 'video', 'title': 'This superpowers Project is INSANE (GitHub Trending)', 'description': "Showcasing superpowers - An agentic skills framework & software development methodology that works.. This project has 288311 stars and is trending on GitHub. Let me show you why it's worth your attention.", 'format': 'showcase/review', 'duration_estimate': '5-8 minutes', 'monetization': ['adsense', 'affiliate']}, {'type': 'video', 'title': 'Build a Business with superpowers (Step by Step)', 'description': 'How to use superpowers to build something profitable. Complete walkthrough from setup to deployment.', 'format': 'tutorial', 'duration_estimate': '10-15 minutes', 'monetization': ['adsense', 'digital_product']}], 'timestamp': '2026-09-18T10:10:59.633859'}: 'AgentSwarm' object has no attribute '_generate_video'
2026-09-18 10:11:00,375 [INFO] Processing idea: hermes-agent
2026-09-18 10:11:00,375 [ERROR] Content production failed for {'type': 'github_repo', 'category': 'automation_ai', 'name': 'hermes-agent', 'full_name': 'NousResearch/hermes-agent', 'url': 'https://github.com/NousResearch/hermes-agent', 'description': 'The agent that grows with you', 'stars': 246721, 'language': 'Python', 'created_at': '2025-07-22T22:22:28Z', 'profit_potential': {'score': 4, 'reasons': ['High stars (246721)', 'Actively maintained'], 'verdict': 'MEDIUM'}, 'product_idea': [{'type': 'template', 'title': 'hermes-agent - Production-Ready Template', 'description': 'A polished, documented, production-ready version of hermes-agent with best practices, tests, and deployment config included.', 'price_suggestion': '$29-99', 'platform': 'Gumroad', 'effort_estimate': '4-8 hours'}, {'type': 'tutorial', 'title': 'How to Build hermes-agent: Complete Guide', 'description': 'A step-by-step video course or ebook teaching how to use and extend hermes-agent for real-world projects.', 'price_suggestion': '$19-49', 'platform': 'Gumroad + YouTube', 'effort_estimate': '6-12 hours'}], 'content_idea': [{'type': 'video', 'title': 'This hermes-agent Project is INSANE (GitHub Trending)', 'description': "Showcasing hermes-agent - The agent that grows with you. This project has 246721 stars and is trending on GitHub. Let me show you why it's worth your attention.", 'format': 'showcase/review', 'duration_estimate': '5-8 minutes', 'monetization': ['adsense', 'affiliate']}, {'type': 'video', 'title': 'Build a Business with hermes-agent (Step by Step)', 'description': 'How to use hermes-agent to build something profitable. Complete walkthrough from setup to deployment.', 'format': 'tutorial', 'duration_estimate': '10-15 minutes', 'monetization': ['adsense', 'digital_product']}], 'timestamp': '2026-09-18T10:10:59.633867'}: 'AgentSwarm' object has no attribute '_generate_video'
2026-09-18 10:11:00,375 [INFO] Total productions: 0
2026-09-18 10:11:00,375 [INFO] ============================================================
2026-09-18 10:11:00,375 [INFO] AGENT 4: PRODUCT CREATION
2026-09-18 10:11:00,375 [INFO] ============================================================
2026-09-18 10:11:00,375 [INFO] Creating product from: openclaw
2026-09-18 10:11:00,375 [INFO]   Product: openclaw - Production-Ready Template
2026-09-18 10:11:00,375 [INFO]   Platform: Gumroad
2026-09-18 10:11:00,376 [INFO] Creating product from: superpowers
2026-09-18 10:11:00,376 [INFO]   Product: superpowers - Production-Ready Template
2026-09-18 10:11:00,376 [INFO]   Platform: Gumroad
2026-09-18 10:11:00,376 [INFO] Created 2 products
2026-09-18 10:11:00,376 [INFO] ============================================================
2026-09-18 10:11:00,376 [INFO] AGENT 3: PUBLISHING
2026-09-18 10:11:00,376 [INFO] ============================================================
2026-09-18 10:11:00,377 [INFO] Published 0 pieces
2026-09-18 10:11:00,377 [INFO] ============================================================
2026-09-18 10:11:00,377 [INFO] AGENT 5: FINANCE TRACKING
2026-09-18 10:11:00,377 [INFO] ============================================================
2026-09-18 10:11:00,377 [INFO] Tracking revenue across platforms...
2026-09-18 10:11:00,377 [INFO]   YouTube AdSense: $0.00 (0 views)
2026-09-18 10:11:00,377 [INFO]   Gumroad Sales: $0.00 (0 sales)
2026-09-18 10:11:00,377 [INFO]   Affiliate: $0.00 (0 conversions)
2026-09-18 10:11:00,377 [INFO] Threshold check: $0.00 / $100.00 (need $100.00 more)
2026-09-18 10:11:00,377 [INFO] Total earnings tracked: $0.00
2026-09-18 10:11:00,377 [INFO] Goal: $10,000
2026-09-18 10:11:00,378 [INFO] Progress: 0.0%
2026-09-18 10:11:00,378 [INFO] ============================================================
2026-09-18 10:11:00,378 [INFO] SWARM RUN COMPLETE
2026-09-18 10:11:00,378 [INFO] ============================================================
2026-09-18 10:11:00,378 [INFO] Finished at: 2026-09-18T10:11:00.378307
2026-09-18 15:20:55,443 [INFO] ============================================================
2026-09-18 15:20:55,443 [INFO] AUTONOMOUS EARNINGS SWARM - STARTING
2026-09-18 15:20:55,443 [INFO] ============================================================
2026-09-18 15:20:55,443 [INFO] Started at: 2026-09-18T15:20:55.443375
2026-09-18 15:20:55,443 [INFO] ============================================================
2026-09-18 15:20:55,443 [INFO] AGENT 1: RESEARCH & IDEATION
2026-09-18 15:20:55,443 [INFO] ============================================================
2026-09-18 15:20:55,443 [INFO] Scanning GitHub trending repos...
2026-09-18 15:20:56,665 [INFO] Found 30 trending GitHub projects
2026-09-18 15:20:56,666 [INFO] Searching for trending topics...
2026-09-18 15:20:56,666 [INFO] Web trends found: 3
2026-09-18 15:20:56,666 [INFO] Found 3 web trends
2026-09-18 15:20:56,668 [INFO] Total ideas generated: 33
2026-09-18 15:20:56,668 [INFO] Backlog saved to data/backlog.json
2026-09-18 15:20:56,668 [INFO] ============================================================
2026-09-18 15:20:56,668 [INFO] AGENT 2: CONTENT PRODUCTION
2026-09-18 15:20:56,668 [INFO] ============================================================
2026-09-18 15:20:56,668 [INFO] Processing idea: openclaw
2026-09-18 15:20:56,668 [ERROR] Content production failed for {'type': 'github_repo', 'category': 'automation_ai', 'name': 'openclaw', 'full_name': 'openclaw/openclaw', 'url': 'https://github.com/openclaw/openclaw', 'description': 'The AI that really does things. Any OS. Any Platform. The lobster way. 🦞 ', 'stars': 390030, 'language': 'TypeScript', 'created_at': '2025-11-24T10:16:47Z', 'profit_potential': {'score': 6, 'reasons': ['High stars (390030)', 'Solves concrete problem', 'Actively maintained'], 'verdict': 'HIGH'}, 'product_idea': [{'type': 'template', 'title': 'openclaw - Production-Ready Template', 'description': 'A polished, documented, production-ready version of openclaw with best practices, tests, and deployment config included.', 'price_suggestion': '$29-99', 'platform': 'Gumroad', 'effort_estimate': '4-8 hours'}, {'type': 'tutorial', 'title': 'How to Build openclaw: Complete Guide', 'description': 'A step-by-step video course or ebook teaching how to use and extend openclaw for real-world projects.', 'price_suggestion': '$19-49', 'platform': 'Gumroad + YouTube', 'effort_estimate': '6-12 hours'}], 'content_idea': [{'type': 'video', 'title': 'This openclaw Project is INSANE (GitHub Trending)', 'description': "Showcasing openclaw - The AI that really does things. Any OS. Any Platform. The lobster way. 🦞 . This project has 390030 stars and is trending on GitHub. Let me show you why it's worth your attention.", 'format': 'showcase/review', 'duration_estimate': '5-8 minutes', 'monetization': ['adsense', 'affiliate']}, {'type': 'video', 'title': 'Build a Business with openclaw (Step by Step)', 'description': 'How to use openclaw to build something profitable. Complete walkthrough from setup to deployment.', 'format': 'tutorial', 'duration_estimate': '10-15 minutes', 'monetization': ['adsense', 'digital_product']}], 'timestamp': '2026-09-18T15:20:55.980721'}: 'AgentSwarm' object has no attribute '_generate_video'
2026-09-18 15:20:56,668 [INFO] Processing idea: superpowers
2026-09-18 15:20:56,668 [ERROR] Content production failed for {'type': 'github_repo', 'category': 'automation_ai', 'name': 'superpowers', 'full_name': 'obra/superpowers', 'url': 'https://github.com/obra/superpowers', 'description': 'An agentic skills framework & software development methodology that works.', 'stars': 288423, 'language': 'Shell', 'created_at': '2025-10-09T19:45:18Z', 'profit_potential': {'score': 4, 'reasons': ['High stars (288423)', 'Actively maintained'], 'verdict': 'MEDIUM'}, 'product_idea': [{'type': 'template', 'title': 'superpowers - Production-Ready Template', 'description': 'A polished, documented, production-ready version of superpowers with best practices, tests, and deployment config included.', 'price_suggestion': '$29-99', 'platform': 'Gumroad', 'effort_estimate': '4-8 hours'}, {'type': 'tutorial', 'title': 'How to Build superpowers: Complete Guide', 'description': 'A step-by-step video course or ebook teaching how to use and extend superpowers for real-world projects.', 'price_suggestion': '$19-49', 'platform': 'Gumroad + YouTube', 'effort_estimate': '6-12 hours'}], 'content_idea': [{'type': 'video', 'title': 'This superpowers Project is INSANE (GitHub Trending)', 'description': "Showcasing superpowers - An agentic skills framework & software development methodology that works.. This project has 288423 stars and is trending on GitHub. Let me show you why it's worth your attention.", 'format': 'showcase/review', 'duration_estimate': '5-8 minutes', 'monetization': ['adsense', 'affiliate']}, {'type': 'video', 'title': 'Build a Business with superpowers (Step by Step)', 'description': 'How to use superpowers to build something profitable. Complete walkthrough from setup to deployment.', 'format': 'tutorial', 'duration_estimate': '10-15 minutes', 'monetization': ['adsense', 'digital_product']}], 'timestamp': '2026-09-18T15:20:55.980741'}: 'AgentSwarm' object has no attribute '_generate_video'
2026-09-18 15:20:56,669 [INFO] Processing idea: hermes-agent
2026-09-18 15:20:56,669 [ERROR] Content production failed for {'type': 'github_repo', 'category': 'automation_ai', 'name': 'hermes-agent', 'full_name': 'NousResearch/hermes-agent', 'url': 'https://github.com/NousResearch/hermes-agent', 'description': 'The agent that grows with you', 'stars': 246807, 'language': 'Python', 'created_at': '2025-07-22T22:22:28Z', 'profit_potential': {'score': 4, 'reasons': ['High stars (246807)', 'Actively maintained'], 'verdict': 'MEDIUM'}, 'product_idea': [{'type': 'template', 'title': 'hermes-agent - Production-Ready Template', 'description': 'A polished, documented, production-ready version of hermes-agent with best practices, tests, and deployment config included.', 'price_suggestion': '$29-99', 'platform': 'Gumroad', 'effort_estimate': '4-8 hours'}, {'type': 'tutorial', 'title': 'How to Build hermes-agent: Complete Guide', 'description': 'A step-by-step video course or ebook teaching how to use and extend hermes-agent for real-world projects.', 'price_suggestion': '$19-49', 'platform': 'Gumroad + YouTube', 'effort_estimate': '6-12 hours'}], 'content_idea': [{'type': 'video', 'title': 'This hermes-agent Project is INSANE (GitHub Trending)', 'description': "Showcasing hermes-agent - The agent that grows with you. This project has 246807 stars and is trending on GitHub. Let me show you why it's worth your attention.", 'format': 'showcase/review', 'duration_estimate': '5-8 minutes', 'monetization': ['adsense', 'affiliate']}, {'type': 'video', 'title': 'Build a Business with hermes-agent (Step by Step)', 'description': 'How to use hermes-agent to build something profitable. Complete walkthrough from setup to deployment.', 'format': 'tutorial', 'duration_estimate': '10-15 minutes', 'monetization': ['adsense', 'digital_product']}], 'timestamp': '2026-09-18T15:20:55.980750'}: 'AgentSwarm' object has no attribute '_generate_video'
2026-09-18 15:20:56,669 [INFO] Total productions: 0
2026-09-18 15:20:56,669 [INFO] ============================================================
2026-09-18 15:20:56,669 [INFO] AGENT 4: PRODUCT CREATION
2026-09-18 15:20:56,669 [INFO] ============================================================
2026-09-18 15:20:56,669 [INFO] Creating product from: openclaw
2026-09-18 15:20:56,669 [INFO]   Product: openclaw - Production-Ready Template
2026-09-18 15:20:56,669 [INFO]   Platform: Gumroad
2026-09-18 15:20:56,669 [INFO] Creating product from: superpowers
2026-09-18 15:20:56,670 [INFO]   Product: superpowers - Production-Ready Template
2026-09-18 15:20:56,670 [INFO]   Platform: Gumroad
2026-09-18 15:20:56,670 [INFO] Created 2 products
2026-09-18 15:20:56,670 [INFO] ============================================================
2026-09-18 15:20:56,670 [INFO] AGENT 3: PUBLISHING
2026-09-18 15:20:56,670 [INFO] ============================================================
2026-09-18 15:20:56,670 [INFO] Published 0 pieces
2026-09-18 15:20:56,671 [INFO] ============================================================
2026-09-18 15:20:56,671 [INFO] AGENT 5: FINANCE TRACKING
2026-09-18 15:20:56,671 [INFO] ============================================================
2026-09-18 15:20:56,671 [INFO] Tracking revenue across platforms...
2026-09-18 15:20:56,671 [INFO]   YouTube AdSense: $0.00 (0 views)
2026-09-18 15:20:56,671 [INFO]   Gumroad Sales: $0.00 (0 sales)
2026-09-18 15:20:56,671 [INFO]   Affiliate: $0.00 (0 conversions)
2026-09-18 15:20:56,671 [INFO] Threshold check: $0.00 / $100.00 (need $100.00 more)
2026-09-18 15:20:56,671 [INFO] Total earnings tracked: $0.00
2026-09-18 15:20:56,671 [INFO] Goal: $10,000
2026-09-18 15:20:56,671 [INFO] Progress: 0.0%
2026-09-18 15:20:56,672 [INFO] ============================================================
2026-09-18 15:20:56,672 [INFO] SWARM RUN COMPLETE
2026-09-18 15:20:56,672 [INFO] ============================================================
2026-09-18 15:20:56,672 [INFO] Finished at: 2026-09-18T15:20:56.672233
2026-09-18 20:05:36,937 [INFO] ============================================================
2026-09-18 20:05:36,937 [INFO] AUTONOMOUS EARNINGS SWARM - STARTING
2026-09-18 20:05:36,937 [INFO] ============================================================
2026-09-18 20:05:36,937 [INFO] Started at: 2026-09-18T20:05:36.937239
2026-09-18 20:05:36,937 [INFO] ============================================================
2026-09-18 20:05:36,937 [INFO] AGENT 1: RESEARCH & IDEATION
2026-09-18 20:05:36,937 [INFO] ============================================================
2026-09-18 20:05:36,937 [INFO] Scanning GitHub trending repos...
2026-09-18 20:05:38,442 [INFO] Found 30 trending GitHub projects
2026-09-18 20:05:38,443 [INFO] Searching for trending topics...
2026-09-18 20:05:38,443 [INFO] Web trends found: 3
2026-09-18 20:05:38,443 [INFO] Found 3 web trends
2026-09-18 20:05:38,445 [INFO] Total ideas generated: 33
2026-09-18 20:05:38,445 [INFO] Backlog saved to data/backlog.json
2026-09-18 20:05:38,445 [INFO] ============================================================
2026-09-18 20:05:38,445 [INFO] AGENT 2: CONTENT PRODUCTION
2026-09-18 20:05:38,445 [INFO] ============================================================
2026-09-18 20:05:38,445 [INFO] Processing idea: openclaw
2026-09-18 20:05:38,445 [ERROR] Content production failed for {'type': 'github_repo', 'category': 'automation_ai', 'name': 'openclaw', 'full_name': 'openclaw/openclaw', 'url': 'https://github.com/openclaw/openclaw', 'description': 'The AI that really does things. Any OS. Any Platform. The lobster way. 🦞 ', 'stars': 390051, 'language': 'TypeScript', 'created_at': '2025-11-24T10:16:47Z', 'profit_potential': {'score': 6, 'reasons': ['High stars (390051)', 'Solves concrete problem', 'Actively maintained'], 'verdict': 'HIGH'}, 'product_idea': [{'type': 'template', 'title': 'openclaw - Production-Ready Template', 'description': 'A polished, documented, production-ready version of openclaw with best practices, tests, and deployment config included.', 'price_suggestion': '$29-99', 'platform': 'Gumroad', 'effort_estimate': '4-8 hours'}, {'type': 'tutorial', 'title': 'How to Build openclaw: Complete Guide', 'description': 'A step-by-step video course or ebook teaching how to use and extend openclaw for real-world projects.', 'price_suggestion': '$19-49', 'platform': 'Gumroad + YouTube', 'effort_estimate': '6-12 hours'}], 'content_idea': [{'type': 'video', 'title': 'This openclaw Project is INSANE (GitHub Trending)', 'description': "Showcasing openclaw - The AI that really does things. Any OS. Any Platform. The lobster way. 🦞 . This project has 390051 stars and is trending on GitHub. Let me show you why it's worth your attention.", 'format': 'showcase/review', 'duration_estimate': '5-8 minutes', 'monetization': ['adsense', 'affiliate']}, {'type': 'video', 'title': 'Build a Business with openclaw (Step by Step)', 'description': 'How to use openclaw to build something profitable. Complete walkthrough from setup to deployment.', 'format': 'tutorial', 'duration_estimate': '10-15 minutes', 'monetization': ['adsense', 'digital_product']}], 'timestamp': '2026-09-18T20:05:37.621997'}: 'AgentSwarm' object has no attribute '_generate_video'
2026-09-18 20:05:38,445 [INFO] Processing idea: superpowers
2026-09-18 20:05:38,445 [ERROR] Content production failed for {'type': 'github_repo', 'category': 'automation_ai', 'name': 'superpowers', 'full_name': 'obra/superpowers', 'url': 'https://github.com/obra/superpowers', 'description': 'An agentic skills framework & software development methodology that works.', 'stars': 288502, 'language': 'Shell', 'created_at': '2025-10-09T19:45:18Z', 'profit_potential': {'score': 4, 'reasons': ['High stars (288502)', 'Actively maintained'], 'verdict': 'MEDIUM'}, 'product_idea': [{'type': 'template', 'title': 'superpowers - Production-Ready Template', 'description': 'A polished, documented, production-ready version of superpowers with best practices, tests, and deployment config included.', 'price_suggestion': '$29-99', 'platform': 'Gumroad', 'effort_estimate': '4-8 hours'}, {'type': 'tutorial', 'title': 'How to Build superpowers: Complete Guide', 'description': 'A step-by-step video course or ebook teaching how to use and extend superpowers for real-world projects.', 'price_suggestion': '$19-49', 'platform': 'Gumroad + YouTube', 'effort_estimate': '6-12 hours'}], 'content_idea': [{'type': 'video', 'title': 'This superpowers Project is INSANE (GitHub Trending)', 'description': "Showcasing superpowers - An agentic skills framework & software development methodology that works.. This project has 288502 stars and is trending on GitHub. Let me show you why it's worth your attention.", 'format': 'showcase/review', 'duration_estimate': '5-8 minutes', 'monetization': ['adsense', 'affiliate']}, {'type': 'video', 'title': 'Build a Business with superpowers (Step by Step)', 'description': 'How to use superpowers to build something profitable. Complete walkthrough from setup to deployment.', 'format': 'tutorial', 'duration_estimate': '10-15 minutes', 'monetization': ['adsense', 'digital_product']}], 'timestamp': '2026-09-18T20:05:37.622013'}: 'AgentSwarm' object has no attribute '_generate_video'
2026-09-18 20:05:38,445 [INFO] Processing idea: hermes-agent
2026-09-18 20:05:38,445 [ERROR] Content production failed for {'type': 'github_repo', 'category': 'automation_ai', 'name': 'hermes-agent', 'full_name': 'NousResearch/hermes-agent', 'url': 'https://github.com/NousResearch/hermes-agent', 'description': 'The agent that grows with you', 'stars': 246869, 'language': 'Python', 'created_at': '2025-07-22T22:22:28Z', 'profit_potential': {'score': 4, 'reasons': ['High stars (246869)', 'Actively maintained'], 'verdict': 'MEDIUM'}, 'product_idea': [{'type': 'template', 'title': 'hermes-agent - Production-Ready Template', 'description': 'A polished, documented, production-ready version of hermes-agent with best practices, tests, and deployment config included.', 'price_suggestion': '$29-99', 'platform': 'Gumroad', 'effort_estimate': '4-8 hours'}, {'type': 'tutorial', 'title': 'How to Build hermes-agent: Complete Guide', 'description': 'A step-by-step video course or ebook teaching how to use and extend hermes-agent for real-world projects.', 'price_suggestion': '$19-49', 'platform': 'Gumroad + YouTube', 'effort_estimate': '6-12 hours'}], 'content_idea': [{'type': 'video', 'title': 'This hermes-agent Project is INSANE (GitHub Trending)', 'description': "Showcasing hermes-agent - The agent that grows with you. This project has 246869 stars and is trending on GitHub. Let me show you why it's worth your attention.", 'format': 'showcase/review', 'duration_estimate': '5-8 minutes', 'monetization': ['adsense', 'affiliate']}, {'type': 'video', 'title': 'Build a Business with hermes-agent (Step by Step)', 'description': 'How to use hermes-agent to build something profitable. Complete walkthrough from setup to deployment.', 'format': 'tutorial', 'duration_estimate': '10-15 minutes', 'monetization': ['adsense', 'digital_product']}], 'timestamp': '2026-09-18T20:05:37.622022'}: 'AgentSwarm' object has no attribute '_generate_video'
2026-09-18 20:05:38,446 [INFO] Total productions: 0
2026-09-18 20:05:38,446 [INFO] ============================================================
2026-09-18 20:05:38,446 [INFO] AGENT 4: PRODUCT CREATION
2026-09-18 20:05:38,446 [INFO] ============================================================
2026-09-18 20:05:38,446 [INFO] Creating product from: openclaw
2026-09-18 20:05:38,446 [INFO]   Product: openclaw - Production-Ready Template
2026-09-18 20:05:38,446 [INFO]   Platform: Gumroad
2026-09-18 20:05:38,446 [INFO] Creating product from: superpowers
2026-09-18 20:05:38,446 [INFO]   Product: superpowers - Production-Ready Template
2026-09-18 20:05:38,446 [INFO]   Platform: Gumroad
2026-09-18 20:05:38,447 [INFO] Created 2 products
2026-09-18 20:05:38,447 [INFO] ============================================================
2026-09-18 20:05:38,447 [INFO] AGENT 3: PUBLISHING
2026-09-18 20:05:38,447 [INFO] ============================================================
2026-09-18 20:05:38,447 [INFO] Published 0 pieces
2026-09-18 20:05:38,447 [INFO] ============================================================
2026-09-18 20:05:38,447 [INFO] AGENT 5: FINANCE TRACKING
2026-09-18 20:05:38,447 [INFO] ============================================================
2026-09-18 20:05:38,447 [INFO] Tracking revenue across platforms...
2026-09-18 20:05:38,447 [INFO]   YouTube AdSense: $0.00 (0 views)
2026-09-18 20:05:38,447 [INFO]   Gumroad Sales: $0.00 (0 sales)
2026-09-18 20:05:38,448 [INFO]   Affiliate: $0.00 (0 conversions)
2026-09-18 20:05:38,448 [INFO] Threshold check: $0.00 / $100.00 (need $100.00 more)
2026-09-18 20:05:38,448 [INFO] Total earnings tracked: $0.00
2026-09-18 20:05:38,448 [INFO] Goal: $10,000
2026-09-18 20:05:38,448 [INFO] Progress: 0.0%
2026-09-18 20:05:38,448 [INFO] ============================================================
2026-09-18 20:05:38,448 [INFO] SWARM RUN COMPLETE
2026-09-18 20:05:38,448 [INFO] ============================================================
2026-09-18 20:05:38,448 [INFO] Finished at: 2026-09-18T20:05:38.448779
2026-09-19 02:00:37,725 [INFO] ============================================================
2026-09-19 02:00:37,725 [INFO] AUTONOMOUS EARNINGS SWARM - STARTING
2026-09-19 02:00:37,725 [INFO] ============================================================
2026-09-19 02:00:37,725 [INFO] Started at: 2026-09-19T02:00:37.725543
2026-09-19 02:00:37,725 [INFO] ============================================================
2026-09-19 02:00:37,725 [INFO] AGENT 1: RESEARCH & IDEATION
2026-09-19 02:00:37,725 [INFO] ============================================================
2026-09-19 02:00:37,725 [INFO] Scanning GitHub trending repos...
2026-09-19 02:00:39,098 [INFO] Found 30 trending GitHub projects
2026-09-19 02:00:39,098 [INFO] Searching for trending topics...
2026-09-19 02:00:39,098 [INFO] Web trends found: 3
2026-09-19 02:00:39,098 [INFO] Found 3 web trends
2026-09-19 02:00:39,099 [INFO] Total ideas generated: 33
2026-09-19 02:00:39,099 [INFO] Backlog saved to data/backlog.json
2026-09-19 02:00:39,099 [INFO] ============================================================
2026-09-19 02:00:39,099 [INFO] AGENT 2: CONTENT PRODUCTION
2026-09-19 02:00:39,099 [INFO] ============================================================
2026-09-19 02:00:39,099 [INFO] Processing idea: openclaw
2026-09-19 02:00:39,100 [ERROR] Content production failed for {'type': 'github_repo', 'category': 'automation_ai', 'name': 'openclaw', 'full_name': 'openclaw/openclaw', 'url': 'https://github.com/openclaw/openclaw', 'description': 'The AI that really does things. Any OS. Any Platform. The lobster way. 🦞 ', 'stars': 390059, 'language': 'TypeScript', 'created_at': '2025-11-24T10:16:47Z', 'profit_potential': {'score': 6, 'reasons': ['High stars (390059)', 'Solves concrete problem', 'Actively maintained'], 'verdict': 'HIGH'}, 'product_idea': [{'type': 'template', 'title': 'openclaw - Production-Ready Template', 'description': 'A polished, documented, production-ready version of openclaw with best practices, tests, and deployment config included.', 'price_suggestion': '$29-99', 'platform': 'Gumroad', 'effort_estimate': '4-8 hours'}, {'type': 'tutorial', 'title': 'How to Build openclaw: Complete Guide', 'description': 'A step-by-step video course or ebook teaching how to use and extend openclaw for real-world projects.', 'price_suggestion': '$19-49', 'platform': 'Gumroad + YouTube', 'effort_estimate': '6-12 hours'}], 'content_idea': [{'type': 'video', 'title': 'This openclaw Project is INSANE (GitHub Trending)', 'description': "Showcasing openclaw - The AI that really does things. Any OS. Any Platform. The lobster way. 🦞 . This project has 390059 stars and is trending on GitHub. Let me show you why it's worth your attention.", 'format': 'showcase/review', 'duration_estimate': '5-8 minutes', 'monetization': ['adsense', 'affiliate']}, {'type': 'video', 'title': 'Build a Business with openclaw (Step by Step)', 'description': 'How to use openclaw to build something profitable. Complete walkthrough from setup to deployment.', 'format': 'tutorial', 'duration_estimate': '10-15 minutes', 'monetization': ['adsense', 'digital_product']}], 'timestamp': '2026-09-19T02:00:38.223413'}: 'AgentSwarm' object has no attribute '_generate_video'
2026-09-19 02:00:39,100 [INFO] Processing idea: superpowers
2026-09-19 02:00:39,100 [ERROR] Content production failed for {'type': 'github_repo', 'category': 'automation_ai', 'name': 'superpowers', 'full_name': 'obra/superpowers', 'url': 'https://github.com/obra/superpowers', 'description': 'An agentic skills framework & software development methodology that works.', 'stars': 288560, 'language': 'Shell', 'created_at': '2025-10-09T19:45:18Z', 'profit_potential': {'score': 4, 'reasons': ['High stars (288560)', 'Actively maintained'], 'verdict': 'MEDIUM'}, 'product_idea': [{'type': 'template', 'title': 'superpowers - Production-Ready Template', 'description': 'A polished, documented, production-ready version of superpowers with best practices, tests, and deployment config included.', 'price_suggestion': '$29-99', 'platform': 'Gumroad', 'effort_estimate': '4-8 hours'}, {'type': 'tutorial', 'title': 'How to Build superpowers: Complete Guide', 'description': 'A step-by-step video course or ebook teaching how to use and extend superpowers for real-world projects.', 'price_suggestion': '$19-49', 'platform': 'Gumroad + YouTube', 'effort_estimate': '6-12 hours'}], 'content_idea': [{'type': 'video', 'title': 'This superpowers Project is INSANE (GitHub Trending)', 'description': "Showcasing superpowers - An agentic skills framework & software development methodology that works.. This project has 288560 stars and is trending on GitHub. Let me show you why it's worth your attention.", 'format': 'showcase/review', 'duration_estimate': '5-8 minutes', 'monetization': ['adsense', 'affiliate']}, {'type': 'video', 'title': 'Build a Business with superpowers (Step by Step)', 'description': 'How to use superpowers to build something profitable. Complete walkthrough from setup to deployment.', 'format': 'tutorial', 'duration_estimate': '10-15 minutes', 'monetization': ['adsense', 'digital_product']}], 'timestamp': '2026-09-19T02:00:38.223428'}: 'AgentSwarm' object has no attribute '_generate_video'
2026-09-19 02:00:39,100 [INFO] Processing idea: hermes-agent
2026-09-19 02:00:39,100 [ERROR] Content production failed for {'type': 'github_repo', 'category': 'automation_ai', 'name': 'hermes-agent', 'full_name': 'NousResearch/hermes-agent', 'url': 'https://github.com/NousResearch/hermes-agent', 'description': 'The agent that grows with you', 'stars': 246927, 'language': 'Python', 'created_at': '2025-07-22T22:22:28Z', 'profit_potential': {'score': 4, 'reasons': ['High stars (246927)', 'Actively maintained'], 'verdict': 'MEDIUM'}, 'product_idea': [{'type': 'template', 'title': 'hermes-agent - Production-Ready Template', 'description': 'A polished, documented, production-ready version of hermes-agent with best practices, tests, and deployment config included.', 'price_suggestion': '$29-99', 'platform': 'Gumroad', 'effort_estimate': '4-8 hours'}, {'type': 'tutorial', 'title': 'How to Build hermes-agent: Complete Guide', 'description': 'A step-by-step video course or ebook teaching how to use and extend hermes-agent for real-world projects.', 'price_suggestion': '$19-49', 'platform': 'Gumroad + YouTube', 'effort_estimate': '6-12 hours'}], 'content_idea': [{'type': 'video', 'title': 'This hermes-agent Project is INSANE (GitHub Trending)', 'description': "Showcasing hermes-agent - The agent that grows with you. This project has 246927 stars and is trending on GitHub. Let me show you why it's worth your attention.", 'format': 'showcase/review', 'duration_estimate': '5-8 minutes', 'monetization': ['adsense', 'affiliate']}, {'type': 'video', 'title': 'Build a Business with hermes-agent (Step by Step)', 'description': 'How to use hermes-agent to build something profitable. Complete walkthrough from setup to deployment.', 'format': 'tutorial', 'duration_estimate': '10-15 minutes', 'monetization': ['adsense', 'digital_product']}], 'timestamp': '2026-09-19T02:00:38.223433'}: 'AgentSwarm' object has no attribute '_generate_video'
2026-09-19 02:00:39,100 [INFO] Total productions: 0
2026-09-19 02:00:39,100 [INFO] ============================================================
2026-09-19 02:00:39,100 [INFO] AGENT 4: PRODUCT CREATION
2026-09-19 02:00:39,100 [INFO] ============================================================
2026-09-19 02:00:39,100 [INFO] Creating product from: openclaw
2026-09-19 02:00:39,100 [INFO]   Product: openclaw - Production-Ready Template
2026-09-19 02:00:39,100 [INFO]   Platform: Gumroad
2026-09-19 02:00:39,100 [INFO] Creating product from: superpowers
2026-09-19 02:00:39,100 [INFO]   Product: superpowers - Production-Ready Template
2026-09-19 02:00:39,100 [INFO]   Platform: Gumroad
2026-09-19 02:00:39,101 [INFO] Created 2 products
2026-09-19 02:00:39,101 [INFO] ============================================================
2026-09-19 02:00:39,101 [INFO] AGENT 3: PUBLISHING
2026-09-19 02:00:39,101 [INFO] ============================================================
2026-09-19 02:00:39,101 [INFO] Published 0 pieces
2026-09-19 02:00:39,101 [INFO] ============================================================
2026-09-19 02:00:39,101 [INFO] AGENT 5: FINANCE TRACKING
2026-09-19 02:00:39,101 [INFO] ============================================================
2026-09-19 02:00:39,101 [INFO] Tracking revenue across platforms...
2026-09-19 02:00:39,101 [INFO]   YouTube AdSense: $0.00 (0 views)
2026-09-19 02:00:39,101 [INFO]   Gumroad Sales: $0.00 (0 sales)
2026-09-19 02:00:39,101 [INFO]   Affiliate: $0.00 (0 conversions)
2026-09-19 02:00:39,101 [INFO] Threshold check: $0.00 / $100.00 (need $100.00 more)
2026-09-19 02:00:39,101 [INFO] Total earnings tracked: $0.00
2026-09-19 02:00:39,101 [INFO] Goal: $10,000
2026-09-19 02:00:39,101 [INFO] Progress: 0.0%
2026-09-19 02:00:39,101 [INFO] ============================================================
2026-09-19 02:00:39,101 [INFO] SWARM RUN COMPLETE
2026-09-19 02:00:39,101 [INFO] ============================================================
2026-09-19 02:00:39,101 [INFO] Finished at: 2026-09-19T02:00:39.101772
2026-09-19 09:51:32,130 [INFO] ============================================================
2026-09-19 09:51:32,130 [INFO] AUTONOMOUS EARNINGS SWARM - STARTING
2026-09-19 09:51:32,130 [INFO] ============================================================
2026-09-19 09:51:32,130 [INFO] Started at: 2026-09-19T09:51:32.130303
2026-09-19 09:51:32,130 [INFO] ============================================================
2026-09-19 09:51:32,130 [INFO] AGENT 1: RESEARCH & IDEATION
2026-09-19 09:51:32,130 [INFO] ============================================================
2026-09-19 09:51:32,130 [INFO] Scanning GitHub trending repos...
2026-09-19 09:51:32,468 [INFO] Found 0 trending GitHub projects
2026-09-19 09:51:32,468 [INFO] Searching for trending topics...
2026-09-19 09:51:32,468 [INFO] Web trends found: 3
2026-09-19 09:51:32,468 [INFO] Found 3 web trends
2026-09-19 09:51:32,468 [INFO] Total ideas generated: 3
2026-09-19 09:51:32,469 [INFO] Backlog saved to data/backlog.json
2026-09-19 09:51:32,469 [INFO] ============================================================
2026-09-19 09:51:32,469 [INFO] AGENT 2: CONTENT PRODUCTION
2026-09-19 09:51:32,469 [INFO] ============================================================
2026-09-19 09:51:32,469 [INFO] Processing idea: AI agents for automation
2026-09-19 09:51:32,469 [ERROR] Content production failed for {'type': 'web_trend', 'category': 'ai_agents', 'trend': 'AI agents for automation', 'search_volume': 'HIGH', 'profit_angle': "People want to build AI agents but don't know how - sell templates, courses, consultations", 'content_ideas': ['How to Build Your First AI Agent in 2024', '5 AI Agent Projects You Can Sell Today', 'AI Agent Framework Comparison 2024'], 'product_ideas': ['AI Agent Template Pack ($49)', 'AI Agent Starter Course ($99)', 'Custom AI Agent Building Service'], 'timestamp': '2026-09-19T09:51:32.468605'}: 'AgentSwarm' object has no attribute '_generate_video'
2026-09-19 09:51:32,469 [INFO] Processing idea: No-code automation tools
2026-09-19 09:51:32,469 [ERROR] Content production failed for {'type': 'web_trend', 'category': 'automation', 'trend': 'No-code automation tools', 'search_volume': 'HIGH', 'profit_angle': 'Business owners want to automate without coding - sell automation setups, templates, consulting', 'content_ideas': ['Automate Your Entire Business with No Code', '5 Automation Tools That Save 10 Hours/Week', 'Build an Automated Lead Generation System'], 'product_ideas': ['Automation Template Library ($29/month)', 'Business Automation Audit ($99 one-time)', 'Pre-built Automation Workflows'], 'timestamp': '2026-09-19T09:51:32.468612'}: 'AgentSwarm' object has no attribute '_generate_video'
2026-09-19 09:51:32,469 [INFO] Processing idea: Developer productivity tools
2026-09-19 09:51:32,469 [ERROR] Content production failed for {'type': 'web_trend', 'category': 'developer_tools', 'trend': 'Developer productivity tools', 'search_volume': 'MEDIUM', 'profit_angle': 'Developers spend money on tools that make them faster - sell IDE extensions, CLI tools, boilerplates', 'content_ideas': ['Tools That Make Me 10x Faster as a Developer', 'My Entire Developer Setup 2024', 'Build Your Own Developer Tools (and Sell Them)'], 'product_ideas': ['Developer Boilerplate Bundle ($79)', 'CLI Tool Collection ($29)', 'IDE Extension Template'], 'timestamp': '2026-09-19T09:51:32.468614'}: 'AgentSwarm' object has no attribute '_generate_video'
2026-09-19 09:51:32,469 [INFO] Total productions: 0
2026-09-19 09:51:32,469 [INFO] ============================================================
2026-09-19 09:51:32,469 [INFO] AGENT 4: PRODUCT CREATION
2026-09-19 09:51:32,469 [INFO] ============================================================
2026-09-19 09:51:32,470 [INFO] Creating product from: AI agents for automation
2026-09-19 09:51:32,470 [INFO]   Product: The Complete Guide to AI agents for automation
2026-09-19 09:51:32,470 [INFO]   Platform: Gumroad
2026-09-19 09:51:32,470 [INFO] Creating product from: No-code automation tools
2026-09-19 09:51:32,470 [INFO]   Product: The Complete Guide to No-code automation tools
2026-09-19 09:51:32,470 [INFO]   Platform: Gumroad
2026-09-19 09:51:32,471 [INFO] Created 2 products
2026-09-19 09:51:32,471 [INFO] ============================================================
2026-09-19 09:51:32,471 [INFO] AGENT 3: PUBLISHING
2026-09-19 09:51:32,471 [INFO] ============================================================
2026-09-19 09:51:32,471 [INFO] Published 0 pieces
2026-09-19 09:51:32,471 [INFO] ============================================================
2026-09-19 09:51:32,471 [INFO] AGENT 5: FINANCE TRACKING
2026-09-19 09:51:32,471 [INFO] ============================================================
2026-09-19 09:51:32,471 [INFO] Tracking revenue across platforms...
2026-09-19 09:51:32,471 [INFO]   YouTube AdSense: $0.00 (0 views)
2026-09-19 09:51:32,471 [INFO]   Gumroad Sales: $0.00 (0 sales)
2026-09-19 09:51:32,471 [INFO]   Affiliate: $0.00 (0 conversions)
2026-09-19 09:51:32,471 [INFO] Threshold check: $0.00 / $100.00 (need $100.00 more)
2026-09-19 09:51:32,472 [INFO] Total earnings tracked: $0.00
2026-09-19 09:51:32,472 [INFO] Goal: $10,000
2026-09-19 09:51:32,472 [INFO] Progress: 0.0%
2026-09-19 09:51:32,472 [INFO] ============================================================
2026-09-19 09:51:32,472 [INFO] SWARM RUN COMPLETE
2026-09-19 09:51:32,472 [INFO] ============================================================
2026-09-19 09:51:32,472 [INFO] Finished at: 2026-09-19T09:51:32.472340
2026-09-19 14:58:10,757 [INFO] ============================================================
2026-09-19 14:58:10,757 [INFO] AUTONOMOUS EARNINGS SWARM - STARTING
2026-09-19 14:58:10,757 [INFO] ============================================================
2026-09-19 14:58:10,757 [INFO] Started at: 2026-09-19T14:58:10.757890
2026-09-19 14:58:10,757 [INFO] ============================================================
2026-09-19 14:58:10,758 [INFO] AGENT 1: RESEARCH & IDEATION
2026-09-19 14:58:10,758 [INFO] ============================================================
2026-09-19 14:58:10,758 [INFO] Scanning GitHub trending repos...
2026-09-19 14:58:12,078 [INFO] Found 30 trending GitHub projects
2026-09-19 14:58:12,078 [INFO] Searching for trending topics...
2026-09-19 14:58:12,079 [INFO] Web trends found: 3
2026-09-19 14:58:12,079 [INFO] Found 3 web trends
2026-09-19 14:58:12,081 [INFO] Total ideas generated: 33
2026-09-19 14:58:12,081 [INFO] Backlog saved to data/backlog.json
2026-09-19 14:58:12,081 [INFO] ============================================================
2026-09-19 14:58:12,081 [INFO] AGENT 2: CONTENT PRODUCTION
2026-09-19 14:58:12,081 [INFO] ============================================================
2026-09-19 14:58:12,081 [INFO] Processing idea: openclaw
2026-09-19 14:58:12,081 [ERROR] Content production failed for {'type': 'github_repo', 'category': 'automation_ai', 'name': 'openclaw', 'full_name': 'openclaw/openclaw', 'url': 'https://github.com/openclaw/openclaw', 'description': 'The AI that really does things. Any OS. Any Platform. The lobster way. 🦞 ', 'stars': 390078, 'language': 'TypeScript', 'created_at': '2025-11-24T10:16:47Z', 'profit_potential': {'score': 6, 'reasons': ['High stars (390078)', 'Solves concrete problem', 'Actively maintained'], 'verdict': 'HIGH'}, 'product_idea': [{'type': 'template', 'title': 'openclaw - Production-Ready Template', 'description': 'A polished, documented, production-ready version of openclaw with best practices, tests, and deployment config included.', 'price_suggestion': '$29-99', 'platform': 'Gumroad', 'effort_estimate': '4-8 hours'}, {'type': 'tutorial', 'title': 'How to Build openclaw: Complete Guide', 'description': 'A step-by-step video course or ebook teaching how to use and extend openclaw for real-world projects.', 'price_suggestion': '$19-49', 'platform': 'Gumroad + YouTube', 'effort_estimate': '6-12 hours'}], 'content_idea': [{'type': 'video', 'title': 'This openclaw Project is INSANE (GitHub Trending)', 'description': "Showcasing openclaw - The AI that really does things. Any OS. Any Platform. The lobster way. 🦞 . This project has 390078 stars and is trending on GitHub. Let me show you why it's worth your attention.", 'format': 'showcase/review', 'duration_estimate': '5-8 minutes', 'monetization': ['adsense', 'affiliate']}, {'type': 'video', 'title': 'Build a Business with openclaw (Step by Step)', 'description': 'How to use openclaw to build something profitable. Complete walkthrough from setup to deployment.', 'format': 'tutorial', 'duration_estimate': '10-15 minutes', 'monetization': ['adsense', 'digital_product']}], 'timestamp': '2026-09-19T14:58:11.211697'}: 'AgentSwarm' object has no attribute '_generate_video'
2026-09-19 14:58:12,081 [INFO] Processing idea: superpowers
2026-09-19 14:58:12,081 [ERROR] Content production failed for {'type': 'github_repo', 'category': 'automation_ai', 'name': 'superpowers', 'full_name': 'obra/superpowers', 'url': 'https://github.com/obra/superpowers', 'description': 'An agentic skills framework & software development methodology that works.', 'stars': 288726, 'language': 'Shell', 'created_at': '2025-10-09T19:45:18Z', 'profit_potential': {'score': 4, 'reasons': ['High stars (288726)', 'Actively maintained'], 'verdict': 'MEDIUM'}, 'product_idea': [{'type': 'template', 'title': 'superpowers - Production-Ready Template', 'description': 'A polished, documented, production-ready version of superpowers with best practices, tests, and deployment config included.', 'price_suggestion': '$29-99', 'platform': 'Gumroad', 'effort_estimate': '4-8 hours'}, {'type': 'tutorial', 'title': 'How to Build superpowers: Complete Guide', 'description': 'A step-by-step video course or ebook teaching how to use and extend superpowers for real-world projects.', 'price_suggestion': '$19-49', 'platform': 'Gumroad + YouTube', 'effort_estimate': '6-12 hours'}], 'content_idea': [{'type': 'video', 'title': 'This superpowers Project is INSANE (GitHub Trending)', 'description': "Showcasing superpowers - An agentic skills framework & software development methodology that works.. This project has 288726 stars and is trending on GitHub. Let me show you why it's worth your attention.", 'format': 'showcase/review', 'duration_estimate': '5-8 minutes', 'monetization': ['adsense', 'affiliate']}, {'type': 'video', 'title': 'Build a Business with superpowers (Step by Step)', 'description': 'How to use superpowers to build something profitable. Complete walkthrough from setup to deployment.', 'format': 'tutorial', 'duration_estimate': '10-15 minutes', 'monetization': ['adsense', 'digital_product']}], 'timestamp': '2026-09-19T14:58:11.211717'}: 'AgentSwarm' object has no attribute '_generate_video'
2026-09-19 14:58:12,082 [INFO] Processing idea: hermes-agent
2026-09-19 14:58:12,082 [ERROR] Content production failed for {'type': 'github_repo', 'category': 'automation_ai', 'name': 'hermes-agent', 'full_name': 'NousResearch/hermes-agent', 'url': 'https://github.com/NousResearch/hermes-agent', 'description': 'The agent that grows with you', 'stars': 247071, 'language': 'Python', 'created_at': '2025-07-22T22:22:28Z', 'profit_potential': {'score': 4, 'reasons': ['High stars (247071)', 'Actively maintained'], 'verdict': 'MEDIUM'}, 'product_idea': [{'type': 'template', 'title': 'hermes-agent - Production-Ready Template', 'description': 'A polished, documented, production-ready version of hermes-agent with best practices, tests, and deployment config included.', 'price_suggestion': '$29-99', 'platform': 'Gumroad', 'effort_estimate': '4-8 hours'}, {'type': 'tutorial', 'title': 'How to Build hermes-agent: Complete Guide', 'description': 'A step-by-step video course or ebook teaching how to use and extend hermes-agent for real-world projects.', 'price_suggestion': '$19-49', 'platform': 'Gumroad + YouTube', 'effort_estimate': '6-12 hours'}], 'content_idea': [{'type': 'video', 'title': 'This hermes-agent Project is INSANE (GitHub Trending)', 'description': "Showcasing hermes-agent - The agent that grows with you. This project has 247071 stars and is trending on GitHub. Let me show you why it's worth your attention.", 'format': 'showcase/review', 'duration_estimate': '5-8 minutes', 'monetization': ['adsense', 'affiliate']}, {'type': 'video', 'title': 'Build a Business with hermes-agent (Step by Step)', 'description': 'How to use hermes-agent to build something profitable. Complete walkthrough from setup to deployment.', 'format': 'tutorial', 'duration_estimate': '10-15 minutes', 'monetization': ['adsense', 'digital_product']}], 'timestamp': '2026-09-19T14:58:11.211725'}: 'AgentSwarm' object has no attribute '_generate_video'
2026-09-19 14:58:12,082 [INFO] Total productions: 0
2026-09-19 14:58:12,082 [INFO] ============================================================
2026-09-19 14:58:12,082 [INFO] AGENT 4: PRODUCT CREATION
2026-09-19 14:58:12,082 [INFO] ============================================================
2026-09-19 14:58:12,082 [INFO] Creating product from: openclaw
2026-09-19 14:58:12,082 [INFO]   Product: openclaw - Production-Ready Template
2026-09-19 14:58:12,082 [INFO]   Platform: Gumroad
2026-09-19 14:58:12,082 [INFO] Creating product from: superpowers
2026-09-19 14:58:12,083 [INFO]   Product: superpowers - Production-Ready Template
2026-09-19 14:58:12,083 [INFO]   Platform: Gumroad
2026-09-19 14:58:12,083 [INFO] Created 2 products
2026-09-19 14:58:12,083 [INFO] ============================================================
2026-09-19 14:58:12,083 [INFO] AGENT 3: PUBLISHING
2026-09-19 14:58:12,083 [INFO] ============================================================
2026-09-19 14:58:12,084 [INFO] Published 0 pieces
2026-09-19 14:58:12,084 [INFO] ============================================================
2026-09-19 14:58:12,084 [INFO] AGENT 5: FINANCE TRACKING
2026-09-19 14:58:12,084 [INFO] ============================================================
2026-09-19 14:58:12,084 [INFO] Tracking revenue across platforms...
2026-09-19 14:58:12,084 [INFO]   YouTube AdSense: $0.00 (0 views)
2026-09-19 14:58:12,084 [INFO]   Gumroad Sales: $0.00 (0 sales)
2026-09-19 14:58:12,084 [INFO]   Affiliate: $0.00 (0 conversions)
2026-09-19 14:58:12,084 [INFO] Threshold check: $0.00 / $100.00 (need $100.00 more)
2026-09-19 14:58:12,084 [INFO] Total earnings tracked: $0.00
2026-09-19 14:58:12,084 [INFO] Goal: $10,000
2026-09-19 14:58:12,084 [INFO] Progress: 0.0%
2026-09-19 14:58:12,084 [INFO] ============================================================
2026-09-19 14:58:12,084 [INFO] SWARM RUN COMPLETE
2026-09-19 14:58:12,084 [INFO] ============================================================
2026-09-19 14:58:12,085 [INFO] Finished at: 2026-09-19T14:58:12.084993
2026-09-19 19:43:24,288 [INFO] ============================================================
2026-09-19 19:43:24,288 [INFO] AUTONOMOUS EARNINGS SWARM - STARTING
2026-09-19 19:43:24,288 [INFO] ============================================================
2026-09-19 19:43:24,288 [INFO] Started at: 2026-09-19T19:43:24.288678
2026-09-19 19:43:24,288 [INFO] ============================================================
2026-09-19 19:43:24,288 [INFO] AGENT 1: RESEARCH & IDEATION
2026-09-19 19:43:24,288 [INFO] ============================================================
2026-09-19 19:43:24,288 [INFO] Scanning GitHub trending repos...
2026-09-19 19:43:25,794 [INFO] Found 30 trending GitHub projects
2026-09-19 19:43:25,795 [INFO] Searching for trending topics...
2026-09-19 19:43:25,795 [INFO] Web trends found: 3
2026-09-19 19:43:25,795 [INFO] Found 3 web trends
2026-09-19 19:43:25,797 [INFO] Total ideas generated: 33
2026-09-19 19:43:25,797 [INFO] Backlog saved to data/backlog.json
2026-09-19 19:43:25,797 [INFO] ============================================================
2026-09-19 19:43:25,797 [INFO] AGENT 2: CONTENT PRODUCTION
2026-09-19 19:43:25,797 [INFO] ============================================================
2026-09-19 19:43:25,797 [INFO] Processing idea: openclaw
2026-09-19 19:43:25,797 [ERROR] Content production failed for {'type': 'github_repo', 'category': 'automation_ai', 'name': 'openclaw', 'full_name': 'openclaw/openclaw', 'url': 'https://github.com/openclaw/openclaw', 'description': 'The AI that really does things. Any OS. Any Platform. The lobster way. 🦞 ', 'stars': 390089, 'language': 'TypeScript', 'created_at': '2025-11-24T10:16:47Z', 'profit_potential': {'score': 6, 'reasons': ['High stars (390089)', 'Solves concrete problem', 'Actively maintained'], 'verdict': 'HIGH'}, 'product_idea': [{'type': 'template', 'title': 'openclaw - Production-Ready Template', 'description': 'A polished, documented, production-ready version of openclaw with best practices, tests, and deployment config included.', 'price_suggestion': '$29-99', 'platform': 'Gumroad', 'effort_estimate': '4-8 hours'}, {'type': 'tutorial', 'title': 'How to Build openclaw: Complete Guide', 'description': 'A step-by-step video course or ebook teaching how to use and extend openclaw for real-world projects.', 'price_suggestion': '$19-49', 'platform': 'Gumroad + YouTube', 'effort_estimate': '6-12 hours'}], 'content_idea': [{'type': 'video', 'title': 'This openclaw Project is INSANE (GitHub Trending)', 'description': "Showcasing openclaw - The AI that really does things. Any OS. Any Platform. The lobster way. 🦞 . This project has 390089 stars and is trending on GitHub. Let me show you why it's worth your attention.", 'format': 'showcase/review', 'duration_estimate': '5-8 minutes', 'monetization': ['adsense', 'affiliate']}, {'type': 'video', 'title': 'Build a Business with openclaw (Step by Step)', 'description': 'How to use openclaw to build something profitable. Complete walkthrough from setup to deployment.', 'format': 'tutorial', 'duration_estimate': '10-15 minutes', 'monetization': ['adsense', 'digital_product']}], 'timestamp': '2026-09-19T19:43:24.911387'}: 'AgentSwarm' object has no attribute '_generate_video'
2026-09-19 19:43:25,797 [INFO] Processing idea: superpowers
2026-09-19 19:43:25,797 [ERROR] Content production failed for {'type': 'github_repo', 'category': 'automation_ai', 'name': 'superpowers', 'full_name': 'obra/superpowers', 'url': 'https://github.com/obra/superpowers', 'description': 'An agentic skills framework & software development methodology that works.', 'stars': 288780, 'language': 'Shell', 'created_at': '2025-10-09T19:45:18Z', 'profit_potential': {'score': 4, 'reasons': ['High stars (288780)', 'Actively maintained'], 'verdict': 'MEDIUM'}, 'product_idea': [{'type': 'template', 'title': 'superpowers - Production-Ready Template', 'description': 'A polished, documented, production-ready version of superpowers with best practices, tests, and deployment config included.', 'price_suggestion': '$29-99', 'platform': 'Gumroad', 'effort_estimate': '4-8 hours'}, {'type': 'tutorial', 'title': 'How to Build superpowers: Complete Guide', 'description': 'A step-by-step video course or ebook teaching how to use and extend superpowers for real-world projects.', 'price_suggestion': '$19-49', 'platform': 'Gumroad + YouTube', 'effort_estimate': '6-12 hours'}], 'content_idea': [{'type': 'video', 'title': 'This superpowers Project is INSANE (GitHub Trending)', 'description': "Showcasing superpowers - An agentic skills framework & software development methodology that works.. This project has 288780 stars and is trending on GitHub. Let me show you why it's worth your attention.", 'format': 'showcase/review', 'duration_estimate': '5-8 minutes', 'monetization': ['adsense', 'affiliate']}, {'type': 'video', 'title': 'Build a Business with superpowers (Step by Step)', 'description': 'How to use superpowers to build something profitable. Complete walkthrough from setup to deployment.', 'format': 'tutorial', 'duration_estimate': '10-15 minutes', 'monetization': ['adsense', 'digital_product']}], 'timestamp': '2026-09-19T19:43:24.911407'}: 'AgentSwarm' object has no attribute '_generate_video'
2026-09-19 19:43:25,797 [INFO] Processing idea: hermes-agent
2026-09-19 19:43:25,797 [ERROR] Content production failed for {'type': 'github_repo', 'category': 'automation_ai', 'name': 'hermes-agent', 'full_name': 'NousResearch/hermes-agent', 'url': 'https://github.com/NousResearch/hermes-agent', 'description': 'The agent that grows with you', 'stars': 247128, 'language': 'Python', 'created_at': '2025-07-22T22:22:28Z', 'profit_potential': {'score': 4, 'reasons': ['High stars (247128)', 'Actively maintained'], 'verdict': 'MEDIUM'}, 'product_idea': [{'type': 'template', 'title': 'hermes-agent - Production-Ready Template', 'description': 'A polished, documented, production-ready version of hermes-agent with best practices, tests, and deployment config included.', 'price_suggestion': '$29-99', 'platform': 'Gumroad', 'effort_estimate': '4-8 hours'}, {'type': 'tutorial', 'title': 'How to Build hermes-agent: Complete Guide', 'description': 'A step-by-step video course or ebook teaching how to use and extend hermes-agent for real-world projects.', 'price_suggestion': '$19-49', 'platform': 'Gumroad + YouTube', 'effort_estimate': '6-12 hours'}], 'content_idea': [{'type': 'video', 'title': 'This hermes-agent Project is INSANE (GitHub Trending)', 'description': "Showcasing hermes-agent - The agent that grows with you. This project has 247128 stars and is trending on GitHub. Let me show you why it's worth your attention.", 'format': 'showcase/review', 'duration_estimate': '5-8 minutes', 'monetization': ['adsense', 'affiliate']}, {'type': 'video', 'title': 'Build a Business with hermes-agent (Step by Step)', 'description': 'How to use hermes-agent to build something profitable. Complete walkthrough from setup to deployment.', 'format': 'tutorial', 'duration_estimate': '10-15 minutes', 'monetization': ['adsense', 'digital_product']}], 'timestamp': '2026-09-19T19:43:24.911416'}: 'AgentSwarm' object has no attribute '_generate_video'
2026-09-19 19:43:25,797 [INFO] Total productions: 0
2026-09-19 19:43:25,797 [INFO] ============================================================
2026-09-19 19:43:25,798 [INFO] AGENT 4: PRODUCT CREATION
2026-09-19 19:43:25,798 [INFO] ============================================================
2026-09-19 19:43:25,798 [INFO] Creating product from: openclaw
2026-09-19 19:43:25,798 [INFO]   Product: openclaw - Production-Ready Template
2026-09-19 19:43:25,798 [INFO]   Platform: Gumroad
2026-09-19 19:43:25,798 [INFO] Creating product from: superpowers
2026-09-19 19:43:25,798 [INFO]   Product: superpowers - Production-Ready Template
2026-09-19 19:43:25,798 [INFO]   Platform: Gumroad
2026-09-19 19:43:25,799 [INFO] Created 2 products
2026-09-19 19:43:25,799 [INFO] ============================================================
2026-09-19 19:43:25,799 [INFO] AGENT 3: PUBLISHING
2026-09-19 19:43:25,799 [INFO] ============================================================
2026-09-19 19:43:25,799 [INFO] Published 0 pieces
2026-09-19 19:43:25,799 [INFO] ============================================================
2026-09-19 19:43:25,799 [INFO] AGENT 5: FINANCE TRACKING
2026-09-19 19:43:25,799 [INFO] ============================================================
2026-09-19 19:43:25,799 [INFO] Tracking revenue across platforms...
2026-09-19 19:43:25,799 [INFO]   YouTube AdSense: $0.00 (0 views)
2026-09-19 19:43:25,799 [INFO]   Gumroad Sales: $0.00 (0 sales)
2026-09-19 19:43:25,800 [INFO]   Affiliate: $0.00 (0 conversions)
2026-09-19 19:43:25,800 [INFO] Threshold check: $0.00 / $100.00 (need $100.00 more)
2026-09-19 19:43:25,800 [INFO] Total earnings tracked: $0.00
2026-09-19 19:43:25,800 [INFO] Goal: $10,000
2026-09-19 19:43:25,800 [INFO] Progress: 0.0%
2026-09-19 19:43:25,800 [INFO] ============================================================
2026-09-19 19:43:25,800 [INFO] SWARM RUN COMPLETE
2026-09-19 19:43:25,800 [INFO] ============================================================
2026-09-19 19:43:25,800 [INFO] Finished at: 2026-09-19T19:43:25.800786
2026-09-20 02:04:47,373 [INFO] ============================================================
2026-09-20 02:04:47,373 [INFO] AUTONOMOUS EARNINGS SWARM - STARTING
2026-09-20 02:04:47,373 [INFO] ============================================================
2026-09-20 02:04:47,373 [INFO] Started at: 2026-09-20T02:04:47.373685
2026-09-20 02:04:47,373 [INFO] ============================================================
2026-09-20 02:04:47,373 [INFO] AGENT 1: RESEARCH & IDEATION
2026-09-20 02:04:47,373 [INFO] ============================================================
2026-09-20 02:04:47,373 [INFO] Scanning GitHub trending repos...
2026-09-20 02:04:48,889 [INFO] Found 30 trending GitHub projects
2026-09-20 02:04:48,889 [INFO] Searching for trending topics...
2026-09-20 02:04:48,889 [INFO] Web trends found: 3
2026-09-20 02:04:48,889 [INFO] Found 3 web trends
2026-09-20 02:04:48,891 [INFO] Total ideas generated: 33
2026-09-20 02:04:48,891 [INFO] Backlog saved to data/backlog.json
2026-09-20 02:04:48,891 [INFO] ============================================================
2026-09-20 02:04:48,891 [INFO] AGENT 2: CONTENT PRODUCTION
2026-09-20 02:04:48,891 [INFO] ============================================================
2026-09-20 02:04:48,891 [INFO] Processing idea: openclaw
2026-09-20 02:04:48,891 [ERROR] Content production failed for {'type': 'github_repo', 'category': 'automation_ai', 'name': 'openclaw', 'full_name': 'openclaw/openclaw', 'url': 'https://github.com/openclaw/openclaw', 'description': 'The AI that really does things. Any OS. Any Platform. The lobster way. 🦞 ', 'stars': 390104, 'language': 'TypeScript', 'created_at': '2025-11-24T10:16:47Z', 'profit_potential': {'score': 6, 'reasons': ['High stars (390104)', 'Solves concrete problem', 'Actively maintained'], 'verdict': 'HIGH'}, 'product_idea': [{'type': 'template', 'title': 'openclaw - Production-Ready Template', 'description': 'A polished, documented, production-ready version of openclaw with best practices, tests, and deployment config included.', 'price_suggestion': '$29-99', 'platform': 'Gumroad', 'effort_estimate': '4-8 hours'}, {'type': 'tutorial', 'title': 'How to Build openclaw: Complete Guide', 'description': 'A step-by-step video course or ebook teaching how to use and extend openclaw for real-world projects.', 'price_suggestion': '$19-49', 'platform': 'Gumroad + YouTube', 'effort_estimate': '6-12 hours'}], 'content_idea': [{'type': 'video', 'title': 'This openclaw Project is INSANE (GitHub Trending)', 'description': "Showcasing openclaw - The AI that really does things. Any OS. Any Platform. The lobster way. 🦞 . This project has 390104 stars and is trending on GitHub. Let me show you why it's worth your attention.", 'format': 'showcase/review', 'duration_estimate': '5-8 minutes', 'monetization': ['adsense', 'affiliate']}, {'type': 'video', 'title': 'Build a Business with openclaw (Step by Step)', 'description': 'How to use openclaw to build something profitable. Complete walkthrough from setup to deployment.', 'format': 'tutorial', 'duration_estimate': '10-15 minutes', 'monetization': ['adsense', 'digital_product']}], 'timestamp': '2026-09-20T02:04:47.928633'}: 'AgentSwarm' object has no attribute '_generate_video'
2026-09-20 02:04:48,891 [INFO] Processing idea: superpowers
2026-09-20 02:04:48,891 [ERROR] Content production failed for {'type': 'github_repo', 'category': 'automation_ai', 'name': 'superpowers', 'full_name': 'obra/superpowers', 'url': 'https://github.com/obra/superpowers', 'description': 'An agentic skills framework & software development methodology that works.', 'stars': 288849, 'language': 'Shell', 'created_at': '2025-10-09T19:45:18Z', 'profit_potential': {'score': 4, 'reasons': ['High stars (288849)', 'Actively maintained'], 'verdict': 'MEDIUM'}, 'product_idea': [{'type': 'template', 'title': 'superpowers - Production-Ready Template', 'description': 'A polished, documented, production-ready version of superpowers with best practices, tests, and deployment config included.', 'price_suggestion': '$29-99', 'platform': 'Gumroad', 'effort_estimate': '4-8 hours'}, {'type': 'tutorial', 'title': 'How to Build superpowers: Complete Guide', 'description': 'A step-by-step video course or ebook teaching how to use and extend superpowers for real-world projects.', 'price_suggestion': '$19-49', 'platform': 'Gumroad + YouTube', 'effort_estimate': '6-12 hours'}], 'content_idea': [{'type': 'video', 'title': 'This superpowers Project is INSANE (GitHub Trending)', 'description': "Showcasing superpowers - An agentic skills framework & software development methodology that works.. This project has 288849 stars and is trending on GitHub. Let me show you why it's worth your attention.", 'format': 'showcase/review', 'duration_estimate': '5-8 minutes', 'monetization': ['adsense', 'affiliate']}, {'type': 'video', 'title': 'Build a Business with superpowers (Step by Step)', 'description': 'How to use superpowers to build something profitable. Complete walkthrough from setup to deployment.', 'format': 'tutorial', 'duration_estimate': '10-15 minutes', 'monetization': ['adsense', 'digital_product']}], 'timestamp': '2026-09-20T02:04:47.928651'}: 'AgentSwarm' object has no attribute '_generate_video'
2026-09-20 02:04:48,891 [INFO] Processing idea: hermes-agent
2026-09-20 02:04:48,891 [ERROR] Content production failed for {'type': 'github_repo', 'category': 'automation_ai', 'name': 'hermes-agent', 'full_name': 'NousResearch/hermes-agent', 'url': 'https://github.com/NousResearch/hermes-agent', 'description': 'The agent that grows with you', 'stars': 247173, 'language': 'Python', 'created_at': '2025-07-22T22:22:28Z', 'profit_potential': {'score': 4, 'reasons': ['High stars (247173)', 'Actively maintained'], 'verdict': 'MEDIUM'}, 'product_idea': [{'type': 'template', 'title': 'hermes-agent - Production-Ready Template', 'description': 'A polished, documented, production-ready version of hermes-agent with best practices, tests, and deployment config included.', 'price_suggestion': '$29-99', 'platform': 'Gumroad', 'effort_estimate': '4-8 hours'}, {'type': 'tutorial', 'title': 'How to Build hermes-agent: Complete Guide', 'description': 'A step-by-step video course or ebook teaching how to use and extend hermes-agent for real-world projects.', 'price_suggestion': '$19-49', 'platform': 'Gumroad + YouTube', 'effort_estimate': '6-12 hours'}], 'content_idea': [{'type': 'video', 'title': 'This hermes-agent Project is INSANE (GitHub Trending)', 'description': "Showcasing hermes-agent - The agent that grows with you. This project has 247173 stars and is trending on GitHub. Let me show you why it's worth your attention.", 'format': 'showcase/review', 'duration_estimate': '5-8 minutes', 'monetization': ['adsense', 'affiliate']}, {'type': 'video', 'title': 'Build a Business with hermes-agent (Step by Step)', 'description': 'How to use hermes-agent to build something profitable. Complete walkthrough from setup to deployment.', 'format': 'tutorial', 'duration_estimate': '10-15 minutes', 'monetization': ['adsense', 'digital_product']}], 'timestamp': '2026-09-20T02:04:47.928657'}: 'AgentSwarm' object has no attribute '_generate_video'
2026-09-20 02:04:48,891 [INFO] Total productions: 0
2026-09-20 02:04:48,891 [INFO] ============================================================
2026-09-20 02:04:48,891 [INFO] AGENT 4: PRODUCT CREATION
2026-09-20 02:04:48,891 [INFO] ============================================================
2026-09-20 02:04:48,891 [INFO] Creating product from: openclaw
2026-09-20 02:04:48,892 [INFO]   Product: openclaw - Production-Ready Template
2026-09-20 02:04:48,892 [INFO]   Platform: Gumroad
2026-09-20 02:04:48,892 [INFO] Creating product from: superpowers
2026-09-20 02:04:48,892 [INFO]   Product: superpowers - Production-Ready Template
2026-09-20 02:04:48,892 [INFO]   Platform: Gumroad
2026-09-20 02:04:48,892 [INFO] Created 2 products
2026-09-20 02:04:48,892 [INFO] ============================================================
2026-09-20 02:04:48,892 [INFO] AGENT 3: PUBLISHING
2026-09-20 02:04:48,892 [INFO] ============================================================
2026-09-20 02:04:48,892 [INFO] Published 0 pieces
2026-09-20 02:04:48,893 [INFO] ============================================================
2026-09-20 02:04:48,893 [INFO] AGENT 5: FINANCE TRACKING
2026-09-20 02:04:48,893 [INFO] ============================================================
2026-09-20 02:04:48,893 [INFO] Tracking revenue across platforms...
2026-09-20 02:04:48,893 [INFO]   YouTube AdSense: $0.00 (0 views)
2026-09-20 02:04:48,893 [INFO]   Gumroad Sales: $0.00 (0 sales)
2026-09-20 02:04:48,893 [INFO]   Affiliate: $0.00 (0 conversions)
2026-09-20 02:04:48,893 [INFO] Threshold check: $0.00 / $100.00 (need $100.00 more)
2026-09-20 02:04:48,893 [INFO] Total earnings tracked: $0.00
2026-09-20 02:04:48,893 [INFO] Goal: $10,000
2026-09-20 02:04:48,893 [INFO] Progress: 0.0%
2026-09-20 02:04:48,893 [INFO] ============================================================
2026-09-20 02:04:48,893 [INFO] SWARM RUN COMPLETE
2026-09-20 02:04:48,893 [INFO] ============================================================
2026-09-20 02:04:48,893 [INFO] Finished at: 2026-09-20T02:04:48.893568
2026-09-20 10:13:45,572 [INFO] ============================================================
2026-09-20 10:13:45,572 [INFO] AUTONOMOUS EARNINGS SWARM - STARTING
2026-09-20 10:13:45,572 [INFO] ============================================================
2026-09-20 10:13:45,572 [INFO] Started at: 2026-09-20T10:13:45.572733
2026-09-20 10:13:45,572 [INFO] ============================================================
2026-09-20 10:13:45,572 [INFO] AGENT 1: RESEARCH & IDEATION
2026-09-20 10:13:45,572 [INFO] ============================================================
2026-09-20 10:13:45,572 [INFO] Scanning GitHub trending repos...
2026-09-20 10:13:46,932 [INFO] Found 30 trending GitHub projects
2026-09-20 10:13:46,933 [INFO] Searching for trending topics...
2026-09-20 10:13:46,933 [INFO] Web trends found: 3
2026-09-20 10:13:46,933 [INFO] Found 3 web trends
2026-09-20 10:13:46,934 [INFO] Total ideas generated: 33
2026-09-20 10:13:46,934 [INFO] Backlog saved to data/backlog.json
2026-09-20 10:13:46,934 [INFO] ============================================================
2026-09-20 10:13:46,934 [INFO] AGENT 2: CONTENT PRODUCTION
2026-09-20 10:13:46,934 [INFO] ============================================================
2026-09-20 10:13:46,934 [INFO] Processing idea: openclaw
2026-09-20 10:13:46,935 [ERROR] Content production failed for {'type': 'github_repo', 'category': 'automation_ai', 'name': 'openclaw', 'full_name': 'openclaw/openclaw', 'url': 'https://github.com/openclaw/openclaw', 'description': 'The AI that really does things. Any OS. Any Platform. The lobster way. 🦞 ', 'stars': 390119, 'language': 'TypeScript', 'created_at': '2025-11-24T10:16:47Z', 'profit_potential': {'score': 6, 'reasons': ['High stars (390119)', 'Solves concrete problem', 'Actively maintained'], 'verdict': 'HIGH'}, 'product_idea': [{'type': 'template', 'title': 'openclaw - Production-Ready Template', 'description': 'A polished, documented, production-ready version of openclaw with best practices, tests, and deployment config included.', 'price_suggestion': '$29-99', 'platform': 'Gumroad', 'effort_estimate': '4-8 hours'}, {'type': 'tutorial', 'title': 'How to Build openclaw: Complete Guide', 'description': 'A step-by-step video course or ebook teaching how to use and extend openclaw for real-world projects.', 'price_suggestion': '$19-49', 'platform': 'Gumroad + YouTube', 'effort_estimate': '6-12 hours'}], 'content_idea': [{'type': 'video', 'title': 'This openclaw Project is INSANE (GitHub Trending)', 'description': "Showcasing openclaw - The AI that really does things. Any OS. Any Platform. The lobster way. 🦞 . This project has 390119 stars and is trending on GitHub. Let me show you why it's worth your attention.", 'format': 'showcase/review', 'duration_estimate': '5-8 minutes', 'monetization': ['adsense', 'affiliate']}, {'type': 'video', 'title': 'Build a Business with openclaw (Step by Step)', 'description': 'How to use openclaw to build something profitable. Complete walkthrough from setup to deployment.', 'format': 'tutorial', 'duration_estimate': '10-15 minutes', 'monetization': ['adsense', 'digital_product']}], 'timestamp': '2026-09-20T10:13:46.079680'}: 'AgentSwarm' object has no attribute '_generate_video'
2026-09-20 10:13:46,935 [INFO] Processing idea: superpowers
2026-09-20 10:13:46,935 [ERROR] Content production failed for {'type': 'github_repo', 'category': 'automation_ai', 'name': 'superpowers', 'full_name': 'obra/superpowers', 'url': 'https://github.com/obra/superpowers', 'description': 'An agentic skills framework & software development methodology that works.', 'stars': 288990, 'language': 'Shell', 'created_at': '2025-10-09T19:45:18Z', 'profit_potential': {'score': 4, 'reasons': ['High stars (288990)', 'Actively maintained'], 'verdict': 'MEDIUM'}, 'product_idea': [{'type': 'template', 'title': 'superpowers - Production-Ready Template', 'description': 'A polished, documented, production-ready version of superpowers with best practices, tests, and deployment config included.', 'price_suggestion': '$29-99', 'platform': 'Gumroad', 'effort_estimate': '4-8 hours'}, {'type': 'tutorial', 'title': 'How to Build superpowers: Complete Guide', 'description': 'A step-by-step video course or ebook teaching how to use and extend superpowers for real-world projects.', 'price_suggestion': '$19-49', 'platform': 'Gumroad + YouTube', 'effort_estimate': '6-12 hours'}], 'content_idea': [{'type': 'video', 'title': 'This superpowers Project is INSANE (GitHub Trending)', 'description': "Showcasing superpowers - An agentic skills framework & software development methodology that works.. This project has 288990 stars and is trending on GitHub. Let me show you why it's worth your attention.", 'format': 'showcase/review', 'duration_estimate': '5-8 minutes', 'monetization': ['adsense', 'affiliate']}, {'type': 'video', 'title': 'Build a Business with superpowers (Step by Step)', 'description': 'How to use superpowers to build something profitable. Complete walkthrough from setup to deployment.', 'format': 'tutorial', 'duration_estimate': '10-15 minutes', 'monetization': ['adsense', 'digital_product']}], 'timestamp': '2026-09-20T10:13:46.079699'}: 'AgentSwarm' object has no attribute '_generate_video'
2026-09-20 10:13:46,935 [INFO] Processing idea: hermes-agent
2026-09-20 10:13:46,935 [ERROR] Content production failed for {'type': 'github_repo', 'category': 'automation_ai', 'name': 'hermes-agent', 'full_name': 'NousResearch/hermes-agent', 'url': 'https://github.com/NousResearch/hermes-agent', 'description': 'The agent that grows with you', 'stars': 247302, 'language': 'Python', 'created_at': '2025-07-22T22:22:28Z', 'profit_potential': {'score': 4, 'reasons': ['High stars (247302)', 'Actively maintained'], 'verdict': 'MEDIUM'}, 'product_idea': [{'type': 'template', 'title': 'hermes-agent - Production-Ready Template', 'description': 'A polished, documented, production-ready version of hermes-agent with best practices, tests, and deployment config included.', 'price_suggestion': '$29-99', 'platform': 'Gumroad', 'effort_estimate': '4-8 hours'}, {'type': 'tutorial', 'title': 'How to Build hermes-agent: Complete Guide', 'description': 'A step-by-step video course or ebook teaching how to use and extend hermes-agent for real-world projects.', 'price_suggestion': '$19-49', 'platform': 'Gumroad + YouTube', 'effort_estimate': '6-12 hours'}], 'content_idea': [{'type': 'video', 'title': 'This hermes-agent Project is INSANE (GitHub Trending)', 'description': "Showcasing hermes-agent - The agent that grows with you. This project has 247302 stars and is trending on GitHub. Let me show you why it's worth your attention.", 'format': 'showcase/review', 'duration_estimate': '5-8 minutes', 'monetization': ['adsense', 'affiliate']}, {'type': 'video', 'title': 'Build a Business with hermes-agent (Step by Step)', 'description': 'How to use hermes-agent to build something profitable. Complete walkthrough from setup to deployment.', 'format': 'tutorial', 'duration_estimate': '10-15 minutes', 'monetization': ['adsense', 'digital_product']}], 'timestamp': '2026-09-20T10:13:46.079706'}: 'AgentSwarm' object has no attribute '_generate_video'
2026-09-20 10:13:46,935 [INFO] Total productions: 0
2026-09-20 10:13:46,935 [INFO] ============================================================
2026-09-20 10:13:46,935 [INFO] AGENT 4: PRODUCT CREATION
2026-09-20 10:13:46,935 [INFO] ============================================================
2026-09-20 10:13:46,935 [INFO] Creating product from: openclaw
2026-09-20 10:13:46,935 [INFO]   Product: openclaw - Production-Ready Template
2026-09-20 10:13:46,935 [INFO]   Platform: Gumroad
2026-09-20 10:13:46,935 [INFO] Creating product from: superpowers
2026-09-20 10:13:46,935 [INFO]   Product: superpowers - Production-Ready Template
2026-09-20 10:13:46,935 [INFO]   Platform: Gumroad
2026-09-20 10:13:46,936 [INFO] Created 2 products
2026-09-20 10:13:46,936 [INFO] ============================================================
2026-09-20 10:13:46,936 [INFO] AGENT 3: PUBLISHING
2026-09-20 10:13:46,936 [INFO] ============================================================
2026-09-20 10:13:46,936 [INFO] Published 0 pieces
2026-09-20 10:13:46,936 [INFO] ============================================================
2026-09-20 10:13:46,936 [INFO] AGENT 5: FINANCE TRACKING
2026-09-20 10:13:46,936 [INFO] ============================================================
2026-09-20 10:13:46,936 [INFO] Tracking revenue across platforms...
2026-09-20 10:13:46,936 [INFO]   YouTube AdSense: $0.00 (0 views)
2026-09-20 10:13:46,936 [INFO]   Gumroad Sales: $0.00 (0 sales)
2026-09-20 10:13:46,936 [INFO]   Affiliate: $0.00 (0 conversions)
2026-09-20 10:13:46,936 [INFO] Threshold check: $0.00 / $100.00 (need $100.00 more)
2026-09-20 10:13:46,936 [INFO] Total earnings tracked: $0.00
2026-09-20 10:13:46,936 [INFO] Goal: $10,000
2026-09-20 10:13:46,936 [INFO] Progress: 0.0%
2026-09-20 10:13:46,936 [INFO] ============================================================
2026-09-20 10:13:46,936 [INFO] SWARM RUN COMPLETE
2026-09-20 10:13:46,936 [INFO] ============================================================
2026-09-20 10:13:46,936 [INFO] Finished at: 2026-09-20T10:13:46.936922
2026-09-20 15:01:13,888 [INFO] ============================================================
2026-09-20 15:01:13,888 [INFO] AUTONOMOUS EARNINGS SWARM - STARTING
2026-09-20 15:01:13,888 [INFO] ============================================================
2026-09-20 15:01:13,889 [INFO] Started at: 2026-09-20T15:01:13.888997
2026-09-20 15:01:13,889 [INFO] ============================================================
2026-09-20 15:01:13,889 [INFO] AGENT 1: RESEARCH & IDEATION
2026-09-20 15:01:13,889 [INFO] ============================================================
2026-09-20 15:01:13,889 [INFO] Scanning GitHub trending repos...
2026-09-20 15:01:15,317 [INFO] Found 30 trending GitHub projects
2026-09-20 15:01:15,317 [INFO] Searching for trending topics...
2026-09-20 15:01:15,317 [INFO] Web trends found: 3
2026-09-20 15:01:15,317 [INFO] Found 3 web trends
2026-09-20 15:01:15,319 [INFO] Total ideas generated: 33
2026-09-20 15:01:15,319 [INFO] Backlog saved to data/backlog.json
2026-09-20 15:01:15,319 [INFO] ============================================================
2026-09-20 15:01:15,319 [INFO] AGENT 2: CONTENT PRODUCTION
2026-09-20 15:01:15,319 [INFO] ============================================================
2026-09-20 15:01:15,319 [INFO] Processing idea: openclaw
2026-09-20 15:01:15,320 [ERROR] Content production failed for {'type': 'github_repo', 'category': 'automation_ai', 'name': 'openclaw', 'full_name': 'openclaw/openclaw', 'url': 'https://github.com/openclaw/openclaw', 'description': 'The AI that really does things. Any OS. Any Platform. The lobster way. 🦞 ', 'stars': 390142, 'language': 'TypeScript', 'created_at': '2025-11-24T10:16:47Z', 'profit_potential': {'score': 6, 'reasons': ['High stars (390142)', 'Solves concrete problem', 'Actively maintained'], 'verdict': 'HIGH'}, 'product_idea': [{'type': 'template', 'title': 'openclaw - Production-Ready Template', 'description': 'A polished, documented, production-ready version of openclaw with best practices, tests, and deployment config included.', 'price_suggestion': '$29-99', 'platform': 'Gumroad', 'effort_estimate': '4-8 hours'}, {'type': 'tutorial', 'title': 'How to Build openclaw: Complete Guide', 'description': 'A step-by-step video course or ebook teaching how to use and extend openclaw for real-world projects.', 'price_suggestion': '$19-49', 'platform': 'Gumroad + YouTube', 'effort_estimate': '6-12 hours'}], 'content_idea': [{'type': 'video', 'title': 'This openclaw Project is INSANE (GitHub Trending)', 'description': "Showcasing openclaw - The AI that really does things. Any OS. Any Platform. The lobster way. 🦞 . This project has 390142 stars and is trending on GitHub. Let me show you why it's worth your attention.", 'format': 'showcase/review', 'duration_estimate': '5-8 minutes', 'monetization': ['adsense', 'affiliate']}, {'type': 'video', 'title': 'Build a Business with openclaw (Step by Step)', 'description': 'How to use openclaw to build something profitable. Complete walkthrough from setup to deployment.', 'format': 'tutorial', 'duration_estimate': '10-15 minutes', 'monetization': ['adsense', 'digital_product']}], 'timestamp': '2026-09-20T15:01:14.452286'}: 'AgentSwarm' object has no attribute '_generate_video'
2026-09-20 15:01:15,320 [INFO] Processing idea: superpowers
2026-09-20 15:01:15,320 [ERROR] Content production failed for {'type': 'github_repo', 'category': 'automation_ai', 'name': 'superpowers', 'full_name': 'obra/superpowers', 'url': 'https://github.com/obra/superpowers', 'description': 'An agentic skills framework & software development methodology that works.', 'stars': 289093, 'language': 'Shell', 'created_at': '2025-10-09T19:45:18Z', 'profit_potential': {'score': 4, 'reasons': ['High stars (289093)', 'Actively maintained'], 'verdict': 'MEDIUM'}, 'product_idea': [{'type': 'template', 'title': 'superpowers - Production-Ready Template', 'description': 'A polished, documented, production-ready version of superpowers with best practices, tests, and deployment config included.', 'price_suggestion': '$29-99', 'platform': 'Gumroad', 'effort_estimate': '4-8 hours'}, {'type': 'tutorial', 'title': 'How to Build superpowers: Complete Guide', 'description': 'A step-by-step video course or ebook teaching how to use and extend superpowers for real-world projects.', 'price_suggestion': '$19-49', 'platform': 'Gumroad + YouTube', 'effort_estimate': '6-12 hours'}], 'content_idea': [{'type': 'video', 'title': 'This superpowers Project is INSANE (GitHub Trending)', 'description': "Showcasing superpowers - An agentic skills framework & software development methodology that works.. This project has 289093 stars and is trending on GitHub. Let me show you why it's worth your attention.", 'format': 'showcase/review', 'duration_estimate': '5-8 minutes', 'monetization': ['adsense', 'affiliate']}, {'type': 'video', 'title': 'Build a Business with superpowers (Step by Step)', 'description': 'How to use superpowers to build something profitable. Complete walkthrough from setup to deployment.', 'format': 'tutorial', 'duration_estimate': '10-15 minutes', 'monetization': ['adsense', 'digital_product']}], 'timestamp': '2026-09-20T15:01:14.452308'}: 'AgentSwarm' object has no attribute '_generate_video'
2026-09-20 15:01:15,320 [INFO] Processing idea: hermes-agent
2026-09-20 15:01:15,320 [ERROR] Content production failed for {'type': 'github_repo', 'category': 'automation_ai', 'name': 'hermes-agent', 'full_name': 'NousResearch/hermes-agent', 'url': 'https://github.com/NousResearch/hermes-agent', 'description': 'The agent that grows with you', 'stars': 247379, 'language': 'Python', 'created_at': '2025-07-22T22:22:28Z', 'profit_potential': {'score': 4, 'reasons': ['High stars (247379)', 'Actively maintained'], 'verdict': 'MEDIUM'}, 'product_idea': [{'type': 'template', 'title': 'hermes-agent - Production-Ready Template', 'description': 'A polished, documented, production-ready version of hermes-agent with best practices, tests, and deployment config included.', 'price_suggestion': '$29-99', 'platform': 'Gumroad', 'effort_estimate': '4-8 hours'}, {'type': 'tutorial', 'title': 'How to Build hermes-agent: Complete Guide', 'description': 'A step-by-step video course or ebook teaching how to use and extend hermes-agent for real-world projects.', 'price_suggestion': '$19-49', 'platform': 'Gumroad + YouTube', 'effort_estimate': '6-12 hours'}], 'content_idea': [{'type': 'video', 'title': 'This hermes-agent Project is INSANE (GitHub Trending)', 'description': "Showcasing hermes-agent - The agent that grows with you. This project has 247379 stars and is trending on GitHub. Let me show you why it's worth your attention.", 'format': 'showcase/review', 'duration_estimate': '5-8 minutes', 'monetization': ['adsense', 'affiliate']}, {'type': 'video', 'title': 'Build a Business with hermes-agent (Step by Step)', 'description': 'How to use hermes-agent to build something profitable. Complete walkthrough from setup to deployment.', 'format': 'tutorial', 'duration_estimate': '10-15 minutes', 'monetization': ['adsense', 'digital_product']}], 'timestamp': '2026-09-20T15:01:14.452316'}: 'AgentSwarm' object has no attribute '_generate_video'
2026-09-20 15:01:15,320 [INFO] Total productions: 0
2026-09-20 15:01:15,320 [INFO] ============================================================
2026-09-20 15:01:15,320 [INFO] AGENT 4: PRODUCT CREATION
2026-09-20 15:01:15,320 [INFO] ============================================================
2026-09-20 15:01:15,320 [INFO] Creating product from: openclaw
2026-09-20 15:01:15,321 [INFO]   Product: openclaw - Production-Ready Template
2026-09-20 15:01:15,321 [INFO]   Platform: Gumroad
2026-09-20 15:01:15,321 [INFO] Creating product from: superpowers
2026-09-20 15:01:15,321 [INFO]   Product: superpowers - Production-Ready Template
2026-09-20 15:01:15,321 [INFO]   Platform: Gumroad
2026-09-20 15:01:15,321 [INFO] Created 2 products
2026-09-20 15:01:15,321 [INFO] ============================================================
2026-09-20 15:01:15,321 [INFO] AGENT 3: PUBLISHING
2026-09-20 15:01:15,321 [INFO] ============================================================
2026-09-20 15:01:15,322 [INFO] Published 0 pieces
2026-09-20 15:01:15,322 [INFO] ============================================================
2026-09-20 15:01:15,322 [INFO] AGENT 5: FINANCE TRACKING
2026-09-20 15:01:15,322 [INFO] ============================================================
2026-09-20 15:01:15,322 [INFO] Tracking revenue across platforms...
2026-09-20 15:01:15,322 [INFO]   YouTube AdSense: $0.00 (0 views)
2026-09-20 15:01:15,322 [INFO]   Gumroad Sales: $0.00 (0 sales)
2026-09-20 15:01:15,322 [INFO]   Affiliate: $0.00 (0 conversions)
2026-09-20 15:01:15,322 [INFO] Threshold check: $0.00 / $100.00 (need $100.00 more)
2026-09-20 15:01:15,322 [INFO] Total earnings tracked: $0.00
2026-09-20 15:01:15,322 [INFO] Goal: $10,000
2026-09-20 15:01:15,322 [INFO] Progress: 0.0%
2026-09-20 15:01:15,322 [INFO] ============================================================
2026-09-20 15:01:15,322 [INFO] SWARM RUN COMPLETE
2026-09-20 15:01:15,322 [INFO] ============================================================
2026-09-20 15:01:15,322 [INFO] Finished at: 2026-09-20T15:01:15.322933
2026-09-20 19:55:10,777 [INFO] ============================================================
2026-09-20 19:55:10,778 [INFO] AUTONOMOUS EARNINGS SWARM - STARTING
2026-09-20 19:55:10,778 [INFO] ============================================================
2026-09-20 19:55:10,778 [INFO] Started at: 2026-09-20T19:55:10.778137
2026-09-20 19:55:10,778 [INFO] ============================================================
2026-09-20 19:55:10,778 [INFO] AGENT 1: RESEARCH & IDEATION
2026-09-20 19:55:10,778 [INFO] ============================================================
2026-09-20 19:55:10,778 [INFO] Scanning GitHub trending repos...
2026-09-20 19:55:12,381 [INFO] Found 30 trending GitHub projects
2026-09-20 19:55:12,381 [INFO] Searching for trending topics...
2026-09-20 19:55:12,381 [INFO] Web trends found: 3
2026-09-20 19:55:12,381 [INFO] Found 3 web trends
2026-09-20 19:55:12,383 [INFO] Total ideas generated: 33
2026-09-20 19:55:12,383 [INFO] Backlog saved to data/backlog.json
2026-09-20 19:55:12,383 [INFO] ============================================================
2026-09-20 19:55:12,383 [INFO] AGENT 2: CONTENT PRODUCTION
2026-09-20 19:55:12,383 [INFO] ============================================================
2026-09-20 19:55:12,383 [INFO] Processing idea: openclaw
2026-09-20 19:55:12,384 [ERROR] Content production failed for {'type': 'github_repo', 'category': 'automation_ai', 'name': 'openclaw', 'full_name': 'openclaw/openclaw', 'url': 'https://github.com/openclaw/openclaw', 'description': 'The AI that really does things. Any OS. Any Platform. The lobster way. 🦞 ', 'stars': 390152, 'language': 'TypeScript', 'created_at': '2025-11-24T10:16:47Z', 'profit_potential': {'score': 6, 'reasons': ['High stars (390152)', 'Solves concrete problem', 'Actively maintained'], 'verdict': 'HIGH'}, 'product_idea': [{'type': 'template', 'title': 'openclaw - Production-Ready Template', 'description': 'A polished, documented, production-ready version of openclaw with best practices, tests, and deployment config included.', 'price_suggestion': '$29-99', 'platform': 'Gumroad', 'effort_estimate': '4-8 hours'}, {'type': 'tutorial', 'title': 'How to Build openclaw: Complete Guide', 'description': 'A step-by-step video course or ebook teaching how to use and extend openclaw for real-world projects.', 'price_suggestion': '$19-49', 'platform': 'Gumroad + YouTube', 'effort_estimate': '6-12 hours'}], 'content_idea': [{'type': 'video', 'title': 'This openclaw Project is INSANE (GitHub Trending)', 'description': "Showcasing openclaw - The AI that really does things. Any OS. Any Platform. The lobster way. 🦞 . This project has 390152 stars and is trending on GitHub. Let me show you why it's worth your attention.", 'format': 'showcase/review', 'duration_estimate': '5-8 minutes', 'monetization': ['adsense', 'affiliate']}, {'type': 'video', 'title': 'Build a Business with openclaw (Step by Step)', 'description': 'How to use openclaw to build something profitable. Complete walkthrough from setup to deployment.', 'format': 'tutorial', 'duration_estimate': '10-15 minutes', 'monetization': ['adsense', 'digital_product']}], 'timestamp': '2026-09-20T19:55:11.496110'}: 'AgentSwarm' object has no attribute '_generate_video'
2026-09-20 19:55:12,384 [INFO] Processing idea: superpowers
2026-09-20 19:55:12,384 [ERROR] Content production failed for {'type': 'github_repo', 'category': 'automation_ai', 'name': 'superpowers', 'full_name': 'obra/superpowers', 'url': 'https://github.com/obra/superpowers', 'description': 'An agentic skills framework & software development methodology that works.', 'stars': 289182, 'language': 'Shell', 'created_at': '2025-10-09T19:45:18Z', 'profit_potential': {'score': 4, 'reasons': ['High stars (289182)', 'Actively maintained'], 'verdict': 'MEDIUM'}, 'product_idea': [{'type': 'template', 'title': 'superpowers - Production-Ready Template', 'description': 'A polished, documented, production-ready version of superpowers with best practices, tests, and deployment config included.', 'price_suggestion': '$29-99', 'platform': 'Gumroad', 'effort_estimate': '4-8 hours'}, {'type': 'tutorial', 'title': 'How to Build superpowers: Complete Guide', 'description': 'A step-by-step video course or ebook teaching how to use and extend superpowers for real-world projects.', 'price_suggestion': '$19-49', 'platform': 'Gumroad + YouTube', 'effort_estimate': '6-12 hours'}], 'content_idea': [{'type': 'video', 'title': 'This superpowers Project is INSANE (GitHub Trending)', 'description': "Showcasing superpowers - An agentic skills framework & software development methodology that works.. This project has 289182 stars and is trending on GitHub. Let me show you why it's worth your attention.", 'format': 'showcase/review', 'duration_estimate': '5-8 minutes', 'monetization': ['adsense', 'affiliate']}, {'type': 'video', 'title': 'Build a Business with superpowers (Step by Step)', 'description': 'How to use superpowers to build something profitable. Complete walkthrough from setup to deployment.', 'format': 'tutorial', 'duration_estimate': '10-15 minutes', 'monetization': ['adsense', 'digital_product']}], 'timestamp': '2026-09-20T19:55:11.496133'}: 'AgentSwarm' object has no attribute '_generate_video'
2026-09-20 19:55:12,384 [INFO] Processing idea: hermes-agent
2026-09-20 19:55:12,384 [ERROR] Content production failed for {'type': 'github_repo', 'category': 'automation_ai', 'name': 'hermes-agent', 'full_name': 'NousResearch/hermes-agent', 'url': 'https://github.com/NousResearch/hermes-agent', 'description': 'The agent that grows with you', 'stars': 247436, 'language': 'Python', 'created_at': '2025-07-22T22:22:28Z', 'profit_potential': {'score': 4, 'reasons': ['High stars (247436)', 'Actively maintained'], 'verdict': 'MEDIUM'}, 'product_idea': [{'type': 'template', 'title': 'hermes-agent - Production-Ready Template', 'description': 'A polished, documented, production-ready version of hermes-agent with best practices, tests, and deployment config included.', 'price_suggestion': '$29-99', 'platform': 'Gumroad', 'effort_estimate': '4-8 hours'}, {'type': 'tutorial', 'title': 'How to Build hermes-agent: Complete Guide', 'description': 'A step-by-step video course or ebook teaching how to use and extend hermes-agent for real-world projects.', 'price_suggestion': '$19-49', 'platform': 'Gumroad + YouTube', 'effort_estimate': '6-12 hours'}], 'content_idea': [{'type': 'video', 'title': 'This hermes-agent Project is INSANE (GitHub Trending)', 'description': "Showcasing hermes-agent - The agent that grows with you. This project has 247436 stars and is trending on GitHub. Let me show you why it's worth your attention.", 'format': 'showcase/review', 'duration_estimate': '5-8 minutes', 'monetization': ['adsense', 'affiliate']}, {'type': 'video', 'title': 'Build a Business with hermes-agent (Step by Step)', 'description': 'How to use hermes-agent to build something profitable. Complete walkthrough from setup to deployment.', 'format': 'tutorial', 'duration_estimate': '10-15 minutes', 'monetization': ['adsense', 'digital_product']}], 'timestamp': '2026-09-20T19:55:11.496142'}: 'AgentSwarm' object has no attribute '_generate_video'
2026-09-20 19:55:12,384 [INFO] Total productions: 0
2026-09-20 19:55:12,384 [INFO] ============================================================
2026-09-20 19:55:12,384 [INFO] AGENT 4: PRODUCT CREATION
2026-09-20 19:55:12,384 [INFO] ============================================================
2026-09-20 19:55:12,384 [INFO] Creating product from: openclaw
2026-09-20 19:55:12,384 [INFO]   Product: openclaw - Production-Ready Template
2026-09-20 19:55:12,385 [INFO]   Platform: Gumroad
2026-09-20 19:55:12,385 [INFO] Creating product from: superpowers
2026-09-20 19:55:12,385 [INFO]   Product: superpowers - Production-Ready Template
2026-09-20 19:55:12,385 [INFO]   Platform: Gumroad
2026-09-20 19:55:12,385 [INFO] Created 2 products
2026-09-20 19:55:12,385 [INFO] ============================================================
2026-09-20 19:55:12,385 [INFO] AGENT 3: PUBLISHING
2026-09-20 19:55:12,385 [INFO] ============================================================
2026-09-20 19:55:12,385 [INFO] Published 0 pieces
2026-09-20 19:55:12,386 [INFO] ============================================================
2026-09-20 19:55:12,386 [INFO] AGENT 5: FINANCE TRACKING
2026-09-20 19:55:12,386 [INFO] ============================================================
2026-09-20 19:55:12,386 [INFO] Tracking revenue across platforms...
2026-09-20 19:55:12,386 [INFO]   YouTube AdSense: $0.00 (0 views)
2026-09-20 19:55:12,386 [INFO]   Gumroad Sales: $0.00 (0 sales)
2026-09-20 19:55:12,386 [INFO]   Affiliate: $0.00 (0 conversions)
2026-09-20 19:55:12,386 [INFO] Threshold check: $0.00 / $100.00 (need $100.00 more)
2026-09-20 19:55:12,386 [INFO] Total earnings tracked: $0.00
2026-09-20 19:55:12,386 [INFO] Goal: $10,000
2026-09-20 19:55:12,386 [INFO] Progress: 0.0%
2026-09-20 19:55:12,386 [INFO] ============================================================
2026-09-20 19:55:12,386 [INFO] SWARM RUN COMPLETE
2026-09-20 19:55:12,386 [INFO] ============================================================
2026-09-20 19:55:12,386 [INFO] Finished at: 2026-09-20T19:55:12.386966
2026-09-21 02:05:36,690 [INFO] ============================================================
2026-09-21 02:05:36,690 [INFO] AUTONOMOUS EARNINGS SWARM - STARTING
2026-09-21 02:05:36,690 [INFO] ============================================================
2026-09-21 02:05:36,690 [INFO] Started at: 2026-09-21T02:05:36.690404
2026-09-21 02:05:36,690 [INFO] ============================================================
2026-09-21 02:05:36,690 [INFO] AGENT 1: RESEARCH & IDEATION
2026-09-21 02:05:36,690 [INFO] ============================================================
2026-09-21 02:05:36,690 [INFO] Scanning GitHub trending repos...
2026-09-21 02:05:38,058 [INFO] Found 30 trending GitHub projects
2026-09-21 02:05:38,059 [INFO] Searching for trending topics...
2026-09-21 02:05:38,059 [INFO] Web trends found: 3
2026-09-21 02:05:38,059 [INFO] Found 3 web trends
2026-09-21 02:05:38,061 [INFO] Total ideas generated: 33
2026-09-21 02:05:38,061 [INFO] Backlog saved to data/backlog.json
2026-09-21 02:05:38,061 [INFO] ============================================================
2026-09-21 02:05:38,061 [INFO] AGENT 2: CONTENT PRODUCTION
2026-09-21 02:05:38,061 [INFO] ============================================================
2026-09-21 02:05:38,061 [INFO] Processing idea: openclaw
2026-09-21 02:05:38,061 [ERROR] Content production failed for {'type': 'github_repo', 'category': 'automation_ai', 'name': 'openclaw', 'full_name': 'openclaw/openclaw', 'url': 'https://github.com/openclaw/openclaw', 'description': 'The AI that really does things. Any OS. Any Platform. The lobster way. 🦞 ', 'stars': 390158, 'language': 'TypeScript', 'created_at': '2025-11-24T10:16:47Z', 'profit_potential': {'score': 6, 'reasons': ['High stars (390158)', 'Solves concrete problem', 'Actively maintained'], 'verdict': 'HIGH'}, 'product_idea': [{'type': 'template', 'title': 'openclaw - Production-Ready Template', 'description': 'A polished, documented, production-ready version of openclaw with best practices, tests, and deployment config included.', 'price_suggestion': '$29-99', 'platform': 'Gumroad', 'effort_estimate': '4-8 hours'}, {'type': 'tutorial', 'title': 'How to Build openclaw: Complete Guide', 'description': 'A step-by-step video course or ebook teaching how to use and extend openclaw for real-world projects.', 'price_suggestion': '$19-49', 'platform': 'Gumroad + YouTube', 'effort_estimate': '6-12 hours'}], 'content_idea': [{'type': 'video', 'title': 'This openclaw Project is INSANE (GitHub Trending)', 'description': "Showcasing openclaw - The AI that really does things. Any OS. Any Platform. The lobster way. 🦞 . This project has 390158 stars and is trending on GitHub. Let me show you why it's worth your attention.", 'format': 'showcase/review', 'duration_estimate': '5-8 minutes', 'monetization': ['adsense', 'affiliate']}, {'type': 'video', 'title': 'Build a Business with openclaw (Step by Step)', 'description': 'How to use openclaw to build something profitable. Complete walkthrough from setup to deployment.', 'format': 'tutorial', 'duration_estimate': '10-15 minutes', 'monetization': ['adsense', 'digital_product']}], 'timestamp': '2026-09-21T02:05:37.321884'}: 'AgentSwarm' object has no attribute '_generate_video'
2026-09-21 02:05:38,061 [INFO] Processing idea: superpowers
2026-09-21 02:05:38,061 [ERROR] Content production failed for {'type': 'github_repo', 'category': 'automation_ai', 'name': 'superpowers', 'full_name': 'obra/superpowers', 'url': 'https://github.com/obra/superpowers', 'description': 'An agentic skills framework & software development methodology that works.', 'stars': 289305, 'language': 'Shell', 'created_at': '2025-10-09T19:45:18Z', 'profit_potential': {'score': 4, 'reasons': ['High stars (289305)', 'Actively maintained'], 'verdict': 'MEDIUM'}, 'product_idea': [{'type': 'template', 'title': 'superpowers - Production-Ready Template', 'description': 'A polished, documented, production-ready version of superpowers with best practices, tests, and deployment config included.', 'price_suggestion': '$29-99', 'platform': 'Gumroad', 'effort_estimate': '4-8 hours'}, {'type': 'tutorial', 'title': 'How to Build superpowers: Complete Guide', 'description': 'A step-by-step video course or ebook teaching how to use and extend superpowers for real-world projects.', 'price_suggestion': '$19-49', 'platform': 'Gumroad + YouTube', 'effort_estimate': '6-12 hours'}], 'content_idea': [{'type': 'video', 'title': 'This superpowers Project is INSANE (GitHub Trending)', 'description': "Showcasing superpowers - An agentic skills framework & software development methodology that works.. This project has 289305 stars and is trending on GitHub. Let me show you why it's worth your attention.", 'format': 'showcase/review', 'duration_estimate': '5-8 minutes', 'monetization': ['adsense', 'affiliate']}, {'type': 'video', 'title': 'Build a Business with superpowers (Step by Step)', 'description': 'How to use superpowers to build something profitable. Complete walkthrough from setup to deployment.', 'format': 'tutorial', 'duration_estimate': '10-15 minutes', 'monetization': ['adsense', 'digital_product']}], 'timestamp': '2026-09-21T02:05:37.321903'}: 'AgentSwarm' object has no attribute '_generate_video'
2026-09-21 02:05:38,061 [INFO] Processing idea: hermes-agent
2026-09-21 02:05:38,061 [ERROR] Content production failed for {'type': 'github_repo', 'category': 'automation_ai', 'name': 'hermes-agent', 'full_name': 'NousResearch/hermes-agent', 'url': 'https://github.com/NousResearch/hermes-agent', 'description': 'The agent that grows with you', 'stars': 247489, 'language': 'Python', 'created_at': '2025-07-22T22:22:28Z', 'profit_potential': {'score': 4, 'reasons': ['High stars (247489)', 'Actively maintained'], 'verdict': 'MEDIUM'}, 'product_idea': [{'type': 'template', 'title': 'hermes-agent - Production-Ready Template', 'description': 'A polished, documented, production-ready version of hermes-agent with best practices, tests, and deployment config included.', 'price_suggestion': '$29-99', 'platform': 'Gumroad', 'effort_estimate': '4-8 hours'}, {'type': 'tutorial', 'title': 'How to Build hermes-agent: Complete Guide', 'description': 'A step-by-step video course or ebook teaching how to use and extend hermes-agent for real-world projects.', 'price_suggestion': '$19-49', 'platform': 'Gumroad + YouTube', 'effort_estimate': '6-12 hours'}], 'content_idea': [{'type': 'video', 'title': 'This hermes-agent Project is INSANE (GitHub Trending)', 'description': "Showcasing hermes-agent - The agent that grows with you. This project has 247489 stars and is trending on GitHub. Let me show you why it's worth your attention.", 'format': 'showcase/review', 'duration_estimate': '5-8 minutes', 'monetization': ['adsense', 'affiliate']}, {'type': 'video', 'title': 'Build a Business with hermes-agent (Step by Step)', 'description': 'How to use hermes-agent to build something profitable. Complete walkthrough from setup to deployment.', 'format': 'tutorial', 'duration_estimate': '10-15 minutes', 'monetization': ['adsense', 'digital_product']}], 'timestamp': '2026-09-21T02:05:37.321912'}: 'AgentSwarm' object has no attribute '_generate_video'
2026-09-21 02:05:38,062 [INFO] Total productions: 0
2026-09-21 02:05:38,062 [INFO] ============================================================
2026-09-21 02:05:38,062 [INFO] AGENT 4: PRODUCT CREATION
2026-09-21 02:05:38,062 [INFO] ============================================================
2026-09-21 02:05:38,062 [INFO] Creating product from: openclaw
2026-09-21 02:05:38,062 [INFO]   Product: openclaw - Production-Ready Template
2026-09-21 02:05:38,062 [INFO]   Platform: Gumroad
2026-09-21 02:05:38,062 [INFO] Creating product from: superpowers
2026-09-21 02:05:38,062 [INFO]   Product: superpowers - Production-Ready Template
2026-09-21 02:05:38,062 [INFO]   Platform: Gumroad
2026-09-21 02:05:38,063 [INFO] Created 2 products
2026-09-21 02:05:38,063 [INFO] ============================================================
2026-09-21 02:05:38,063 [INFO] AGENT 3: PUBLISHING
2026-09-21 02:05:38,063 [INFO] ============================================================
2026-09-21 02:05:38,063 [INFO] Published 0 pieces
2026-09-21 02:05:38,063 [INFO] ============================================================
2026-09-21 02:05:38,063 [INFO] AGENT 5: FINANCE TRACKING
2026-09-21 02:05:38,063 [INFO] ============================================================
2026-09-21 02:05:38,064 [INFO] Tracking revenue across platforms...
2026-09-21 02:05:38,064 [INFO]   YouTube AdSense: $0.00 (0 views)
2026-09-21 02:05:38,064 [INFO]   Gumroad Sales: $0.00 (0 sales)
2026-09-21 02:05:38,064 [INFO]   Affiliate: $0.00 (0 conversions)
2026-09-21 02:05:38,064 [INFO] Threshold check: $0.00 / $100.00 (need $100.00 more)
2026-09-21 02:05:38,064 [INFO] Total earnings tracked: $0.00
2026-09-21 02:05:38,064 [INFO] Goal: $10,000
2026-09-21 02:05:38,064 [INFO] Progress: 0.0%
2026-09-21 02:05:38,064 [INFO] ============================================================
2026-09-21 02:05:38,064 [INFO] SWARM RUN COMPLETE
2026-09-21 02:05:38,064 [INFO] ============================================================
2026-09-21 02:05:38,064 [INFO] Finished at: 2026-09-21T02:05:38.064922
2026-09-21 11:18:32,675 [INFO] ============================================================
2026-09-21 11:18:32,675 [INFO] AUTONOMOUS EARNINGS SWARM - STARTING
2026-09-21 11:18:32,675 [INFO] ============================================================
2026-09-21 11:18:32,675 [INFO] Started at: 2026-09-21T11:18:32.675900
2026-09-21 11:18:32,675 [INFO] ============================================================
2026-09-21 11:18:32,676 [INFO] AGENT 1: RESEARCH & IDEATION
2026-09-21 11:18:32,676 [INFO] ============================================================
2026-09-21 11:18:32,676 [INFO] Scanning GitHub trending repos...
2026-09-21 11:18:34,127 [INFO] Found 30 trending GitHub projects
2026-09-21 11:18:34,127 [INFO] Searching for trending topics...
2026-09-21 11:18:34,127 [INFO] Web trends found: 3
2026-09-21 11:18:34,127 [INFO] Found 3 web trends
2026-09-21 11:18:34,129 [INFO] Total ideas generated: 33
2026-09-21 11:18:34,129 [INFO] Backlog saved to data/backlog.json
2026-09-21 11:18:34,129 [INFO] ============================================================
2026-09-21 11:18:34,129 [INFO] AGENT 2: CONTENT PRODUCTION
2026-09-21 11:18:34,129 [INFO] ============================================================
2026-09-21 11:18:34,129 [INFO] Processing idea: openclaw
2026-09-21 11:18:34,130 [ERROR] Content production failed for {'type': 'github_repo', 'category': 'automation_ai', 'name': 'openclaw', 'full_name': 'openclaw/openclaw', 'url': 'https://github.com/openclaw/openclaw', 'description': 'The AI that really does things. Any OS. Any Platform. The lobster way. 🦞 ', 'stars': 390182, 'language': 'TypeScript', 'created_at': '2025-11-24T10:16:47Z', 'profit_potential': {'score': 6, 'reasons': ['High stars (390182)', 'Solves concrete problem', 'Actively maintained'], 'verdict': 'HIGH'}, 'product_idea': [{'type': 'template', 'title': 'openclaw - Production-Ready Template', 'description': 'A polished, documented, production-ready version of openclaw with best practices, tests, and deployment config included.', 'price_suggestion': '$29-99', 'platform': 'Gumroad', 'effort_estimate': '4-8 hours'}, {'type': 'tutorial', 'title': 'How to Build openclaw: Complete Guide', 'description': 'A step-by-step video course or ebook teaching how to use and extend openclaw for real-world projects.', 'price_suggestion': '$19-49', 'platform': 'Gumroad + YouTube', 'effort_estimate': '6-12 hours'}], 'content_idea': [{'type': 'video', 'title': 'This openclaw Project is INSANE (GitHub Trending)', 'description': "Showcasing openclaw - The AI that really does things. Any OS. Any Platform. The lobster way. 🦞 . This project has 390182 stars and is trending on GitHub. Let me show you why it's worth your attention.", 'format': 'showcase/review', 'duration_estimate': '5-8 minutes', 'monetization': ['adsense', 'affiliate']}, {'type': 'video', 'title': 'Build a Business with openclaw (Step by Step)', 'description': 'How to use openclaw to build something profitable. Complete walkthrough from setup to deployment.', 'format': 'tutorial', 'duration_estimate': '10-15 minutes', 'monetization': ['adsense', 'digital_product']}], 'timestamp': '2026-09-21T11:18:33.344607'}: 'AgentSwarm' object has no attribute '_generate_video'
2026-09-21 11:18:34,130 [INFO] Processing idea: superpowers
2026-09-21 11:18:34,130 [ERROR] Content production failed for {'type': 'github_repo', 'category': 'automation_ai', 'name': 'superpowers', 'full_name': 'obra/superpowers', 'url': 'https://github.com/obra/superpowers', 'description': 'An agentic skills framework & software development methodology that works.', 'stars': 289519, 'language': 'Shell', 'created_at': '2025-10-09T19:45:18Z', 'profit_potential': {'score': 4, 'reasons': ['High stars (289519)', 'Actively maintained'], 'verdict': 'MEDIUM'}, 'product_idea': [{'type': 'template', 'title': 'superpowers - Production-Ready Template', 'description': 'A polished, documented, production-ready version of superpowers with best practices, tests, and deployment config included.', 'price_suggestion': '$29-99', 'platform': 'Gumroad', 'effort_estimate': '4-8 hours'}, {'type': 'tutorial', 'title': 'How to Build superpowers: Complete Guide', 'description': 'A step-by-step video course or ebook teaching how to use and extend superpowers for real-world projects.', 'price_suggestion': '$19-49', 'platform': 'Gumroad + YouTube', 'effort_estimate': '6-12 hours'}], 'content_idea': [{'type': 'video', 'title': 'This superpowers Project is INSANE (GitHub Trending)', 'description': "Showcasing superpowers - An agentic skills framework & software development methodology that works.. This project has 289519 stars and is trending on GitHub. Let me show you why it's worth your attention.", 'format': 'showcase/review', 'duration_estimate': '5-8 minutes', 'monetization': ['adsense', 'affiliate']}, {'type': 'video', 'title': 'Build a Business with superpowers (Step by Step)', 'description': 'How to use superpowers to build something profitable. Complete walkthrough from setup to deployment.', 'format': 'tutorial', 'duration_estimate': '10-15 minutes', 'monetization': ['adsense', 'digital_product']}], 'timestamp': '2026-09-21T11:18:33.344626'}: 'AgentSwarm' object has no attribute '_generate_video'
2026-09-21 11:18:34,130 [INFO] Processing idea: hermes-agent
2026-09-21 11:18:34,130 [ERROR] Content production failed for {'type': 'github_repo', 'category': 'automation_ai', 'name': 'hermes-agent', 'full_name': 'NousResearch/hermes-agent', 'url': 'https://github.com/NousResearch/hermes-agent', 'description': 'The agent that grows with you', 'stars': 247631, 'language': 'Python', 'created_at': '2025-07-22T22:22:28Z', 'profit_potential': {'score': 4, 'reasons': ['High stars (247631)', 'Actively maintained'], 'verdict': 'MEDIUM'}, 'product_idea': [{'type': 'template', 'title': 'hermes-agent - Production-Ready Template', 'description': 'A polished, documented, production-ready version of hermes-agent with best practices, tests, and deployment config included.', 'price_suggestion': '$29-99', 'platform': 'Gumroad', 'effort_estimate': '4-8 hours'}, {'type': 'tutorial', 'title': 'How to Build hermes-agent: Complete Guide', 'description': 'A step-by-step video course or ebook teaching how to use and extend hermes-agent for real-world projects.', 'price_suggestion': '$19-49', 'platform': 'Gumroad + YouTube', 'effort_estimate': '6-12 hours'}], 'content_idea': [{'type': 'video', 'title': 'This hermes-agent Project is INSANE (GitHub Trending)', 'description': "Showcasing hermes-agent - The agent that grows with you. This project has 247631 stars and is trending on GitHub. Let me show you why it's worth your attention.", 'format': 'showcase/review', 'duration_estimate': '5-8 minutes', 'monetization': ['adsense', 'affiliate']}, {'type': 'video', 'title': 'Build a Business with hermes-agent (Step by Step)', 'description': 'How to use hermes-agent to build something profitable. Complete walkthrough from setup to deployment.', 'format': 'tutorial', 'duration_estimate': '10-15 minutes', 'monetization': ['adsense', 'digital_product']}], 'timestamp': '2026-09-21T11:18:33.344635'}: 'AgentSwarm' object has no attribute '_generate_video'
2026-09-21 11:18:34,130 [INFO] Total productions: 0
2026-09-21 11:18:34,130 [INFO] ============================================================
2026-09-21 11:18:34,130 [INFO] AGENT 4: PRODUCT CREATION
2026-09-21 11:18:34,130 [INFO] ============================================================
2026-09-21 11:18:34,130 [INFO] Creating product from: openclaw
2026-09-21 11:18:34,131 [INFO]   Product: openclaw - Production-Ready Template
2026-09-21 11:18:34,131 [INFO]   Platform: Gumroad
2026-09-21 11:18:34,131 [INFO] Creating product from: superpowers
2026-09-21 11:18:34,131 [INFO]   Product: superpowers - Production-Ready Template
2026-09-21 11:18:34,131 [INFO]   Platform: Gumroad
2026-09-21 11:18:34,132 [INFO] Created 2 products
2026-09-21 11:18:34,132 [INFO] ============================================================
2026-09-21 11:18:34,132 [INFO] AGENT 3: PUBLISHING
2026-09-21 11:18:34,132 [INFO] ============================================================
2026-09-21 11:18:34,132 [INFO] Published 0 pieces
2026-09-21 11:18:34,132 [INFO] ============================================================
2026-09-21 11:18:34,132 [INFO] AGENT 5: FINANCE TRACKING
2026-09-21 11:18:34,132 [INFO] ============================================================
2026-09-21 11:18:34,132 [INFO] Tracking revenue across platforms...
2026-09-21 11:18:34,132 [INFO]   YouTube AdSense: $0.00 (0 views)
2026-09-21 11:18:34,132 [INFO]   Gumroad Sales: $0.00 (0 sales)
2026-09-21 11:18:34,132 [INFO]   Affiliate: $0.00 (0 conversions)
2026-09-21 11:18:34,132 [INFO] Threshold check: $0.00 / $100.00 (need $100.00 more)
2026-09-21 11:18:34,133 [INFO] Total earnings tracked: $0.00
2026-09-21 11:18:34,133 [INFO] Goal: $10,000
2026-09-21 11:18:34,133 [INFO] Progress: 0.0%
2026-09-21 11:18:34,133 [INFO] ============================================================
2026-09-21 11:18:34,133 [INFO] SWARM RUN COMPLETE
2026-09-21 11:18:34,133 [INFO] ============================================================
2026-09-21 11:18:34,133 [INFO] Finished at: 2026-09-21T11:18:34.133489
2026-09-21 17:18:56,489 [INFO] ============================================================
2026-09-21 17:18:56,489 [INFO] AUTONOMOUS EARNINGS SWARM - STARTING
2026-09-21 17:18:56,489 [INFO] ============================================================
2026-09-21 17:18:56,489 [INFO] Started at: 2026-09-21T17:18:56.489761
2026-09-21 17:18:56,489 [INFO] ============================================================
2026-09-21 17:18:56,489 [INFO] AGENT 1: RESEARCH & IDEATION
2026-09-21 17:18:56,489 [INFO] ============================================================
2026-09-21 17:18:56,490 [INFO] Scanning GitHub trending repos...
2026-09-21 17:18:57,809 [INFO] Found 30 trending GitHub projects
2026-09-21 17:18:57,809 [INFO] Searching for trending topics...
2026-09-21 17:18:57,809 [INFO] Web trends found: 3
2026-09-21 17:18:57,809 [INFO] Found 3 web trends
2026-09-21 17:18:57,811 [INFO] Total ideas generated: 33
2026-09-21 17:18:57,811 [INFO] Backlog saved to data/backlog.json
2026-09-21 17:18:57,811 [INFO] ============================================================
2026-09-21 17:18:57,811 [INFO] AGENT 2: CONTENT PRODUCTION
2026-09-21 17:18:57,812 [INFO] ============================================================
2026-09-21 17:18:57,812 [INFO] Processing idea: openclaw
2026-09-21 17:18:57,812 [ERROR] Content production failed for {'type': 'github_repo', 'category': 'automation_ai', 'name': 'openclaw', 'full_name': 'openclaw/openclaw', 'url': 'https://github.com/openclaw/openclaw', 'description': 'The AI that really does things. Any OS. Any Platform. The lobster way. 🦞 ', 'stars': 390201, 'language': 'TypeScript', 'created_at': '2025-11-24T10:16:47Z', 'profit_potential': {'score': 6, 'reasons': ['High stars (390201)', 'Solves concrete problem', 'Actively maintained'], 'verdict': 'HIGH'}, 'product_idea': [{'type': 'template', 'title': 'openclaw - Production-Ready Template', 'description': 'A polished, documented, production-ready version of openclaw with best practices, tests, and deployment config included.', 'price_suggestion': '$29-99', 'platform': 'Gumroad', 'effort_estimate': '4-8 hours'}, {'type': 'tutorial', 'title': 'How to Build openclaw: Complete Guide', 'description': 'A step-by-step video course or ebook teaching how to use and extend openclaw for real-world projects.', 'price_suggestion': '$19-49', 'platform': 'Gumroad + YouTube', 'effort_estimate': '6-12 hours'}], 'content_idea': [{'type': 'video', 'title': 'This openclaw Project is INSANE (GitHub Trending)', 'description': "Showcasing openclaw - The AI that really does things. Any OS. Any Platform. The lobster way. 🦞 . This project has 390201 stars and is trending on GitHub. Let me show you why it's worth your attention.", 'format': 'showcase/review', 'duration_estimate': '5-8 minutes', 'monetization': ['adsense', 'affiliate']}, {'type': 'video', 'title': 'Build a Business with openclaw (Step by Step)', 'description': 'How to use openclaw to build something profitable. Complete walkthrough from setup to deployment.', 'format': 'tutorial', 'duration_estimate': '10-15 minutes', 'monetization': ['adsense', 'digital_product']}], 'timestamp': '2026-09-21T17:18:57.061864'}: 'AgentSwarm' object has no attribute '_generate_video'
2026-09-21 17:18:57,812 [INFO] Processing idea: superpowers
2026-09-21 17:18:57,812 [ERROR] Content production failed for {'type': 'github_repo', 'category': 'automation_ai', 'name': 'superpowers', 'full_name': 'obra/superpowers', 'url': 'https://github.com/obra/superpowers', 'description': 'An agentic skills framework & software development methodology that works.', 'stars': 289633, 'language': 'Shell', 'created_at': '2025-10-09T19:45:18Z', 'profit_potential': {'score': 4, 'reasons': ['High stars (289633)', 'Actively maintained'], 'verdict': 'MEDIUM'}, 'product_idea': [{'type': 'template', 'title': 'superpowers - Production-Ready Template', 'description': 'A polished, documented, production-ready version of superpowers with best practices, tests, and deployment config included.', 'price_suggestion': '$29-99', 'platform': 'Gumroad', 'effort_estimate': '4-8 hours'}, {'type': 'tutorial', 'title': 'How to Build superpowers: Complete Guide', 'description': 'A step-by-step video course or ebook teaching how to use and extend superpowers for real-world projects.', 'price_suggestion': '$19-49', 'platform': 'Gumroad + YouTube', 'effort_estimate': '6-12 hours'}], 'content_idea': [{'type': 'video', 'title': 'This superpowers Project is INSANE (GitHub Trending)', 'description': "Showcasing superpowers - An agentic skills framework & software development methodology that works.. This project has 289633 stars and is trending on GitHub. Let me show you why it's worth your attention.", 'format': 'showcase/review', 'duration_estimate': '5-8 minutes', 'monetization': ['adsense', 'affiliate']}, {'type': 'video', 'title': 'Build a Business with superpowers (Step by Step)', 'description': 'How to use superpowers to build something profitable. Complete walkthrough from setup to deployment.', 'format': 'tutorial', 'duration_estimate': '10-15 minutes', 'monetization': ['adsense', 'digital_product']}], 'timestamp': '2026-09-21T17:18:57.061884'}: 'AgentSwarm' object has no attribute '_generate_video'
2026-09-21 17:18:57,812 [INFO] Processing idea: hermes-agent
2026-09-21 17:18:57,812 [ERROR] Content production failed for {'type': 'github_repo', 'category': 'automation_ai', 'name': 'hermes-agent', 'full_name': 'NousResearch/hermes-agent', 'url': 'https://github.com/NousResearch/hermes-agent', 'description': 'The agent that grows with you', 'stars': 247710, 'language': 'Python', 'created_at': '2025-07-22T22:22:28Z', 'profit_potential': {'score': 4, 'reasons': ['High stars (247710)', 'Actively maintained'], 'verdict': 'MEDIUM'}, 'product_idea': [{'type': 'template', 'title': 'hermes-agent - Production-Ready Template', 'description': 'A polished, documented, production-ready version of hermes-agent with best practices, tests, and deployment config included.', 'price_suggestion': '$29-99', 'platform': 'Gumroad', 'effort_estimate': '4-8 hours'}, {'type': 'tutorial', 'title': 'How to Build hermes-agent: Complete Guide', 'description': 'A step-by-step video course or ebook teaching how to use and extend hermes-agent for real-world projects.', 'price_suggestion': '$19-49', 'platform': 'Gumroad + YouTube', 'effort_estimate': '6-12 hours'}], 'content_idea': [{'type': 'video', 'title': 'This hermes-agent Project is INSANE (GitHub Trending)', 'description': "Showcasing hermes-agent - The agent that grows with you. This project has 247710 stars and is trending on GitHub. Let me show you why it's worth your attention.", 'format': 'showcase/review', 'duration_estimate': '5-8 minutes', 'monetization': ['adsense', 'affiliate']}, {'type': 'video', 'title': 'Build a Business with hermes-agent (Step by Step)', 'description': 'How to use hermes-agent to build something profitable. Complete walkthrough from setup to deployment.', 'format': 'tutorial', 'duration_estimate': '10-15 minutes', 'monetization': ['adsense', 'digital_product']}], 'timestamp': '2026-09-21T17:18:57.061893'}: 'AgentSwarm' object has no attribute '_generate_video'
2026-09-21 17:18:57,812 [INFO] Total productions: 0
2026-09-21 17:18:57,812 [INFO] ============================================================
2026-09-21 17:18:57,812 [INFO] AGENT 4: PRODUCT CREATION
2026-09-21 17:18:57,812 [INFO] ============================================================
2026-09-21 17:18:57,813 [INFO] Creating product from: openclaw
2026-09-21 17:18:57,813 [INFO]   Product: openclaw - Production-Ready Template
2026-09-21 17:18:57,813 [INFO]   Platform: Gumroad
2026-09-21 17:18:57,813 [INFO] Creating product from: superpowers
2026-09-21 17:18:57,813 [INFO]   Product: superpowers - Production-Ready Template
2026-09-21 17:18:57,813 [INFO]   Platform: Gumroad
2026-09-21 17:18:57,814 [INFO] Created 2 products
2026-09-21 17:18:57,814 [INFO] ============================================================
2026-09-21 17:18:57,814 [INFO] AGENT 3: PUBLISHING
2026-09-21 17:18:57,814 [INFO] ============================================================
2026-09-21 17:18:57,814 [INFO] Published 0 pieces
2026-09-21 17:18:57,814 [INFO] ============================================================
2026-09-21 17:18:57,814 [INFO] AGENT 5: FINANCE TRACKING
2026-09-21 17:18:57,814 [INFO] ============================================================
2026-09-21 17:18:57,814 [INFO] Tracking revenue across platforms...
2026-09-21 17:18:57,814 [INFO]   YouTube AdSense: $0.00 (0 views)
2026-09-21 17:18:57,814 [INFO]   Gumroad Sales: $0.00 (0 sales)
2026-09-21 17:18:57,814 [INFO]   Affiliate: $0.00 (0 conversions)
2026-09-21 17:18:57,815 [INFO] Threshold check: $0.00 / $100.00 (need $100.00 more)
2026-09-21 17:18:57,815 [INFO] Total earnings tracked: $0.00
2026-09-21 17:18:57,815 [INFO] Goal: $10,000
2026-09-21 17:18:57,815 [INFO] Progress: 0.0%
2026-09-21 17:18:57,815 [INFO] ============================================================
2026-09-21 17:18:57,815 [INFO] SWARM RUN COMPLETE
2026-09-21 17:18:57,815 [INFO] ============================================================
2026-09-21 17:18:57,815 [INFO] Finished at: 2026-09-21T17:18:57.815677
2026-09-21 21:19:28,853 [INFO] ============================================================
2026-09-21 21:19:28,853 [INFO] AUTONOMOUS EARNINGS SWARM - STARTING
2026-09-21 21:19:28,853 [INFO] ============================================================
2026-09-21 21:19:28,853 [INFO] Started at: 2026-09-21T21:19:28.853744
2026-09-21 21:19:28,853 [INFO] ============================================================
2026-09-21 21:19:28,853 [INFO] AGENT 1: RESEARCH & IDEATION
2026-09-21 21:19:28,853 [INFO] ============================================================
2026-09-21 21:19:28,854 [INFO] Scanning GitHub trending repos...
2026-09-21 21:19:30,442 [INFO] Found 30 trending GitHub projects
2026-09-21 21:19:30,442 [INFO] Searching for trending topics...
2026-09-21 21:19:30,442 [INFO] Web trends found: 3
2026-09-21 21:19:30,442 [INFO] Found 3 web trends
2026-09-21 21:19:30,444 [INFO] Total ideas generated: 33
2026-09-21 21:19:30,444 [INFO] Backlog saved to data/backlog.json
2026-09-21 21:19:30,444 [INFO] ============================================================
2026-09-21 21:19:30,444 [INFO] AGENT 2: CONTENT PRODUCTION
2026-09-21 21:19:30,444 [INFO] ============================================================
2026-09-21 21:19:30,444 [INFO] Processing idea: openclaw
2026-09-21 21:19:30,445 [ERROR] Content production failed for {'type': 'github_repo', 'category': 'automation_ai', 'name': 'openclaw', 'full_name': 'openclaw/openclaw', 'url': 'https://github.com/openclaw/openclaw', 'description': 'The AI that really does things. Any OS. Any Platform. The lobster way. 🦞 ', 'stars': 390214, 'language': 'TypeScript', 'created_at': '2025-11-24T10:16:47Z', 'profit_potential': {'score': 6, 'reasons': ['High stars (390214)', 'Solves concrete problem', 'Actively maintained'], 'verdict': 'HIGH'}, 'product_idea': [{'type': 'template', 'title': 'openclaw - Production-Ready Template', 'description': 'A polished, documented, production-ready version of openclaw with best practices, tests, and deployment config included.', 'price_suggestion': '$29-99', 'platform': 'Gumroad', 'effort_estimate': '4-8 hours'}, {'type': 'tutorial', 'title': 'How to Build openclaw: Complete Guide', 'description': 'A step-by-step video course or ebook teaching how to use and extend openclaw for real-world projects.', 'price_suggestion': '$19-49', 'platform': 'Gumroad + YouTube', 'effort_estimate': '6-12 hours'}], 'content_idea': [{'type': 'video', 'title': 'This openclaw Project is INSANE (GitHub Trending)', 'description': "Showcasing openclaw - The AI that really does things. Any OS. Any Platform. The lobster way. 🦞 . This project has 390214 stars and is trending on GitHub. Let me show you why it's worth your attention.", 'format': 'showcase/review', 'duration_estimate': '5-8 minutes', 'monetization': ['adsense', 'affiliate']}, {'type': 'video', 'title': 'Build a Business with openclaw (Step by Step)', 'description': 'How to use openclaw to build something profitable. Complete walkthrough from setup to deployment.', 'format': 'tutorial', 'duration_estimate': '10-15 minutes', 'monetization': ['adsense', 'digital_product']}], 'timestamp': '2026-09-21T21:19:29.602352'}: 'AgentSwarm' object has no attribute '_generate_video'
2026-09-21 21:19:30,445 [INFO] Processing idea: superpowers
2026-09-21 21:19:30,445 [ERROR] Content production failed for {'type': 'github_repo', 'category': 'automation_ai', 'name': 'superpowers', 'full_name': 'obra/superpowers', 'url': 'https://github.com/obra/superpowers', 'description': 'An agentic skills framework & software development methodology that works.', 'stars': 289698, 'language': 'Shell', 'created_at': '2025-10-09T19:45:18Z', 'profit_potential': {'score': 4, 'reasons': ['High stars (289698)', 'Actively maintained'], 'verdict': 'MEDIUM'}, 'product_idea': [{'type': 'template', 'title': 'superpowers - Production-Ready Template', 'description': 'A polished, documented, production-ready version of superpowers with best practices, tests, and deployment config included.', 'price_suggestion': '$29-99', 'platform': 'Gumroad', 'effort_estimate': '4-8 hours'}, {'type': 'tutorial', 'title': 'How to Build superpowers: Complete Guide', 'description': 'A step-by-step video course or ebook teaching how to use and extend superpowers for real-world projects.', 'price_suggestion': '$19-49', 'platform': 'Gumroad + YouTube', 'effort_estimate': '6-12 hours'}], 'content_idea': [{'type': 'video', 'title': 'This superpowers Project is INSANE (GitHub Trending)', 'description': "Showcasing superpowers - An agentic skills framework & software development methodology that works.. This project has 289698 stars and is trending on GitHub. Let me show you why it's worth your attention.", 'format': 'showcase/review', 'duration_estimate': '5-8 minutes', 'monetization': ['adsense', 'affiliate']}, {'type': 'video', 'title': 'Build a Business with superpowers (Step by Step)', 'description': 'How to use superpowers to build something profitable. Complete walkthrough from setup to deployment.', 'format': 'tutorial', 'duration_estimate': '10-15 minutes', 'monetization': ['adsense', 'digital_product']}], 'timestamp': '2026-09-21T21:19:29.602372'}: 'AgentSwarm' object has no attribute '_generate_video'
2026-09-21 21:19:30,445 [INFO] Processing idea: hermes-agent
2026-09-21 21:19:30,445 [ERROR] Content production failed for {'type': 'github_repo', 'category': 'automation_ai', 'name': 'hermes-agent', 'full_name': 'NousResearch/hermes-agent', 'url': 'https://github.com/NousResearch/hermes-agent', 'description': 'The agent that grows with you', 'stars': 247749, 'language': 'Python', 'created_at': '2025-07-22T22:22:28Z', 'profit_potential': {'score': 4, 'reasons': ['High stars (247749)', 'Actively maintained'], 'verdict': 'MEDIUM'}, 'product_idea': [{'type': 'template', 'title': 'hermes-agent - Production-Ready Template', 'description': 'A polished, documented, production-ready version of hermes-agent with best practices, tests, and deployment config included.', 'price_suggestion': '$29-99', 'platform': 'Gumroad', 'effort_estimate': '4-8 hours'}, {'type': 'tutorial', 'title': 'How to Build hermes-agent: Complete Guide', 'description': 'A step-by-step video course or ebook teaching how to use and extend hermes-agent for real-world projects.', 'price_suggestion': '$19-49', 'platform': 'Gumroad + YouTube', 'effort_estimate': '6-12 hours'}], 'content_idea': [{'type': 'video', 'title': 'This hermes-agent Project is INSANE (GitHub Trending)', 'description': "Showcasing hermes-agent - The agent that grows with you. This project has 247749 stars and is trending on GitHub. Let me show you why it's worth your attention.", 'format': 'showcase/review', 'duration_estimate': '5-8 minutes', 'monetization': ['adsense', 'affiliate']}, {'type': 'video', 'title': 'Build a Business with hermes-agent (Step by Step)', 'description': 'How to use hermes-agent to build something profitable. Complete walkthrough from setup to deployment.', 'format': 'tutorial', 'duration_estimate': '10-15 minutes', 'monetization': ['adsense', 'digital_product']}], 'timestamp': '2026-09-21T21:19:29.602380'}: 'AgentSwarm' object has no attribute '_generate_video'
2026-09-21 21:19:30,445 [INFO] Total productions: 0
2026-09-21 21:19:30,445 [INFO] ============================================================
2026-09-21 21:19:30,445 [INFO] AGENT 4: PRODUCT CREATION
2026-09-21 21:19:30,445 [INFO] ============================================================
2026-09-21 21:19:30,445 [INFO] Creating product from: openclaw
2026-09-21 21:19:30,446 [INFO]   Product: openclaw - Production-Ready Template
2026-09-21 21:19:30,446 [INFO]   Platform: Gumroad
2026-09-21 21:19:30,446 [INFO] Creating product from: superpowers
2026-09-21 21:19:30,446 [INFO]   Product: superpowers - Production-Ready Template
2026-09-21 21:19:30,446 [INFO]   Platform: Gumroad
2026-09-21 21:19:30,447 [INFO] Created 2 products
2026-09-21 21:19:30,447 [INFO] ============================================================
2026-09-21 21:19:30,447 [INFO] AGENT 3: PUBLISHING
2026-09-21 21:19:30,447 [INFO] ============================================================
2026-09-21 21:19:30,447 [INFO] Published 0 pieces
2026-09-21 21:19:30,447 [INFO] ============================================================
2026-09-21 21:19:30,447 [INFO] AGENT 5: FINANCE TRACKING
2026-09-21 21:19:30,447 [INFO] ============================================================
2026-09-21 21:19:30,447 [INFO] Tracking revenue across platforms...
2026-09-21 21:19:30,447 [INFO]   YouTube AdSense: $0.00 (0 views)
2026-09-21 21:19:30,447 [INFO]   Gumroad Sales: $0.00 (0 sales)
2026-09-21 21:19:30,447 [INFO]   Affiliate: $0.00 (0 conversions)
2026-09-21 21:19:30,447 [INFO] Threshold check: $0.00 / $100.00 (need $100.00 more)
2026-09-21 21:19:30,448 [INFO] Total earnings tracked: $0.00
2026-09-21 21:19:30,448 [INFO] Goal: $10,000
2026-09-21 21:19:30,448 [INFO] Progress: 0.0%
2026-09-21 21:19:30,448 [INFO] ============================================================
2026-09-21 21:19:30,448 [INFO] SWARM RUN COMPLETE
2026-09-21 21:19:30,448 [INFO] ============================================================
2026-09-21 21:19:30,448 [INFO] Finished at: 2026-09-21T21:19:30.448411
2026-09-22 02:11:46,082 [INFO] ============================================================
2026-09-22 02:11:46,082 [INFO] AUTONOMOUS EARNINGS SWARM - STARTING
2026-09-22 02:11:46,083 [INFO] ============================================================
2026-09-22 02:11:46,083 [INFO] Started at: 2026-09-22T02:11:46.083106
2026-09-22 02:11:46,083 [INFO] ============================================================
2026-09-22 02:11:46,083 [INFO] AGENT 1: RESEARCH & IDEATION
2026-09-22 02:11:46,083 [INFO] ============================================================
2026-09-22 02:11:46,083 [INFO] Scanning GitHub trending repos...
2026-09-22 02:11:47,618 [INFO] Found 30 trending GitHub projects
2026-09-22 02:11:47,618 [INFO] Searching for trending topics...
2026-09-22 02:11:47,618 [INFO] Web trends found: 3
2026-09-22 02:11:47,618 [INFO] Found 3 web trends
2026-09-22 02:11:47,620 [INFO] Total ideas generated: 33
2026-09-22 02:11:47,620 [INFO] Backlog saved to data/backlog.json
2026-09-22 02:11:47,621 [INFO] ============================================================
2026-09-22 02:11:47,621 [INFO] AGENT 2: CONTENT PRODUCTION
2026-09-22 02:11:47,621 [INFO] ============================================================
2026-09-22 02:11:47,621 [INFO] Processing idea: openclaw
2026-09-22 02:11:47,621 [ERROR] Content production failed for {'type': 'github_repo', 'category': 'automation_ai', 'name': 'openclaw', 'full_name': 'openclaw/openclaw', 'url': 'https://github.com/openclaw/openclaw', 'description': 'The AI that really does things. Any OS. Any Platform. The lobster way. 🦞 ', 'stars': 390227, 'language': 'TypeScript', 'created_at': '2025-11-24T10:16:47Z', 'profit_potential': {'score': 6, 'reasons': ['High stars (390227)', 'Solves concrete problem', 'Actively maintained'], 'verdict': 'HIGH'}, 'product_idea': [{'type': 'template', 'title': 'openclaw - Production-Ready Template', 'description': 'A polished, documented, production-ready version of openclaw with best practices, tests, and deployment config included.', 'price_suggestion': '$29-99', 'platform': 'Gumroad', 'effort_estimate': '4-8 hours'}, {'type': 'tutorial', 'title': 'How to Build openclaw: Complete Guide', 'description': 'A step-by-step video course or ebook teaching how to use and extend openclaw for real-world projects.', 'price_suggestion': '$19-49', 'platform': 'Gumroad + YouTube', 'effort_estimate': '6-12 hours'}], 'content_idea': [{'type': 'video', 'title': 'This openclaw Project is INSANE (GitHub Trending)', 'description': "Showcasing openclaw - The AI that really does things. Any OS. Any Platform. The lobster way. 🦞 . This project has 390227 stars and is trending on GitHub. Let me show you why it's worth your attention.", 'format': 'showcase/review', 'duration_estimate': '5-8 minutes', 'monetization': ['adsense', 'affiliate']}, {'type': 'video', 'title': 'Build a Business with openclaw (Step by Step)', 'description': 'How to use openclaw to build something profitable. Complete walkthrough from setup to deployment.', 'format': 'tutorial', 'duration_estimate': '10-15 minutes', 'monetization': ['adsense', 'digital_product']}], 'timestamp': '2026-09-22T02:11:46.765287'}: 'AgentSwarm' object has no attribute '_generate_video'
2026-09-22 02:11:47,621 [INFO] Processing idea: superpowers
2026-09-22 02:11:47,621 [ERROR] Content production failed for {'type': 'github_repo', 'category': 'automation_ai', 'name': 'superpowers', 'full_name': 'obra/superpowers', 'url': 'https://github.com/obra/superpowers', 'description': 'An agentic skills framework & software development methodology that works.', 'stars': 289745, 'language': 'Shell', 'created_at': '2025-10-09T19:45:18Z', 'profit_potential': {'score': 4, 'reasons': ['High stars (289745)', 'Actively maintained'], 'verdict': 'MEDIUM'}, 'product_idea': [{'type': 'template', 'title': 'superpowers - Production-Ready Template', 'description': 'A polished, documented, production-ready version of superpowers with best practices, tests, and deployment config included.', 'price_suggestion': '$29-99', 'platform': 'Gumroad', 'effort_estimate': '4-8 hours'}, {'type': 'tutorial', 'title': 'How to Build superpowers: Complete Guide', 'description': 'A step-by-step video course or ebook teaching how to use and extend superpowers for real-world projects.', 'price_suggestion': '$19-49', 'platform': 'Gumroad + YouTube', 'effort_estimate': '6-12 hours'}], 'content_idea': [{'type': 'video', 'title': 'This superpowers Project is INSANE (GitHub Trending)', 'description': "Showcasing superpowers - An agentic skills framework & software development methodology that works.. This project has 289745 stars and is trending on GitHub. Let me show you why it's worth your attention.", 'format': 'showcase/review', 'duration_estimate': '5-8 minutes', 'monetization': ['adsense', 'affiliate']}, {'type': 'video', 'title': 'Build a Business with superpowers (Step by Step)', 'description': 'How to use superpowers to build something profitable. Complete walkthrough from setup to deployment.', 'format': 'tutorial', 'duration_estimate': '10-15 minutes', 'monetization': ['adsense', 'digital_product']}], 'timestamp': '2026-09-22T02:11:46.765307'}: 'AgentSwarm' object has no attribute '_generate_video'
2026-09-22 02:11:47,621 [INFO] Processing idea: hermes-agent
2026-09-22 02:11:47,621 [ERROR] Content production failed for {'type': 'github_repo', 'category': 'automation_ai', 'name': 'hermes-agent', 'full_name': 'NousResearch/hermes-agent', 'url': 'https://github.com/NousResearch/hermes-agent', 'description': 'The agent that grows with you', 'stars': 247798, 'language': 'Python', 'created_at': '2025-07-22T22:22:28Z', 'profit_potential': {'score': 4, 'reasons': ['High stars (247798)', 'Actively maintained'], 'verdict': 'MEDIUM'}, 'product_idea': [{'type': 'template', 'title': 'hermes-agent - Production-Ready Template', 'description': 'A polished, documented, production-ready version of hermes-agent with best practices, tests, and deployment config included.', 'price_suggestion': '$29-99', 'platform': 'Gumroad', 'effort_estimate': '4-8 hours'}, {'type': 'tutorial', 'title': 'How to Build hermes-agent: Complete Guide', 'description': 'A step-by-step video course or ebook teaching how to use and extend hermes-agent for real-world projects.', 'price_suggestion': '$19-49', 'platform': 'Gumroad + YouTube', 'effort_estimate': '6-12 hours'}], 'content_idea': [{'type': 'video', 'title': 'This hermes-agent Project is INSANE (GitHub Trending)', 'description': "Showcasing hermes-agent - The agent that grows with you. This project has 247798 stars and is trending on GitHub. Let me show you why it's worth your attention.", 'format': 'showcase/review', 'duration_estimate': '5-8 minutes', 'monetization': ['adsense', 'affiliate']}, {'type': 'video', 'title': 'Build a Business with hermes-agent (Step by Step)', 'description': 'How to use hermes-agent to build something profitable. Complete walkthrough from setup to deployment.', 'format': 'tutorial', 'duration_estimate': '10-15 minutes', 'monetization': ['adsense', 'digital_product']}], 'timestamp': '2026-09-22T02:11:46.765315'}: 'AgentSwarm' object has no attribute '_generate_video'
2026-09-22 02:11:47,621 [INFO] Total productions: 0
2026-09-22 02:11:47,621 [INFO] ============================================================
2026-09-22 02:11:47,621 [INFO] AGENT 4: PRODUCT CREATION
2026-09-22 02:11:47,621 [INFO] ============================================================
2026-09-22 02:11:47,622 [INFO] Creating product from: openclaw
2026-09-22 02:11:47,622 [INFO]   Product: openclaw - Production-Ready Template
2026-09-22 02:11:47,622 [INFO]   Platform: Gumroad
2026-09-22 02:11:47,622 [INFO] Creating product from: superpowers
2026-09-22 02:11:47,622 [INFO]   Product: superpowers - Production-Ready Template
2026-09-22 02:11:47,622 [INFO]   Platform: Gumroad
2026-09-22 02:11:47,622 [INFO] Created 2 products
2026-09-22 02:11:47,622 [INFO] ============================================================
2026-09-22 02:11:47,622 [INFO] AGENT 3: PUBLISHING
2026-09-22 02:11:47,622 [INFO] ============================================================
2026-09-22 02:11:47,623 [INFO] Published 0 pieces
2026-09-22 02:11:47,623 [INFO] ============================================================
2026-09-22 02:11:47,623 [INFO] AGENT 5: FINANCE TRACKING
2026-09-22 02:11:47,623 [INFO] ============================================================
2026-09-22 02:11:47,623 [INFO] Tracking revenue across platforms...
2026-09-22 02:11:47,623 [INFO]   YouTube AdSense: $0.00 (0 views)
2026-09-22 02:11:47,623 [INFO]   Gumroad Sales: $0.00 (0 sales)
2026-09-22 02:11:47,623 [INFO]   Affiliate: $0.00 (0 conversions)
2026-09-22 02:11:47,623 [INFO] Threshold check: $0.00 / $100.00 (need $100.00 more)
2026-09-22 02:11:47,623 [INFO] Total earnings tracked: $0.00
2026-09-22 02:11:47,623 [INFO] Goal: $10,000
2026-09-22 02:11:47,623 [INFO] Progress: 0.0%
2026-09-22 02:11:47,623 [INFO] ============================================================
2026-09-22 02:11:47,623 [INFO] SWARM RUN COMPLETE
2026-09-22 02:11:47,624 [INFO] ============================================================
2026-09-22 02:11:47,624 [INFO] Finished at: 2026-09-22T02:11:47.624060
2026-09-22 10:28:57,229 [INFO] ============================================================
2026-09-22 10:28:57,229 [INFO] AUTONOMOUS EARNINGS SWARM - STARTING
2026-09-22 10:28:57,229 [INFO] ============================================================
2026-09-22 10:28:57,229 [INFO] Started at: 2026-09-22T10:28:57.229551
2026-09-22 10:28:57,229 [INFO] ============================================================
2026-09-22 10:28:57,229 [INFO] AGENT 1: RESEARCH & IDEATION
2026-09-22 10:28:57,229 [INFO] ============================================================
2026-09-22 10:28:57,229 [INFO] Scanning GitHub trending repos...
2026-09-22 10:28:58,729 [INFO] Found 30 trending GitHub projects
2026-09-22 10:28:58,729 [INFO] Searching for trending topics...
2026-09-22 10:28:58,729 [INFO] Web trends found: 3
2026-09-22 10:28:58,729 [INFO] Found 3 web trends
2026-09-22 10:28:58,731 [INFO] Total ideas generated: 33
2026-09-22 10:28:58,731 [INFO] Backlog saved to data/backlog.json
2026-09-22 10:28:58,731 [INFO] ============================================================
2026-09-22 10:28:58,731 [INFO] AGENT 2: CONTENT PRODUCTION
2026-09-22 10:28:58,732 [INFO] ============================================================
2026-09-22 10:28:58,732 [INFO] Processing idea: openclaw
2026-09-22 10:28:58,732 [ERROR] Content production failed for {'type': 'github_repo', 'category': 'automation_ai', 'name': 'openclaw', 'full_name': 'openclaw/openclaw', 'url': 'https://github.com/openclaw/openclaw', 'description': 'The AI that really does things. Any OS. Any Platform. The lobster way. 🦞 ', 'stars': 390241, 'language': 'TypeScript', 'created_at': '2025-11-24T10:16:47Z', 'profit_potential': {'score': 6, 'reasons': ['High stars (390241)', 'Solves concrete problem', 'Actively maintained'], 'verdict': 'HIGH'}, 'product_idea': [{'type': 'template', 'title': 'openclaw - Production-Ready Template', 'description': 'A polished, documented, production-ready version of openclaw with best practices, tests, and deployment config included.', 'price_suggestion': '$29-99', 'platform': 'Gumroad', 'effort_estimate': '4-8 hours'}, {'type': 'tutorial', 'title': 'How to Build openclaw: Complete Guide', 'description': 'A step-by-step video course or ebook teaching how to use and extend openclaw for real-world projects.', 'price_suggestion': '$19-49', 'platform': 'Gumroad + YouTube', 'effort_estimate': '6-12 hours'}], 'content_idea': [{'type': 'video', 'title': 'This openclaw Project is INSANE (GitHub Trending)', 'description': "Showcasing openclaw - The AI that really does things. Any OS. Any Platform. The lobster way. 🦞 . This project has 390241 stars and is trending on GitHub. Let me show you why it's worth your attention.", 'format': 'showcase/review', 'duration_estimate': '5-8 minutes', 'monetization': ['adsense', 'affiliate']}, {'type': 'video', 'title': 'Build a Business with openclaw (Step by Step)', 'description': 'How to use openclaw to build something profitable. Complete walkthrough from setup to deployment.', 'format': 'tutorial', 'duration_estimate': '10-15 minutes', 'monetization': ['adsense', 'digital_product']}], 'timestamp': '2026-09-22T10:28:57.823011'}: 'AgentSwarm' object has no attribute '_generate_video'
2026-09-22 10:28:58,732 [INFO] Processing idea: superpowers
2026-09-22 10:28:58,732 [ERROR] Content production failed for {'type': 'github_repo', 'category': 'automation_ai', 'name': 'superpowers', 'full_name': 'obra/superpowers', 'url': 'https://github.com/obra/superpowers', 'description': 'An agentic skills framework & software development methodology that works.', 'stars': 289959, 'language': 'Shell', 'created_at': '2025-10-09T19:45:18Z', 'profit_potential': {'score': 4, 'reasons': ['High stars (289959)', 'Actively maintained'], 'verdict': 'MEDIUM'}, 'product_idea': [{'type': 'template', 'title': 'superpowers - Production-Ready Template', 'description': 'A polished, documented, production-ready version of superpowers with best practices, tests, and deployment config included.', 'price_suggestion': '$29-99', 'platform': 'Gumroad', 'effort_estimate': '4-8 hours'}, {'type': 'tutorial', 'title': 'How to Build superpowers: Complete Guide', 'description': 'A step-by-step video course or ebook teaching how to use and extend superpowers for real-world projects.', 'price_suggestion': '$19-49', 'platform': 'Gumroad + YouTube', 'effort_estimate': '6-12 hours'}], 'content_idea': [{'type': 'video', 'title': 'This superpowers Project is INSANE (GitHub Trending)', 'description': "Showcasing superpowers - An agentic skills framework & software development methodology that works.. This project has 289959 stars and is trending on GitHub. Let me show you why it's worth your attention.", 'format': 'showcase/review', 'duration_estimate': '5-8 minutes', 'monetization': ['adsense', 'affiliate']}, {'type': 'video', 'title': 'Build a Business with superpowers (Step by Step)', 'description': 'How to use superpowers to build something profitable. Complete walkthrough from setup to deployment.', 'format': 'tutorial', 'duration_estimate': '10-15 minutes', 'monetization': ['adsense', 'digital_product']}], 'timestamp': '2026-09-22T10:28:57.823029'}: 'AgentSwarm' object has no attribute '_generate_video'
2026-09-22 10:28:58,732 [INFO] Processing idea: hermes-agent
2026-09-22 10:28:58,732 [ERROR] Content production failed for {'type': 'github_repo', 'category': 'automation_ai', 'name': 'hermes-agent', 'full_name': 'NousResearch/hermes-agent', 'url': 'https://github.com/NousResearch/hermes-agent', 'description': 'The agent that grows with you', 'stars': 247937, 'language': 'Python', 'created_at': '2025-07-22T22:22:28Z', 'profit_potential': {'score': 4, 'reasons': ['High stars (247937)', 'Actively maintained'], 'verdict': 'MEDIUM'}, 'product_idea': [{'type': 'template', 'title': 'hermes-agent - Production-Ready Template', 'description': 'A polished, documented, production-ready version of hermes-agent with best practices, tests, and deployment config included.', 'price_suggestion': '$29-99', 'platform': 'Gumroad', 'effort_estimate': '4-8 hours'}, {'type': 'tutorial', 'title': 'How to Build hermes-agent: Complete Guide', 'description': 'A step-by-step video course or ebook teaching how to use and extend hermes-agent for real-world projects.', 'price_suggestion': '$19-49', 'platform': 'Gumroad + YouTube', 'effort_estimate': '6-12 hours'}], 'content_idea': [{'type': 'video', 'title': 'This hermes-agent Project is INSANE (GitHub Trending)', 'description': "Showcasing hermes-agent - The agent that grows with you. This project has 247937 stars and is trending on GitHub. Let me show you why it's worth your attention.", 'format': 'showcase/review', 'duration_estimate': '5-8 minutes', 'monetization': ['adsense', 'affiliate']}, {'type': 'video', 'title': 'Build a Business with hermes-agent (Step by Step)', 'description': 'How to use hermes-agent to build something profitable. Complete walkthrough from setup to deployment.', 'format': 'tutorial', 'duration_estimate': '10-15 minutes', 'monetization': ['adsense', 'digital_product']}], 'timestamp': '2026-09-22T10:28:57.823038'}: 'AgentSwarm' object has no attribute '_generate_video'
2026-09-22 10:28:58,732 [INFO] Total productions: 0
2026-09-22 10:28:58,732 [INFO] ============================================================
2026-09-22 10:28:58,732 [INFO] AGENT 4: PRODUCT CREATION
2026-09-22 10:28:58,732 [INFO] ============================================================
2026-09-22 10:28:58,733 [INFO] Creating product from: openclaw
2026-09-22 10:28:58,733 [INFO]   Product: openclaw - Production-Ready Template
2026-09-22 10:28:58,733 [INFO]   Platform: Gumroad
2026-09-22 10:28:58,733 [INFO] Creating product from: superpowers
2026-09-22 10:28:58,733 [INFO]   Product: superpowers - Production-Ready Template
2026-09-22 10:28:58,733 [INFO]   Platform: Gumroad
2026-09-22 10:28:58,734 [INFO] Created 2 products
2026-09-22 10:28:58,734 [INFO] ============================================================
2026-09-22 10:28:58,734 [INFO] AGENT 3: PUBLISHING
2026-09-22 10:28:58,734 [INFO] ============================================================
2026-09-22 10:28:58,734 [INFO] Published 0 pieces
2026-09-22 10:28:58,734 [INFO] ============================================================
2026-09-22 10:28:58,734 [INFO] AGENT 5: FINANCE TRACKING
2026-09-22 10:28:58,734 [INFO] ============================================================
2026-09-22 10:28:58,734 [INFO] Tracking revenue across platforms...
2026-09-22 10:28:58,734 [INFO]   YouTube AdSense: $0.00 (0 views)
2026-09-22 10:28:58,734 [INFO]   Gumroad Sales: $0.00 (0 sales)
2026-09-22 10:28:58,734 [INFO]   Affiliate: $0.00 (0 conversions)
2026-09-22 10:28:58,734 [INFO] Threshold check: $0.00 / $100.00 (need $100.00 more)
2026-09-22 10:28:58,735 [INFO] Total earnings tracked: $0.00
2026-09-22 10:28:58,735 [INFO] Goal: $10,000
2026-09-22 10:28:58,735 [INFO] Progress: 0.0%
2026-09-22 10:28:58,735 [INFO] ============================================================
2026-09-22 10:28:58,735 [INFO] SWARM RUN COMPLETE
2026-09-22 10:28:58,735 [INFO] ============================================================
2026-09-22 10:28:58,735 [INFO] Finished at: 2026-09-22T10:28:58.735473
2026-09-22 15:52:42,961 [INFO] ============================================================
2026-09-22 15:52:42,962 [INFO] AUTONOMOUS EARNINGS SWARM - STARTING
2026-09-22 15:52:42,962 [INFO] ============================================================
2026-09-22 15:52:42,962 [INFO] Started at: 2026-09-22T15:52:42.962188
2026-09-22 15:52:42,962 [INFO] ============================================================
2026-09-22 15:52:42,962 [INFO] AGENT 1: RESEARCH & IDEATION
2026-09-22 15:52:42,962 [INFO] ============================================================
2026-09-22 15:52:42,962 [INFO] Scanning GitHub trending repos...
2026-09-22 15:52:44,334 [INFO] Found 30 trending GitHub projects
2026-09-22 15:52:44,334 [INFO] Searching for trending topics...
2026-09-22 15:52:44,334 [INFO] Web trends found: 3
2026-09-22 15:52:44,334 [INFO] Found 3 web trends
2026-09-22 15:52:44,336 [INFO] Total ideas generated: 33
2026-09-22 15:52:44,336 [INFO] Backlog saved to data/backlog.json
2026-09-22 15:52:44,336 [INFO] ============================================================
2026-09-22 15:52:44,336 [INFO] AGENT 2: CONTENT PRODUCTION
2026-09-22 15:52:44,336 [INFO] ============================================================
2026-09-22 15:52:44,336 [INFO] Processing idea: openclaw
2026-09-22 15:52:44,337 [ERROR] Content production failed for {'type': 'github_repo', 'category': 'automation_ai', 'name': 'openclaw', 'full_name': 'openclaw/openclaw', 'url': 'https://github.com/openclaw/openclaw', 'description': 'The AI that really does things. Any OS. Any Platform. The lobster way. 🦞 ', 'stars': 390254, 'language': 'TypeScript', 'created_at': '2025-11-24T10:16:47Z', 'profit_potential': {'score': 6, 'reasons': ['High stars (390254)', 'Solves concrete problem', 'Actively maintained'], 'verdict': 'HIGH'}, 'product_idea': [{'type': 'template', 'title': 'openclaw - Production-Ready Template', 'description': 'A polished, documented, production-ready version of openclaw with best practices, tests, and deployment config included.', 'price_suggestion': '$29-99', 'platform': 'Gumroad', 'effort_estimate': '4-8 hours'}, {'type': 'tutorial', 'title': 'How to Build openclaw: Complete Guide', 'description': 'A step-by-step video course or ebook teaching how to use and extend openclaw for real-world projects.', 'price_suggestion': '$19-49', 'platform': 'Gumroad + YouTube', 'effort_estimate': '6-12 hours'}], 'content_idea': [{'type': 'video', 'title': 'This openclaw Project is INSANE (GitHub Trending)', 'description': "Showcasing openclaw - The AI that really does things. Any OS. Any Platform. The lobster way. 🦞 . This project has 390254 stars and is trending on GitHub. Let me show you why it's worth your attention.", 'format': 'showcase/review', 'duration_estimate': '5-8 minutes', 'monetization': ['adsense', 'affiliate']}, {'type': 'video', 'title': 'Build a Business with openclaw (Step by Step)', 'description': 'How to use openclaw to build something profitable. Complete walkthrough from setup to deployment.', 'format': 'tutorial', 'duration_estimate': '10-15 minutes', 'monetization': ['adsense', 'digital_product']}], 'timestamp': '2026-09-22T15:52:43.488799'}: 'AgentSwarm' object has no attribute '_generate_video'
2026-09-22 15:52:44,337 [INFO] Processing idea: superpowers
2026-09-22 15:52:44,337 [ERROR] Content production failed for {'type': 'github_repo', 'category': 'automation_ai', 'name': 'superpowers', 'full_name': 'obra/superpowers', 'url': 'https://github.com/obra/superpowers', 'description': 'An agentic skills framework & software development methodology that works.', 'stars': 290085, 'language': 'Shell', 'created_at': '2025-10-09T19:45:18Z', 'profit_potential': {'score': 4, 'reasons': ['High stars (290085)', 'Actively maintained'], 'verdict': 'MEDIUM'}, 'product_idea': [{'type': 'template', 'title': 'superpowers - Production-Ready Template', 'description': 'A polished, documented, production-ready version of superpowers with best practices, tests, and deployment config included.', 'price_suggestion': '$29-99', 'platform': 'Gumroad', 'effort_estimate': '4-8 hours'}, {'type': 'tutorial', 'title': 'How to Build superpowers: Complete Guide', 'description': 'A step-by-step video course or ebook teaching how to use and extend superpowers for real-world projects.', 'price_suggestion': '$19-49', 'platform': 'Gumroad + YouTube', 'effort_estimate': '6-12 hours'}], 'content_idea': [{'type': 'video', 'title': 'This superpowers Project is INSANE (GitHub Trending)', 'description': "Showcasing superpowers - An agentic skills framework & software development methodology that works.. This project has 290085 stars and is trending on GitHub. Let me show you why it's worth your attention.", 'format': 'showcase/review', 'duration_estimate': '5-8 minutes', 'monetization': ['adsense', 'affiliate']}, {'type': 'video', 'title': 'Build a Business with superpowers (Step by Step)', 'description': 'How to use superpowers to build something profitable. Complete walkthrough from setup to deployment.', 'format': 'tutorial', 'duration_estimate': '10-15 minutes', 'monetization': ['adsense', 'digital_product']}], 'timestamp': '2026-09-22T15:52:43.488817'}: 'AgentSwarm' object has no attribute '_generate_video'
2026-09-22 15:52:44,337 [INFO] Processing idea: hermes-agent
2026-09-22 15:52:44,337 [ERROR] Content production failed for {'type': 'github_repo', 'category': 'automation_ai', 'name': 'hermes-agent', 'full_name': 'NousResearch/hermes-agent', 'url': 'https://github.com/NousResearch/hermes-agent', 'description': 'The agent that grows with you', 'stars': 248009, 'language': 'Python', 'created_at': '2025-07-22T22:22:28Z', 'profit_potential': {'score': 4, 'reasons': ['High stars (248009)', 'Actively maintained'], 'verdict': 'MEDIUM'}, 'product_idea': [{'type': 'template', 'title': 'hermes-agent - Production-Ready Template', 'description': 'A polished, documented, production-ready version of hermes-agent with best practices, tests, and deployment config included.', 'price_suggestion': '$29-99', 'platform': 'Gumroad', 'effort_estimate': '4-8 hours'}, {'type': 'tutorial', 'title': 'How to Build hermes-agent: Complete Guide', 'description': 'A step-by-step video course or ebook teaching how to use and extend hermes-agent for real-world projects.', 'price_suggestion': '$19-49', 'platform': 'Gumroad + YouTube', 'effort_estimate': '6-12 hours'}], 'content_idea': [{'type': 'video', 'title': 'This hermes-agent Project is INSANE (GitHub Trending)', 'description': "Showcasing hermes-agent - The agent that grows with you. This project has 248009 stars and is trending on GitHub. Let me show you why it's worth your attention.", 'format': 'showcase/review', 'duration_estimate': '5-8 minutes', 'monetization': ['adsense', 'affiliate']}, {'type': 'video', 'title': 'Build a Business with hermes-agent (Step by Step)', 'description': 'How to use hermes-agent to build something profitable. Complete walkthrough from setup to deployment.', 'format': 'tutorial', 'duration_estimate': '10-15 minutes', 'monetization': ['adsense', 'digital_product']}], 'timestamp': '2026-09-22T15:52:43.488826'}: 'AgentSwarm' object has no attribute '_generate_video'
2026-09-22 15:52:44,337 [INFO] Total productions: 0
2026-09-22 15:52:44,337 [INFO] ============================================================
2026-09-22 15:52:44,337 [INFO] AGENT 4: PRODUCT CREATION
2026-09-22 15:52:44,337 [INFO] ============================================================
2026-09-22 15:52:44,337 [INFO] Creating product from: openclaw
2026-09-22 15:52:44,338 [INFO]   Product: openclaw - Production-Ready Template
2026-09-22 15:52:44,338 [INFO]   Platform: Gumroad
2026-09-22 15:52:44,338 [INFO] Creating product from: superpowers
2026-09-22 15:52:44,338 [INFO]   Product: superpowers - Production-Ready Template
2026-09-22 15:52:44,338 [INFO]   Platform: Gumroad
2026-09-22 15:52:44,338 [INFO] Created 2 products
2026-09-22 15:52:44,339 [INFO] ============================================================
2026-09-22 15:52:44,339 [INFO] AGENT 3: PUBLISHING
2026-09-22 15:52:44,339 [INFO] ============================================================
2026-09-22 15:52:44,339 [INFO] Published 0 pieces
2026-09-22 15:52:44,339 [INFO] ============================================================
2026-09-22 15:52:44,339 [INFO] AGENT 5: FINANCE TRACKING
2026-09-22 15:52:44,339 [INFO] ============================================================
2026-09-22 15:52:44,339 [INFO] Tracking revenue across platforms...
2026-09-22 15:52:44,339 [INFO]   YouTube AdSense: $0.00 (0 views)
2026-09-22 15:52:44,339 [INFO]   Gumroad Sales: $0.00 (0 sales)
2026-09-22 15:52:44,339 [INFO]   Affiliate: $0.00 (0 conversions)
2026-09-22 15:52:44,339 [INFO] Threshold check: $0.00 / $100.00 (need $100.00 more)
2026-09-22 15:52:44,340 [INFO] Total earnings tracked: $0.00
2026-09-22 15:52:44,340 [INFO] Goal: $10,000
2026-09-22 15:52:44,340 [INFO] Progress: 0.0%
2026-09-22 15:52:44,340 [INFO] ============================================================
2026-09-22 15:52:44,340 [INFO] SWARM RUN COMPLETE
2026-09-22 15:52:44,340 [INFO] ============================================================
2026-09-22 15:52:44,340 [INFO] Finished at: 2026-09-22T15:52:44.340477
2026-09-22 20:36:13,083 [INFO] ============================================================
2026-09-22 20:36:13,083 [INFO] AUTONOMOUS EARNINGS SWARM - STARTING
2026-09-22 20:36:13,083 [INFO] ============================================================
2026-09-22 20:36:13,083 [INFO] Started at: 2026-09-22T20:36:13.083261
2026-09-22 20:36:13,083 [INFO] ============================================================
2026-09-22 20:36:13,083 [INFO] AGENT 1: RESEARCH & IDEATION
2026-09-22 20:36:13,083 [INFO] ============================================================
2026-09-22 20:36:13,083 [INFO] Scanning GitHub trending repos...
2026-09-22 20:36:14,711 [INFO] Found 30 trending GitHub projects
2026-09-22 20:36:14,711 [INFO] Searching for trending topics...
2026-09-22 20:36:14,711 [INFO] Web trends found: 3
2026-09-22 20:36:14,711 [INFO] Found 3 web trends
2026-09-22 20:36:14,712 [INFO] Total ideas generated: 33
2026-09-22 20:36:14,712 [INFO] Backlog saved to data/backlog.json
2026-09-22 20:36:14,712 [INFO] ============================================================
2026-09-22 20:36:14,712 [INFO] AGENT 2: CONTENT PRODUCTION
2026-09-22 20:36:14,712 [INFO] ============================================================
2026-09-22 20:36:14,712 [INFO] Processing idea: openclaw
2026-09-22 20:36:14,713 [ERROR] Content production failed for {'type': 'github_repo', 'category': 'automation_ai', 'name': 'openclaw', 'full_name': 'openclaw/openclaw', 'url': 'https://github.com/openclaw/openclaw', 'description': 'The AI that really does things. Any OS. Any Platform. The lobster way. 🦞 ', 'stars': 390259, 'language': 'TypeScript', 'created_at': '2025-11-24T10:16:47Z', 'profit_potential': {'score': 6, 'reasons': ['High stars (390259)', 'Solves concrete problem', 'Actively maintained'], 'verdict': 'HIGH'}, 'product_idea': [{'type': 'template', 'title': 'openclaw - Production-Ready Template', 'description': 'A polished, documented, production-ready version of openclaw with best practices, tests, and deployment config included.', 'price_suggestion': '$29-99', 'platform': 'Gumroad', 'effort_estimate': '4-8 hours'}, {'type': 'tutorial', 'title': 'How to Build openclaw: Complete Guide', 'description': 'A step-by-step video course or ebook teaching how to use and extend openclaw for real-world projects.', 'price_suggestion': '$19-49', 'platform': 'Gumroad + YouTube', 'effort_estimate': '6-12 hours'}], 'content_idea': [{'type': 'video', 'title': 'This openclaw Project is INSANE (GitHub Trending)', 'description': "Showcasing openclaw - The AI that really does things. Any OS. Any Platform. The lobster way. 🦞 . This project has 390259 stars and is trending on GitHub. Let me show you why it's worth your attention.", 'format': 'showcase/review', 'duration_estimate': '5-8 minutes', 'monetization': ['adsense', 'affiliate']}, {'type': 'video', 'title': 'Build a Business with openclaw (Step by Step)', 'description': 'How to use openclaw to build something profitable. Complete walkthrough from setup to deployment.', 'format': 'tutorial', 'duration_estimate': '10-15 minutes', 'monetization': ['adsense', 'digital_product']}], 'timestamp': '2026-09-22T20:36:13.612822'}: 'AgentSwarm' object has no attribute '_generate_video'
2026-09-22 20:36:14,713 [INFO] Processing idea: superpowers
2026-09-22 20:36:14,713 [ERROR] Content production failed for {'type': 'github_repo', 'category': 'automation_ai', 'name': 'superpowers', 'full_name': 'obra/superpowers', 'url': 'https://github.com/obra/superpowers', 'description': 'An agentic skills framework & software development methodology that works.', 'stars': 290162, 'language': 'Shell', 'created_at': '2025-10-09T19:45:18Z', 'profit_potential': {'score': 4, 'reasons': ['High stars (290162)', 'Actively maintained'], 'verdict': 'MEDIUM'}, 'product_idea': [{'type': 'template', 'title': 'superpowers - Production-Ready Template', 'description': 'A polished, documented, production-ready version of superpowers with best practices, tests, and deployment config included.', 'price_suggestion': '$29-99', 'platform': 'Gumroad', 'effort_estimate': '4-8 hours'}, {'type': 'tutorial', 'title': 'How to Build superpowers: Complete Guide', 'description': 'A step-by-step video course or ebook teaching how to use and extend superpowers for real-world projects.', 'price_suggestion': '$19-49', 'platform': 'Gumroad + YouTube', 'effort_estimate': '6-12 hours'}], 'content_idea': [{'type': 'video', 'title': 'This superpowers Project is INSANE (GitHub Trending)', 'description': "Showcasing superpowers - An agentic skills framework & software development methodology that works.. This project has 290162 stars and is trending on GitHub. Let me show you why it's worth your attention.", 'format': 'showcase/review', 'duration_estimate': '5-8 minutes', 'monetization': ['adsense', 'affiliate']}, {'type': 'video', 'title': 'Build a Business with superpowers (Step by Step)', 'description': 'How to use superpowers to build something profitable. Complete walkthrough from setup to deployment.', 'format': 'tutorial', 'duration_estimate': '10-15 minutes', 'monetization': ['adsense', 'digital_product']}], 'timestamp': '2026-09-22T20:36:13.612840'}: 'AgentSwarm' object has no attribute '_generate_video'
2026-09-22 20:36:14,713 [INFO] Processing idea: hermes-agent
2026-09-22 20:36:14,713 [ERROR] Content production failed for {'type': 'github_repo', 'category': 'automation_ai', 'name': 'hermes-agent', 'full_name': 'NousResearch/hermes-agent', 'url': 'https://github.com/NousResearch/hermes-agent', 'description': 'The agent that grows with you', 'stars': 248081, 'language': 'Python', 'created_at': '2025-07-22T22:22:28Z', 'profit_potential': {'score': 4, 'reasons': ['High stars (248081)', 'Actively maintained'], 'verdict': 'MEDIUM'}, 'product_idea': [{'type': 'template', 'title': 'hermes-agent - Production-Ready Template', 'description': 'A polished, documented, production-ready version of hermes-agent with best practices, tests, and deployment config included.', 'price_suggestion': '$29-99', 'platform': 'Gumroad', 'effort_estimate': '4-8 hours'}, {'type': 'tutorial', 'title': 'How to Build hermes-agent: Complete Guide', 'description': 'A step-by-step video course or ebook teaching how to use and extend hermes-agent for real-world projects.', 'price_suggestion': '$19-49', 'platform': 'Gumroad + YouTube', 'effort_estimate': '6-12 hours'}], 'content_idea': [{'type': 'video', 'title': 'This hermes-agent Project is INSANE (GitHub Trending)', 'description': "Showcasing hermes-agent - The agent that grows with you. This project has 248081 stars and is trending on GitHub. Let me show you why it's worth your attention.", 'format': 'showcase/review', 'duration_estimate': '5-8 minutes', 'monetization': ['adsense', 'affiliate']}, {'type': 'video', 'title': 'Build a Business with hermes-agent (Step by Step)', 'description': 'How to use hermes-agent to build something profitable. Complete walkthrough from setup to deployment.', 'format': 'tutorial', 'duration_estimate': '10-15 minutes', 'monetization': ['adsense', 'digital_product']}], 'timestamp': '2026-09-22T20:36:13.612845'}: 'AgentSwarm' object has no attribute '_generate_video'
2026-09-22 20:36:14,713 [INFO] Total productions: 0
2026-09-22 20:36:14,713 [INFO] ============================================================
2026-09-22 20:36:14,713 [INFO] AGENT 4: PRODUCT CREATION
2026-09-22 20:36:14,713 [INFO] ============================================================
2026-09-22 20:36:14,713 [INFO] Creating product from: openclaw
2026-09-22 20:36:14,713 [INFO]   Product: openclaw - Production-Ready Template
2026-09-22 20:36:14,713 [INFO]   Platform: Gumroad
2026-09-22 20:36:14,713 [INFO] Creating product from: superpowers
2026-09-22 20:36:14,713 [INFO]   Product: superpowers - Production-Ready Template
2026-09-22 20:36:14,713 [INFO]   Platform: Gumroad
2026-09-22 20:36:14,713 [INFO] Created 2 products
2026-09-22 20:36:14,713 [INFO] ============================================================
2026-09-22 20:36:14,713 [INFO] AGENT 3: PUBLISHING
2026-09-22 20:36:14,713 [INFO] ============================================================
2026-09-22 20:36:14,714 [INFO] Published 0 pieces
2026-09-22 20:36:14,714 [INFO] ============================================================
2026-09-22 20:36:14,714 [INFO] AGENT 5: FINANCE TRACKING
2026-09-22 20:36:14,714 [INFO] ============================================================
2026-09-22 20:36:14,714 [INFO] Tracking revenue across platforms...
2026-09-22 20:36:14,714 [INFO]   YouTube AdSense: $0.00 (0 views)
2026-09-22 20:36:14,714 [INFO]   Gumroad Sales: $0.00 (0 sales)
2026-09-22 20:36:14,714 [INFO]   Affiliate: $0.00 (0 conversions)
2026-09-22 20:36:14,714 [INFO] Threshold check: $0.00 / $100.00 (need $100.00 more)
2026-09-22 20:36:14,714 [INFO] Total earnings tracked: $0.00
2026-09-22 20:36:14,714 [INFO] Goal: $10,000
2026-09-22 20:36:14,714 [INFO] Progress: 0.0%
2026-09-22 20:36:14,714 [INFO] ============================================================
2026-09-22 20:36:14,714 [INFO] SWARM RUN COMPLETE
2026-09-22 20:36:14,714 [INFO] ============================================================
2026-09-22 20:36:14,714 [INFO] Finished at: 2026-09-22T20:36:14.714766
